,参数名称,数据类型,顺序,栏位名称,宽度,可见,编辑,固定,控件类型,必填,主键,新增,排序,合并,查询,查询方式,默认值,格式化,验证类型,尾行统计,sortable,返回数据,数据源,fix,button,component,跳转,align,表或视图名称,字典ID,树形显示,active,添加时的默认值,修改姓名,修改日期,ID
False,Code,varchar,-27,物料编码,80,True,False,True,textbox,False,False,False,,False,True,,,,,,custom,True,,left,,,False,,V_OrderPlan1V2,5615,False,,,江科,2025-09-09 09:15:58,20442
False,MaterialName,nvarchar,-25,物料名称,150,True,False,False,textbox,False,False,False,,False,True,,,,,,custom,True,,,,,False,,V_OrderPlan1V2,5615,False,,,江科,2025-09-09 09:18:46,20443
False,LineID,bigint,-9,产线,0,True,False,True,combobox,False,False,False,,,True,,,,,,,True,拉线,,,,,,V_APS_DayPlanForActive,6688,,,,江科,2025-09-09 16:56:36,12233
False,PlanDay,datetime,-8,排产日期,80,True,False,True,el-date-picker,False,False,False,,,True,,当前日期,,,,,True,,,,,,,V_APS_DayPlanForActive,6688,,,,江科,2025-09-09 16:56:36,12248
False,OrganizeName,nvarchar,-7,制造组织,100,True,False,False,textbox,False,False,,,,True,,,,,,,True,,,,,,,V_APS_OrderBOMNoIssueQty,5121,,,,江科,2025-09-26 19:15:57,34655
False,OrderDate,datetime,-6,下单时间,90,True,False,False,datebox,False,False,,,,,,,,,,,True,,,,,,,V_APS_OrderBOMNoIssueQty,5121,,,,吴鑫鹏,2025-11-11 10:36:35,34651
False,YearMonth,varchar,-5,月份,60,True,False,True,month,False,False,,倒序,True,True,,,,,,,True,,,,,,,V_APS_Report54,19323,,,,管理员,2026-04-24 11:45:20,41239
False,LineName,nvarchar,-5,线体,100,True,False,True,textbox,False,False,False,升序,False,False,,,,,,,True,,,,,,,V_APS_DayPlanForActive,6688,,,,江科,2025-10-21 15:57:18,12262
False,ProcessGroupName,nvarchar,-5,MES工艺,80,True,False,True,textbox,False,False,True,倒序,,,,,,,,custom,True,,,,,,,V_APS_MOPlanStep4V11,9019,,,,温广燕,2026-04-27 11:01:38,18757
False,LineName,nvarchar,-5,线体,80,True,False,True,textbox,False,False,,升序,True,True,,,,,,,True,,,,,,,V_APS_ProcessPlanHistoryForWeek,28634,,,,管理员,2026-06-16 10:13:25,45763
False,LineName,nvarchar,-5,线体,70,True,False,True,textbox,False,False,,升序,True,True,,,,,,,True,,,,,,,V_APS_ProcessPlanHistoryForWeek2,28636,,,,范龙生,2026-05-26 08:56:37,45840
False,LineName,nvarchar,-5,线体,70,True,False,False,textbox,False,False,,,,,,,,,,,True,,,,,,,V_APS_OrderForPrepare2,7974,,,,温广燕,2026-05-26 10:36:10,47798
False,DefaultLineID,int,-4,生产线,90,True,True,True,combobox,False,False,,,,True,,,,,,,True,拉线,,,,,,V_APS_MOPlanStep4V11,9019,,,,温广燕,2026-04-27 11:01:38,46479
False,SourceOrderNo,varchar,-4,销售单,60,True,False,False,textbox,False,False,,,,True,,,,,,,True,,,,,,,V_APS_OrderForPrepare2,7974,,,,廖尚华,2026-05-27 08:50:02,47808
False,LineNum,varchar,-4,行号,40,True,False,False,textbox,False,False,,,,,,,,,,,True,,,,,,,V_APS_OrderBOMNoIssueQty,5121,,,,system,2025-09-24 16:48:53,34654
False,ProductCode,varchar,-3,产品编码,100,True,False,False,textbox,False,False,,,,True,,,,,,custom,True,,,,,,,V_APS_OrderBOMNoIssueQty,5121,,,,江科,2025-09-28 10:09:38,34639
False,OrderNo,varchar,-3,生产单,60,True,False,False,textbox,False,False,,,,True,,,,,,custom,True,,,,,,,V_APS_OrderForPrepare2,7974,,,,廖尚华,2026-05-27 08:50:02,25944
False,LineID,bigint,-2,生产线,100,True,True,True,combobox,False,False,,升序,False,True,,,,,,,True,拉线,,,,,,V_APS_MOPlanStep1V2,7961,,,,廖尚华,2026-05-23 10:19:00,35941
False,PCDeliveryDate,datetime,-2,要求开工,120,True,True,True,datebox,False,False,,升序,,True,小于等于,,,,,,True,,,,,,,V_APS_MOPlanStep4V11,9019,,,,温广燕,2026-04-27 11:02:29,46493
False,StartDate,datetime,-2,计划开始,100,True,False,False,datebox,False,False,,,,,,,,,,,True,,,,,,,V_APS_OrderForPrepare2,7974,,,,廖尚华,2026-05-27 08:49:25,47773
False,ErrorType,nvarchar,-2,错误类型,100,True,False,False,textbox,False,False,,,,,,,,,,,True,,,,,,,V_APS_OrderWarning,28588,,,,system,2026-03-12 11:34:05,43673
False,ProductName,nvarchar,-2,物料名称,150,True,False,False,textbox,False,False,,,,True,,,,,,custom,True,,,,,,,V_APS_OrderBOMNoIssueQty,5121,,,,system,2025-09-24 16:48:53,34640
False,ViewSort,int,-1,顺序,50,True,True,True,numberbox,False,False,,升序,,,,,,,,,True,,,,,,,V_APS_MOPlanStep1V2,7961,,,,管理员,2026-06-16 13:28:21,35940
False,LevelPath,varchar,-1,层级,120,True,False,True,textbox,False,False,,升序,,,,,,,,,True,,,,,,,V_APS_MaterialBOM,1185,,,,管理员,2026-03-02 11:53:31,39957
False,MinStartDate,datetime,-1,最早需求,100,True,False,True,datebox,False,False,,升序,,True,,,,,,,True,,,,,,,V_APS_PrepareView2,7792,,,,管理员,2026-01-23 08:35:50,29220
False,SourceOrderNo,varchar,-1,销售订单,100,True,False,False,textbox,False,False,,,,True,,,,,,,True,,,,,,,V_APS_OrderForToDo,5139,,,,吴鑫鹏,2025-11-07 11:39:03,25833
False,OrganizeID,int,-1,生产线,100,True,True,False,combobox,False,False,True,,,False,,,,,,custom,True,拉线,,,,,,APS_Machine,90,,,,廖尚华,2025-12-06 16:19:01,1384
False,ParentName,nvarchar,-1,上级组织,100,True,False,False,textbox,False,False,,倒序,True,,,,,,,,True,,,,,,,V_Dev_OrganizeProcess,26492,,,,江科,2025-09-27 14:20:54,35110
False,OrderBOMCount,int,-1,工单组件,80,True,False,False,numberbox,False,False,,,,,,,,,,,True,,,,,,,V_APS_OrderWarning,28588,,,,system,2026-03-12 11:34:05,43676
False,T,int,-1,T+,80,True,False,False,combobox,False,False,,升序,,True,小于等于,,,,,,True,15和30,,,,,,V_APS_Report32,7909,,,,江老师,2026-03-10 10:59:46,43018
False,EndDate,datetime,-1,结束日期,100,True,False,False,datebox,False,False,,,,,,,,,,,True,,,,,,,V_APS_OrderForPrepare2,7974,,,,廖尚华,2026-05-27 08:49:25,47774
False,RowNum,bigint,-1,顺序,80,True,False,False,numberbox,False,False,,升序,,,,,,,,,True,,,,,,,V_APS_Report44,19334,,,,温广燕,2026-05-18 18:02:37,47402
False,SystemViewSort,int,0,顺序,50,True,False,True,numberbox,False,False,,升序,False,,,,,,,,True,,,,,,,V_APS_ProcessPlanHistoryForWeek2,28636,,,,管理员,2026-06-16 10:03:51,47768
False,PlanStartDate,datetime,0,要求齐料日期,110,True,True,True,datebox,True,False,,升序,,,,,,,,,True,,,,,,,V_APS_MaterialForecast,8978,,,,管理员,2026-04-28 11:01:22,46018
False,YearMonth,varchar,0,月份,60,True,False,True,month,False,False,,倒序,True,True,,,,,,,True,,,,,,,V_APS_Report55,19324,,,,范龙生,2026-04-27 08:48:38,46319
False,YearMonth,varchar,0,月份,60,True,False,True,month,False,False,,倒序,True,True,,,,,,,True,,,,,,,V_APS_PrepareView3,7791,,,,范龙生,2026-04-27 08:49:00,46341
False,RowNum,bigint,0,No,40,True,False,True,numberbox,False,False,,升序,False,,,,,,,,True,,,,,,,V_APS_Report17,7843,,,,管理员,2026-04-25 12:11:44,45609
False,SystemViewSort,int,0,顺序,50,True,False,True,numberbox,False,False,,升序,,,,,,,,,True,,,,,,,V_APS_MOPlanStep1V9,9014,,,,范龙生,2026-04-13 10:56:10,45124
False,RowNum,bigint,0,顺序,50,True,False,True,numberbox,False,False,,升序,,True,,,,,,,True,,,,,,,V_APS_Report1,7842,,,,管理员,2026-04-22 10:23:46,45345
False,LineID,bigint,0,生产线,90,True,True,True,combobox,False,False,,升序,,True,,,,,,,True,拉线,,,,,,V_APS_MOPlanStep1V9,9014,,,,管理员,2026-04-13 13:07:01,44758
False,LineID,bigint,0,生产线,100,True,True,True,combobox,False,False,,升序,,True,,,,,,,True,拉线,,,,,,V_APS_MOPlanStep2V1,7943,,,,system,2026-03-31 16:50:16,44809
False,OrderNo,varchar,0,工单号,70,True,False,True,textbox,False,False,,,,True,,,,,,,True,,,,,,,V_APS_MOPlanStep1V2,7961,,,,廖尚华,2026-05-26 12:05:49,35944
False,LineName,nvarchar,0,生产线,60,True,False,True,textbox,False,False,,升序,True,True,,,,,,,True,,,,,,,V_APS_MOPlanStep4V9,9016,,,,吴鑫鹏,2025-11-07 15:50:45,36031
False,SplitDate,datetime,0,拆单时间,90,True,False,True,datebox,False,False,,倒序,True,True,,,{0:yyyy-MM-dd},,,,True,,,,,,,V_APS_OrderSplitLog,16234,,,,江科,2025-10-22 14:30:31,36226
False,Extend10,nvarchar,0,属性,50,True,False,True,textbox,False,False,,升序,,True,,,,,,custom,True,,,,,,,V_APS_MaterialBalancePlan,27524,,,,system,2025-11-05 15:40:59,38487
False,SupplierGroup,nvarchar,0,分组,70,True,False,True,textbox,False,False,,,,,,,,,,,True,,,,,,,Dev_Supplier,1198,,,,管理员,2025-12-25 11:18:31,39232
False,OrderDate,datetime,0,单据日期,80,True,False,True,datebox,False,False,,倒序,True,True,,,,,,,True,,,,,,,V_APS_SalesOutStock,24409,,,,范龙生,2026-04-15 15:56:26,41542
False,SlpName,nvarchar,0,采购员,65,True,False,True,combobox,False,False,,,,True,模糊匹配,,,,,,True,采购订单采购员,,,,,,V_APS_Report3,7841,,,,廖尚华,2026-05-13 19:52:11,41880
False,Code,nvarchar,0,产品编码,95,True,False,True,textbox,True,False,True,升序,False,True,,,,,,,True,,,,,,,V_APS_ProcessMaterial,15,False,,,温广燕,2026-03-10 09:23:20,1683
False,OrderNo,varchar,0,生产单号,110,True,False,True,textbox,False,False,False,,,True,精确匹配,,,,,,True,,,,,,,V_APS_DayPlanForActive,6688,,,,江科,2025-09-09 16:56:36,12251
False,Code,varchar,0,产品编号,80,True,False,True,textbox,False,False,,升序,,True,,,,,,custom,True,,,,,,,V_APS_Report20,7921,,,,管理员,2026-04-13 11:11:21,26009
False,OrderDate,datetime,0,接单时间,90,True,False,True,datebox,False,False,,倒序,,True,范围,,{0:yyyy-MM-dd},,,,True,,,,,,,V_APS_OrderForToDo,5139,,,,江科,2025-09-22 15:52:43,25785
False,WorkShopName,nvarchar,0,车间,100,True,False,True,textbox,False,False,,升序,True,True,,,,,,custom,True,,,,,,,V_APS_OrganizeWorkingPlan,17274,,,,管理员,2025-11-19 08:21:05,26616
False,OrderDate,datetime,0,下单日期,80,True,False,True,datebox,False,False,True,倒序,True,True,范围,,{0:yyyy-MM-dd},,,custom,True,,,,,,,V_APS_OrderInfo,13,,,,管理员,2026-01-21 19:34:08,27521
False,MasterCode,varchar,0,产品编码,80,True,False,True,textbox,False,False,,升序,,True,模糊匹配,,,,,,True,,,,,,,V_APS_MaterialBOM,1185,,,,管理员,2026-04-14 10:50:54,30008
False,LineName,nvarchar,0,产线,60,True,False,True,textbox,False,False,False,,True,True,,,,,,custom,True,,,,,,,V_APS_MOPlanStep4,6734,,,,管理员,2026-06-12 12:40:50,13807
False,PlanDay,datetime,0,排产日期,80,True,False,True,el-date-picker,False,False,,升序,True,True,,当前日期,{0:yyyy-MM-dd},,,,True,,,,,,,V_APS_Report10,7833,,,,管理员,2026-05-06 12:56:36,23816
False,OrderDate,datetime,0,下单日期,80,True,True,False,datebox,False,False,True,,,False,,,,,,,True,,,,,,,V_APS_OrderRework,17254,,,,温广燕,2026-03-10 13:18:17,24108
False,ObjectID,nvarchar,0,页面ID,100,True,True,False,textbox,True,False,True,升序,,True,模糊匹配,,,,,custom,True,,,,,,,Dev_ColorConfig,127,,,,管理员,2026-06-16 11:40:08,21830
False,RoleName,nvarchar,0,角色名,150,True,False,False,textbox,False,False,False,升序,True,True,,,,,,custom,True,,,,,,,V_Dev_AccountRole,10137,,,,江科,2025-10-21 10:20:13,19174
False,CustomerGroup,nvarchar,0,分组,80,True,False,False,textbox,False,False,,,,,,,,,,custom,True,,,,,,,V_Dev_Customer,11139,,,,管理员,2025-12-25 11:27:01,21155
False,CreatedOn,datetime,0,记录日期,100,True,False,False,datebox,False,False,,,,True,,,,,,custom,True,,,,,,,V_APS_OrderPlanChange,7970,,,,范龙生,2026-05-12 12:27:11,21400
False,Code,varchar,0,物料编码,90,True,False,False,textbox,False,False,False,,,True,,,,,,custom,True,,,,,,,V_APS_OrderPlanMaterialFormAnther1,9002,,,,江科,2025-09-09 09:15:58,18249
False,CreatedOn,datetime,0,单据日期,80,True,False,False,datebox,False,False,,倒序,True,,,,,,,custom,True,,,,,,,V_APS_Report49,19329,,,,管理员,2025-12-25 15:46:41,31298
False,Remark1,nvarchar,0,排名,80,True,False,False,,False,False,,,,,,,,,,,True,,,,seqColumn,,,V_APS_PrepareView11,7849,,,,温广燕,2026-02-04 16:36:29,29565
False,PlanStartDate,datetime,0,日期,100,True,False,False,datebox,False,False,,升序,,True,范围,,,,,,True,,,,,,,V_APS_OrderForFormRate3,19297,,,,温广燕,2026-02-03 10:24:10,29044
False,Code,varchar,0,物料编码,150,True,False,False,textbox,False,False,False,,False,False,,,,,,custom,True,,,,,,,V_PWS_WJProcessMaterial,5605,False,,,江科,2025-09-09 09:15:58,9952
False,CreatedOn,datetime,0,导入时间,130,True,False,False,,False,False,False,倒序,,True,,,,,,custom,True,,,,,,,V_APS_ProcessMaterialError,5126,,,,江老师,2026-03-06 08:14:10,7662
False,StartDate,datetime,0,计划日期,90,True,False,False,datebox,False,False,False,,True,False,,,,,,,True,,,,,,,V_APS_OrderPlanMaterialForm,5165,False,,,管理员,2026-01-23 13:23:29,9089
False,MaterialName,nvarchar,0,物料名称,150,True,True,False,textbox,False,False,True,,,False,,,,,,custom,True,,,,,,,V_MES_OrderOutputByDetail,85,False,,,江科,2025-09-09 09:18:44,2398
False,OrganizeID,int,0,所属组织,260,True,True,False,combobox,False,False,True,,,True,,,,,,custom,True,全部组织,,,,,,V_Dev_Account,3007,,,,管理员,2026-01-21 09:50:30,3837
False,CreatedOn,datetime,0,过账日期,80,True,False,False,datebox,False,False,False,倒序,True,True,,,,,,custom,True,,,,,,,V_APS_OrderPicking,3010,,,,管理员,2026-01-19 14:57:22,3950
False,MaterialType,nvarchar,0,物料组,65,True,False,False,textbox,False,False,,,,,,,,,,,True,,,,,,,V_APS_MaterialOrg,25481,,,,管理员,2026-01-26 11:29:00,41858
False,ButtonRow,varchar,0,操作,90,True,False,False,textbox,False,False,,,,,,,,,,,True,,,"[{""name"":""评估详情"",""methods"":""orderReplyInRow"",""type"":""primary"",""condition"":(row)=>row.Status===1}]",,,,V_APS_Report44,19334,,,,温广燕,2026-05-18 18:05:10,41780
False,isChecked,bit,0,,80,True,True,False,checkbox,False,False,,倒序,,,,,,,,,True,,,,,,,V_APS_ProcessPositionMap,27570,,,,温广燕,2026-03-06 09:43:30,41380
False,PositionAttribute,nvarchar,0,属性,100,True,False,False,textbox,False,False,,,,,,,,,,,True,,,,,,,Dev_Position,39,,,,温广燕,2026-01-12 15:27:37,40771
False,OrganizeName,nvarchar,0,组织,100,True,False,False,textbox,False,False,,,,,,,,,,,True,,,,,,,V_APS_MaterialBalancePlan,27524,,,,江科,2025-11-08 11:53:30,38521
False,OrganizeName,nvarchar,0,组织,100,True,False,False,textbox,False,False,,,,,,,,,,,True,,,,,,,V_APS_SalesPlanMaterial,6681,,,,吴鑫鹏,2025-11-12 14:57:02,39069
False,OrderType,varchar,0,订单类型,100,True,False,False,textbox,False,False,,,,,,,,,,,True,,,,,,,V_APS_SalesPlanMaterial,6681,,,,吴鑫鹏,2025-11-12 14:57:57,39084
False,OrderYearMonth,nvarchar,0,月份,100,True,False,False,textbox,False,False,,倒序,True,,,,,,,,True,,,,,,,V_APS_SalesOrderDetailDelivery,26509,,,,江科,2025-11-06 09:59:53,37166
False,OrganizeTypeName,nvarchar,0,级别,100,True,False,False,textbox,False,False,,,,,,,,,,,True,,,,,,,V_Dev_OrganizeProcess,26492,,,,江科,2025-09-27 14:20:54,35730
False,OrderDate,datetime,0,下单时间,90,True,False,False,datebox,False,False,,,,,,,{0:yyyy-MM-dd},,,,True,,,,,,,V_APS_SalesOrderDeliveryReplyInfo,26495,,,,江科,2025-10-21 15:53:23,35241
False,Qty,decimal,0,工单数,80,True,False,False,numberbox,False,False,,,,False,,,{0:G0},,,custom,True,,,,,,,V_APS_OrderBOMNoIssueQty,5121,,,,system,2025-09-24 16:48:53,34638
False,ParentCode,varchar,0,上级编码,100,True,True,False,combobox,False,False,,升序,,True,,,,,,,True,所有菜单,,,,,,V_APS_Report51,19326,,,,陈坤和,2026-02-05 09:34:59,34369
False,isChecked,bit,0,,80,True,False,False,checkbox,False,False,,倒序,,,,,,,,,True,,,,,,,V_ProcessOrganizeMap,26489,,,,温广燕,2025-09-23 10:36:23,34463
False,ViewSort,int,0,顺序,50,True,False,False,numberbox,False,False,,升序,False,,,,,,,,True,,,,,,,V_APS_Report36,11153,,,,管理员,2026-04-13 14:45:02,45117
False,Code,varchar,0,物料编码,100,True,True,False,textbox,False,False,,,,,,,,,,,True,,,,,,,APS_ProcessPartMaterial,28594,,,,system,2026-03-14 16:32:12,44159
False,Code,varchar,0,物料编码,80,True,False,False,textbox,False,False,,升序,True,True,,,,,,,True,,,,,,,V_APS_ProcessPartMaterial,28593,,,,江老师,2026-03-18 10:11:40,44198
False,Code,varchar,0,物料编码,80,True,True,False,textbox,False,False,,升序,,True,,,,,,,True,,,,,,,APS_ProcessPartMaterialImport,28596,,,,江老师,2026-03-17 14:36:42,44227
False,Code,varchar,0,物料编码,100,True,False,False,textbox,False,False,,升序,True,True,,,,,,,True,,,,,,,V_APS_ProcessPartMaterial2,28595,,,,管理员,2026-04-24 13:29:44,44252
False,Priority,int,0,序号,60,True,False,False,numberbox,False,False,,,,,,,,,,,True,,,,,,,V_PWS_ProcessMaterial,5096,,,,范龙生,2026-03-17 12:08:31,44507
False,T,int,0,T+,70,True,False,False,combobox,False,False,,,,True,小于等于,,,,,,True,15和30,,,,,,V_APS_Report21,7919,,,,江老师,2026-03-10 09:58:41,42999
False,SalesOrderNo,varchar,0,销售订单,80,True,False,False,textbox,False,False,,升序,,True,,,,,,,True,,,,,,,V_APS_Report32,7909,,,,范龙生,2026-03-09 15:45:58,43009
False,CalculationResult,nvarchar,0,结论,50,True,False,False,textbox,False,False,,,,True,,,,,,,True,,,,,,,V_APS_PrepareView26,7976,,,,江老师,2026-03-10 11:03:31,42733
False,MaterialBOMCount,int,0,物料BOM,80,True,False,False,numberbox,False,False,,,,,,,,,,,True,,,,,,,V_APS_OrderWarning,28588,,,,system,2026-03-12 11:34:05,43677
False,CalculationResult,nvarchar,0,结论,50,True,False,False,textbox,False,False,,,,,,,,,,,True,,,,,,,V_APS_Report33,7907,,,,system,2026-03-09 16:11:41,43047
False,DeliveryYM,nvarchar,0,月份,80,True,False,False,textbox,False,False,,倒序,True,True,,,,,,,True,,,,,,,V_APS_Report47,19331,,,,管理员,2026-04-24 15:52:23,46239
False,OrderDate,datetime,0,单据日期,80,True,False,False,datebox,False,False,,倒序,True,True,,,,,,,True,,,,,,,V_APS_Report38,11151,,,,管理员,2026-05-05 18:02:02,46832
False,RouteNameAlIS,nvarchar,0,制程名称,100,True,False,False,textbox,False,False,,,,,,,,,,,True,,,,,,,V_APS_OrderForPrepare2,7974,,,,廖尚华,2026-05-27 08:48:53,47809
False,StartDate,datetime,0,计划开始,110,True,False,False,datebox,False,False,,,,True,,,,,,,True,,,,,,,V_APS_ProcessPlanHistoryForWeek3,28646,,,,廖尚华,2026-06-04 20:34:28,48218
False,YearMonth,nvarchar,1,月份,100,True,False,True,month,False,False,,倒序,True,True,,,,,,,True,,,,,,,V_APS_SchedulingForERP,122,,,,管理员,2026-05-05 17:49:52,43814
False,YearMonth,nvarchar,1,月份,80,True,False,True,month,False,False,,倒序,True,True,,,,,,,True,,,,,,,V_APS_SchedulingOutByOrder,73,,,,管理员,2026-05-05 17:50:10,43819
False,YearMonth,varchar,1,月份,80,True,True,True,textbox,True,False,True,,,True,,,,,,,True,,,,,,,V_APS_SalesOrderDetailDeliverFreeze,24395,,,,江老师,2026-03-13 08:37:41,44032
False,OrganizeID,int,1,线别,80,True,True,True,combobox,False,False,True,,,True,,,,,,,True,拉线,,,,,,V_Dev_PositionExamRecord,28584,,,,江老师,2026-03-09 16:03:04,42856
False,ProductionDate,datetime,1,生产日期,50,True,False,True,datebox,False,False,,倒序,True,True,,当前日期,{0:MM-dd},,,,True,,,,,,,V_APS_ProductionReportMt,28573,,,,廖尚华,2026-05-23 13:46:44,42427
False,Code,varchar,1,物料编码,80,True,False,True,textbox,False,False,,,,True,,,,,,,True,,,,,,,V_APS_MaterialForecastBom,28597,,,,温广燕,2026-05-20 08:38:57,44416
False,Year,varchar,1,年份,60,True,False,True,year,False,False,,,,True,,年,,,,,True,,,,,,,V_APS_SalesOrderDetailPlanLine,12192,,,,温广燕,2026-05-29 10:38:29,44090
False,ViewSort,int,1,序号,50,True,True,True,numberbox,False,False,,升序,,,,,,,,,True,,,,,,,V_APS_MOPlanStep2V1,7943,,,,system,2026-03-31 16:50:16,44808
False,ViewSort,int,1,插单,50,True,True,True,numberbox,False,False,,升序,,,,,,,,,True,,,,,,,V_APS_MOPlanStep1V9,9014,,,,范龙生,2026-04-13 10:52:13,44757
False,ViewSort,int,1,顺序,50,True,False,True,numberbox,False,False,,升序,True,True,,,,,,,True,,,,,,,V_APS_MaterialForecastForm,28598,,,,管理员,2026-04-13 15:09:09,44731
False,Code,nvarchar,1,物料编码,100,True,False,True,textbox,True,False,,升序,,True,,,,,,,True,,,,,,,V_APS_ProcessScheduling,6659,,,,system,2025-09-10 19:37:31,34219
False,ProcessName,nvarchar,1,工序,60,True,False,True,textbox,False,False,,倒序,,True,,,,,,,True,,,,,,,V_APS_MOPlanStep1V2,7961,,,,管理员,2026-04-28 19:11:32,35949
False,ProcessName,nvarchar,1,工序,120,True,False,True,textbox,False,False,,升序,,,,,,,,,True,,,,,,,V_APS_MOPlanStep4V9,9016,,,,廖尚华,2026-03-18 16:21:29,35999
False,PlanDay,datetime,1,排产日期,110,True,False,True,datebox,False,False,,,,True,,当前日期,,,,,True,,,,,,,V_APS_Report19,7920,,,,廖尚华,2026-01-16 10:32:46,36612
False,DepartmentName,nvarchar,1,组织名称,100,True,False,True,textbox,False,False,,,True,True,,,,,,,True,,,,,,,V_APS_UserOnlineCount,24366,,,,管理员,2026-06-12 12:46:07,38398
False,MaterialName,nvarchar,1,物料名称,100,True,False,True,textbox,False,False,,,,True,,,,,,,True,,,,,,,V_APS_ProcessMaterial,15,,,,江老师,2026-03-06 08:12:40,40738
False,TotalPriceRank,bigint,1,排名,60,True,False,True,numberbox,False,False,,升序,,,,,,,,,True,,,,,,,V_APS_PrepareView6,7788,,,,江老师,2026-03-03 10:23:50,42185
False,ApplyDate,datetime,1,申请日期,80,True,False,True,datebox,False,False,,倒序,True,True,,,{0:yyyy-MM-dd},,,,True,,,,,,,APS_ProductCheck_JDY,27536,,,,管理员,2025-12-24 08:25:50,39335
False,SupplierType,nvarchar,1,类别,50,True,False,True,textbox,False,False,,,,,,,,,,,True,,,,,,,Dev_Supplier,1198,,,,管理员,2025-12-25 11:18:31,39231
False,Workshop,nvarchar,1,车间,50,True,False,True,textbox,False,False,,倒序,True,True,,,,,,,True,,,,,,,APS_ToolingRegister_JDY,27556,,,,管理员,2026-04-29 10:40:08,39803
False,CreatedOn,datetime,1,创建时间,140,True,False,True,,False,False,,,,True,,,,,,,True,,,,,,,V_APS_ManualForecastDetail,24402,,,,管理员,2025-12-31 11:45:05,39815
False,Code,nvarchar,1,物料编码,100,True,False,True,textbox,True,False,False,升序,,True,,,,,,,True,,,,,,,V_APS_MaterialForSpecial,5055,False,,,江科,2025-09-09 09:17:09,5950
False,ObjectName,varchar,1,对象名称,140,True,True,True,textbox,False,False,True,,,True,模糊匹配,,,,,,True,,,,,,,Dev_Dictionary,33,,,,温广燕,2026-04-25 10:48:18,332
False,DataSourceID,varchar,1,数据源,100,True,True,True,textbox,False,True,True,,,True,精确匹配,,,,,custom,True,,,,,,,Dev_DataSource,45,,,,江科,2025-10-16 20:28:13,566
False,ParameterName,varchar,1,参数名称,120,True,False,True,textbox,False,False,False,,,True,模糊匹配,,,,,custom,True,,left,,,,,V_DictionaryField,35,False,,,温广燕,2025-09-24 17:02:42,723
False,OweDay,datetime,1,要求齐料,80,True,False,True,datebox,False,False,,升序,False,True,,,,,,,True,,,,,,,V_APS_OrderPlanMaterialFormByItem1,18289,,,,管理员,2026-04-28 16:26:17,28583
False,Code,varchar,1,物料编码,80,True,False,True,textbox,False,False,,,,True,,,,,,,True,,,,,,,V_APS_PrepareView26,7976,,,,江老师,2026-03-04 15:27:42,30198
False,PlanStartDate,datetime,1,要求齐料,110,True,True,True,datebox,False,False,,,,False,,,,,,,True,,,,,,,V_APS_Report1,7842,,,,廖尚华,2026-06-03 09:38:45,27694
False,WorkShopName,nvarchar,1,车间,100,True,False,True,textbox,False,False,,,True,,,,,,,custom,True,,,,,,,V_APS_OrganizeWorkingTimesDetail,97,,,,管理员,2025-11-26 13:17:58,25141
False,WorkOrderTypeName,nvarchar,1,单据类型,105,True,False,True,textbox,False,False,,,,True,模糊匹配,,,,,,True,,,,,,,V_APS_OrderForToDo,5139,,,,江科,2025-09-22 15:52:43,25900
False,Code,varchar,1,物料编码,80,True,False,True,textbox,False,False,,,,True,,,,,,,True,,,,,,,V_APS_Report33,7907,,,,江科,2025-09-09 16:57:02,16915
False,SourceOrderNo,varchar,1,销售订单,80,True,False,True,textbox,False,False,False,,False,True,模糊匹配,,,,,custom,True,,,,,,,V_APS_PrepareView4,7790,,,,管理员,2026-06-16 13:39:44,14160
False,SourceOrderNo,varchar,1,销售单,60,True,False,True,textbox,False,False,False,,False,True,,,,,,custom,True,,,,,False,,V_APS_Report17,7843,False,,,廖尚华,2026-05-22 11:39:22,14968
False,Code,nvarchar,1,物料编码,100,True,False,True,textbox,True,False,,升序,,True,,,,,,,True,,,,,,,V_APS_SchedulingSpecial,125,,,,江科,2025-09-10 11:13:45,21467
False,LineName,nvarchar,1,产线,100,True,False,True,textbox,False,False,,升序,,False,模糊匹配,,,,,custom,True,,,,,,,V_APS_Report10,7833,,,,管理员,2026-05-06 12:56:36,23827
False,ProductionDate,datetime,1,报工日期,75,True,False,False,datebox,False,False,,倒序,True,True,,,,,,custom,True,,,,,,,V_APS_Report29,7912,,,,廖尚华,2026-05-23 13:45:10,24304
False,AttendanceDate,datetime,1,日期,110,True,False,False,datebox,False,False,,倒序,True,True,,当前日期范围,{0:yyyy-MM-dd},,,,True,,,,,,,V_APS_LineAttendanceDetail,10118,,,,管理员,2026-05-09 20:21:56,21617
False,Code,varchar,1,物料编码,105,True,False,False,textbox,False,False,,,,True,,,,,,custom,True,,,,,,,V_APS_OrderPlanMaterialFormBySummary,9007,,,,江科,2025-09-09 09:15:58,23623
False,Name,nvarchar,1,姓名,150,True,False,False,textbox,False,False,False,,,True,,,,,,custom,True,,,,,,,V_Dev_AccountRole,10137,,,,江科,2025-10-21 10:17:04,19146
False,ParentCode,varchar,1,上级编码,80,True,False,False,textbox,False,False,,,,True,精确匹配,,,,,custom,True,,,,,,,V_APS_MaterialBOM,1185,,,,江老师,2026-03-10 14:52:27,21123
False,Code,varchar,1,物料编码,95,True,False,False,textbox,False,False,False,升序,,True,模糊匹配,,,,,custom,True,,,,,,,V_APS_PrepareView25,7861,,,,江老师,2026-03-04 10:47:39,14481
False,MaterialName,nvarchar,1,物料名称,130,True,False,False,textbox,False,False,False,,,True,,,,,,custom,True,,,,,,,V_APS_OrderPlanMaterialFormAnther1,9002,,,,江科,2025-09-09 09:18:46,18251
False,Code,varchar,1,货品编码,80,True,False,False,textbox,False,False,,,,True,,,,,,custom,True,,,,,,,V_APS_OrderForPrepare2,7974,,,,廖尚华,2026-05-27 08:50:02,25939
False,DataSource,nvarchar,1,数据来源,60,True,False,False,textbox,False,False,,,,True,,,,,,custom,True,,,,,,,V_APS_Report35,11154,,,,温广燕,2025-11-03 10:49:51,26153
False,code,varchar,1,物料编码,80,True,False,False,textbox,False,False,,升序,,True,,,,,,custom,True,,,,,,,V_APS_MaterialSupplierALL,17265,,,,江科,2025-09-09 09:15:58,26324
False,OrderNo,varchar,1,生产单号,80,True,False,False,textbox,False,False,True,,,True,,,,,,,True,,,,,,,V_APS_OrderForm,15199,,,,江老师,2026-03-03 13:29:30,25303
False,Code,varchar,1,物料编码,90,True,False,False,textbox,False,False,,,,True,,,,,,,True,,,,,,,V_APS_OrderPlanMaterialFormBySummary4,18284,,,,江科,2025-09-09 09:15:58,27902
False,SourceOrderNo,varchar,1,销售订单,80,True,False,False,textbox,False,False,True,倒序,False,,,,,,,custom,True,,,,,,,V_APS_OrderInfo,13,,,,江老师,2026-03-03 14:02:32,27567
False,DeliveryDate,datetime,1,订单交期,90,True,False,False,datebox,False,False,False,升序,,True,,,{0:yyyy-MM-dd},,,,True,,,,,,,V_APS_Report21,7919,,,,江老师,2026-03-10 09:58:41,28388
False,LastOweDate,datetime,1,最早缺料,100,True,False,False,datebox,False,False,,升序,,,,,,,,custom,True,,,,,,,V_APS_DeliveryData2,17277,,,,温广燕,2026-06-01 14:25:05,26646
False,ButtonMenuMapID,int,1,按钮关系ID,80,True,False,False,numberbox,False,True,True,,,,精确匹配,,,,,,True,,,,,,,V_APS_Report58,19320,,,,吴鑫鹏,2025-10-28 10:59:53,33749
False,ERPEndDate,datetime,1,日期,110,True,False,False,el-date-picker,False,False,,升序,,True,,,,,,,True,,,,,,,V_APS_PrepareView10,7853,,,,管理员,2026-06-16 13:49:44,29147
False,ERPEndDate,datetime,1,日期,110,True,False,False,datebox,False,False,,升序,,True,,,,,,,True,,,,,,,V_APS_PrepareView8,7851,,,,管理员,2026-06-16 13:47:06,29148
False,ERPEndDate,datetime,1,日期,110,True,False,False,el-date-picker,False,False,,,,True,,,,,,,True,,,,,,,V_APS_PrepareView9,7852,,,,管理员,2026-06-16 13:46:28,29149
False,RoleID,varchar,1,代码,100,True,True,False,textbox,False,True,True,,,,精确匹配,,,,,custom,True,,,,,,,Dev_Role,40,,,,江科,2025-10-15 16:15:54,582
False,Code,varchar,1,物料编码,130,True,True,False,textbox,False,False,True,,,True,模糊匹配,,,,,custom,True,,,,,,,APS_Material,12,,,,江科,2025-09-09 09:15:58,27
False,PositionName,nvarchar,1,岗位名称,90,True,False,False,textbox,True,False,True,,,False,,,,,,custom,True,,,,,,,Dev_Position,39,,,,温广燕,2026-01-12 15:27:37,419
False,MaterialName,nvarchar,1,物料名称,150,True,False,False,textbox,False,False,False,,,False,,,,,,custom,True,,,,,,,V_MES_OrderOutputByOrderForIn,163,,,,江科,2025-09-09 09:18:46,2775
False,MaterialName,nvarchar,1,物料名称,150,True,False,False,textbox,False,False,False,,,False,,,,,,custom,True,,,,,,,V_MES_OrderOutputByOrderForStock,164,,,,江科,2025-09-09 09:18:46,2795
False,ProcessGroupID,varchar,1,工艺编码,150,True,False,False,textbox,False,True,False,,,False,精确匹配,,,,,,True,,,,,,,APS_ProcessGroup,1175,,,,管理员,2025-11-18 11:50:53,3012
False,Code,varchar,1,物料编码,150,True,True,False,textbox,False,False,True,,,,,,,,,custom,True,,,,,,,V_APS_MaterialForDown,5049,,,,江科,2025-09-09 09:15:58,5842
False,Code,varchar,1,物料编码,150,True,True,False,textbox,False,False,True,,,,,,,,,custom,True,,,,,,,Import_Material_BomDB,5045,,,,江科,2025-09-09 09:15:58,5698
False,Code,varchar,1,物料编码,150,True,True,False,textbox,False,False,True,,,,,,,,,custom,True,,,,,,,Import_MaterialDB,5041,,,,江科,2025-09-09 09:15:58,5710
False,Code,varchar,1,物料编码,150,True,True,False,textbox,False,False,True,,,,,,,,,custom,True,,,,,,,Import_StockDB,5046,,,,江科,2025-09-09 09:15:58,5747
False,Code,varchar,1,物料编码,150,True,True,False,textbox,False,False,True,,,,,,,,,custom,True,,,,,,,Import_StockHistory,5010,,,,江科,2025-09-09 09:15:58,4547
False,Code,varchar,1,物料编码,150,True,True,False,textbox,False,False,True,,,False,,,,,,custom,True,,,,,,,Import_Material,5011,,,,江科,2025-09-09 09:15:58,4564
False,Code,varchar,1,物料编码,150,True,True,False,textbox,False,False,True,,,,,,,,,custom,True,,,,,,,V_APS_UserWorkingTimes,5034,,,,江科,2025-09-09 09:15:58,4915
False,Code,varchar,1,物料编码,150,True,True,False,textbox,True,False,True,,,True,,,,,,custom,True,,,,,,,Import_Stock,5005,,,,江科,2025-09-09 09:15:58,4452
False,ProcessPriority,int,1,顺序,50,True,True,False,numberbox,True,False,True,升序,,,,,,,,,True,,,,,,,V_APS_ProcessGroupInfo,1186,,,,管理员,2025-11-21 15:51:29,3260
False,Account,varchar,1,账号,90,True,True,False,textbox,False,True,True,,,True,精确匹配,,,,,custom,True,,,,,,,V_Dev_Account,3007,,,,江科,2025-09-11 13:35:49,3831
False,OrderNo,varchar,1,生产单号,80,True,True,False,textbox,False,False,False,,True,True,,,,,,,True,,,,,False,,V_APS_OrderPlanMaterialForm,5165,False,,,温广燕,2026-06-16 11:03:09,9071
False,ProductCode,varchar,1,产品编码,150,True,True,False,textbox,False,False,True,,,True,,,,,,custom,True,,,,,,,V_APS_OrderInputOutput,5122,False,,,江科,2025-09-28 10:09:38,7605
False,Code,varchar,1,物料编码,150,True,True,False,textbox,False,False,True,,,,,,,,,custom,True,,,,,,,V_MES_OrderOutputPersonsNoAudit,5117,,,,江科,2025-09-09 09:15:58,7508
False,Code,varchar,1,物料编码,100,True,False,False,textbox,False,False,True,,,True,,,,,,custom,True,,,,,,,V_APS_OrderBOMNoIssueQty,5121,False,,,江科,2025-09-09 09:15:59,7586
False,OrderNo,varchar,1,生产单号,100,True,False,False,textbox,False,False,False,,False,False,,,,,,custom,True,,,,,,,V_APS_OrderProcess,5074,False,,,吴鑫鹏,2025-10-10 10:46:24,6552
False,Code,varchar,1,物料编码,150,True,True,False,textbox,False,False,True,,,False,,,,,,custom,True,,,,,,,V_APS_SchedulingForOutput,5048,False,,,江科,2025-09-09 09:15:58,6603
False,ProcessPriceID,bigint,1,,80,True,False,False,numberbox,False,True,False,,,,精确匹配,,,查看金额,,custom,True,,,,,,,PWS_ProcessPrice,5094,,,,管理员,2026-01-27 23:30:06,6971
False,Code,varchar,1,物料编码,150,True,True,False,textbox,False,False,True,,,False,,,,,,custom,True,,,,,,,V_MES_OrderOutputPersonsNoScheduling,5116,False,,,江科,2025-09-09 09:15:58,7462
False,DocNo,varchar,1,发料单号,80,True,False,False,textbox,False,False,False,倒序,True,True,,,,,,custom,True,,,,,,,V_APS_OrderPicking,3010,,,,管理员,2026-01-19 14:57:36,10312
False,ProductCode,varchar,1,产品编码,150,True,True,False,textbox,False,False,True,,False,True,,,,,,custom,True,,,,,False,,APS_GoodsPlanPre,5613,False,,,江科,2025-09-28 10:09:38,10432
False,CustomerType,nvarchar,1,类别,60,True,False,False,textbox,False,False,,,,,,,,,,,True,,,,,,,V_Dev_Customer,11139,,,,管理员,2025-12-25 11:27:58,39228
False,FName,varchar,1,字段名称,80,True,True,False,textbox,False,False,,升序,,True,模糊匹配,,,,,custom,True,,,,,,,APS_InterfaceSAPOutputField,9033,,,,廖尚华,2025-11-28 14:43:17,39174
False,ID,int,1,ID,80,True,False,False,numberbox,False,True,,,,,精确匹配,,,,,,True,,,,,,,APS_QualityAbnormalityCase,27559,,,,system,2026-01-07 11:06:32,40558
False,ID,int,1,ID,80,True,False,False,numberbox,False,True,,,,,精确匹配,,,,,,True,,,,,,,APS_NewProductTrial,27560,,,,system,2026-01-07 11:06:32,40523
False,MaterialType,nvarchar,1,分类,80,True,False,False,textbox,False,False,,,,,,,,,,,True,,,,,,,V_APS_Report45,19333,,,,温广燕,2026-05-21 14:40:18,42268
False,StatusLabel,varchar,1,状态,60,True,False,False,textbox,False,False,,,,,,,,,,,True,,,,,,,V_APS_Report44,19334,,,,管理员,2026-01-23 16:14:11,41779
False,Extend10,nvarchar,1,属性,50,True,False,False,textbox,False,False,,,,,,,,,,,True,,,,,,,V_APS_MaterialOrg,25481,,,,管理员,2026-01-26 11:26:45,41794
False,OrganizeID,bigint,1,组织ID,80,True,False,False,numberbox,False,False,,,,,,,,,,,True,,,,,,,APS_AssessmentHR,27574,,,,system,2026-01-22 15:16:30,41573
False,OrganizeID,bigint,1,组织,80,True,True,False,combobox,False,False,,,,True,,,,,,,True,拉线,,,,,,V_APS_AssessmentHR,27571,,,,吴鑫鹏,2026-01-22 16:00:04,41636
False,MachineID,varchar,1,设备,80,True,True,False,combobox,True,False,,,,True,,,,,,,True,全部机台,,,,,,V_APS_AssessmentMachine,27572,,,,吴鑫鹏,2026-01-22 15:46:35,41701
False,MaterialType,nvarchar,1,分类,60,True,False,False,textbox,False,False,,,,,,,,,,,True,,,,,,,V_APS_SalesOrderBom,26496,,,,管理员,2026-01-23 16:21:13,41751
False,OrganizeID,int,1,组织ID,80,True,False,False,numberbox,False,False,,,,,,,,,,,True,,,,,,,APS_ProcessPosition,27565,,,,system,2026-01-12 20:35:49,40779
False,OrganizeID,int,1,组织ID,80,True,False,False,numberbox,False,False,,,,,,,,,,,True,,,,,,,Dev_PositionAccountMap,27564,,,,system,2026-01-12 20:35:49,40798
False,OrganizeID,int,1,组织ID,80,True,False,False,numberbox,False,False,,,,,,,,,,,True,,,,,,,Dev_PositionLevelMap,27563,,,,system,2026-01-12 20:35:49,40824
False,PositionAttribute,nvarchar,1,属性,100,True,True,False,textbox,False,False,True,升序,True,True,,,,,,,True,,,,,,,V_Dev_Position,27568,,,,管理员,2026-01-31 11:28:03,40885
False,PositionName,nvarchar,1,子岗位,120,True,False,False,textbox,False,False,,升序,,True,精确匹配,,,,,,True,,,,,,,V_Dev_PositionAccountMap,27567,,,,江老师,2026-03-09 20:30:43,41070
False,ProcessName,nvarchar,1,工序名称,100,True,False,False,textbox,False,False,,升序,False,True,,,,,,,True,,,,,,,V_APS_ProcessPositionMap,27570,,,,江老师,2026-03-06 11:59:59,41377
False,YearMonth,varchar,1,月份,100,True,False,False,month,False,False,,倒序,,True,,,,,,,True,,,,,,,V_APS_Report41,19337,,,,温广燕,2026-01-16 11:46:47,41470
False,ID,int,1,ID,80,True,False,False,numberbox,False,True,,,,,精确匹配,,,,,,True,,,,,,,APS_AssessmentMachine,27575,,,,system,2026-01-22 15:16:30,41593
False,OrganizeID,bigint,1,组织ID,80,True,False,False,numberbox,False,False,,,,,,,,,,,True,,,,,,,APS_AssessmentResources,27576,,,,system,2026-01-22 15:16:30,41614
False,SourceOrderNo,varchar,1,销售订单,80,True,False,False,textbox,False,False,,,,True,,,,,,,True,,,,,,,V_APS_MOPlanStep1V10,9013,,,,管理员,2025-12-09 22:39:14,38357
False,CreatedOn,date,1,日期,100,True,False,False,datebox,False,False,,倒序,True,True,,,,,,,True,,,,,,,V_PWS_WageTrendReport,3049,,,,江老师,2026-03-03 10:20:22,38383
False,ID,bigint,1,ID,80,True,False,False,numberbox,False,True,,,,,精确匹配,,,,,,True,,,,,,,APS_OrganizeDemandOrder,26524,,,,system,2025-10-30 16:15:32,38176
False,OrderNO,varchar,1,来源订单,100,True,False,False,textbox,False,False,,倒序,False,True,,,,,,,True,,,,,,,V_APS_SalesPlanMaterial,6681,,,,吴鑫鹏,2025-11-12 15:06:05,39067
False,MaterialType,nvarchar,1,分类,100,True,False,False,textbox,False,False,,,,,,,,,,,True,,,,,,,V_APS_MaterialBalancePlan,27524,,,,吴鑫鹏,2025-11-05 15:50:10,38532
False,DemandDateF,nvarchar,1,日期,100,True,False,False,textbox,False,False,,,,,,,,,,,True,,,,,,,V_APS_OrderPlanMaterialFormListForBoardSum,15204,,,,管理员,2025-11-06 10:53:20,38857
False,EID,bigint,1,明细ID,60,True,False,False,numberbox,False,True,,,,,精确匹配,,,,,custom,True,,,,,,,APS_InterfaceSAPInput,9031,,,,廖尚华,2026-03-17 13:46:46,39122
False,FName,varchar,1,字段,60,True,True,False,textbox,False,False,,升序,,True,,,,,,custom,True,,,,,,,APS_InterfaceSAPInput,9031,,,,廖尚华,2025-12-24 20:18:39,39124
False,EID,bigint,1,EID,80,True,False,False,numberbox,False,True,,,,,精确匹配,,,,,custom,True,,,,,,,APS_InterfaceSAPOutput,9032,,,,管理员,2025-11-13 10:21:57,39150
False,S1,decimal,1,排产数,80,True,False,False,numberbox,False,False,,,,,,,,,,,True,,,,,,,V_APS_Report48,19330,,,,温广燕,2025-10-22 17:53:53,37191
False,ERPEndYearMonth,nvarchar,1,月份,100,True,False,False,month,False,False,,倒序,True,True,,,,,,,True,,,,,,,V_APS_OrderAchievedRate,26508,,,,温广燕,2025-10-30 10:14:19,37865
False,ID,bigint,1,ID,80,True,False,False,numberbox,False,True,,,,,精确匹配,,,,,,True,,,,,,,APS_ManualForecastDetail,9003,,,,system,2025-10-29 09:41:02,37921
False,OrganizeID,int,1,组织ID,80,True,False,False,numberbox,False,False,,,,,,,,,,,True,,,,,,,APS_MaterialBalanceHistory,26517,,,,system,2025-10-29 20:30:04,37961
False,OrganizeID,int,1,组织ID,80,True,False,False,numberbox,False,False,,,,,,,,,,,True,,,,,,,APS_MaterialBalanceTotalHistory,26518,,,,system,2025-10-29 20:30:04,37988
False,ID,bigint,1,ID,80,True,False,False,numberbox,False,True,,,,,精确匹配,,,,,,True,,,,,,,APS_ProcessMaterialHistory,26519,,,,system,2025-10-29 20:30:04,38009
False,AllUnIssuedQty,decimal,1,需求汇总,80,True,False,False,numberbox,False,False,,,,,,,,,,,True,,,,,,,V_APS_MaterialBalanceHistoryReason,26522,,,,system,2025-10-29 20:30:04,38054
False,LineName,nvarchar,1,生产线,100,True,False,False,textbox,False,False,,,,,,,,,,,True,,,,,,,V_APS_PrepareView11,7849,,,,温广燕,2026-02-04 16:36:29,38139
False,MaterialProp,nvarchar,1,属性,70,True,False,False,textbox,False,False,True,升序,True,True,,,,,,,True,,,,,,,V_APS_MaterialLadderLossRelated,26503,,,,江科,2025-10-15 16:06:48,36426
False,MaterialType,nvarchar,1,类型,160,True,True,False,textbox,False,False,True,升序,True,True,,,,,,,True,,,,,,,V_APS_MaterialLadderLossConfig,26504,,,,江科,2025-10-15 15:59:40,36324
False,CustomerName,nvarchar,1,客户,140,True,False,False,textbox,False,False,,,,,,,,,,,True,,,,,,,V_APS_SalesOrderDeliveryReplyInfo,26495,,,,江科,2025-10-21 15:53:23,36833
False,ProductOrganizeName,nvarchar,1,生产组织,180,True,False,False,textbox,False,False,,升序,True,,,,,,,,True,,,,,,,V_APS_SalesOrderDetailDelivery,26509,,,,江科,2025-11-06 09:59:53,36998
False,OrderDate,datetime,1,下单时间,110,True,False,False,datebox,False,False,,,,,,,,,,,True,,,,,,,V_APS_Orderfinish,24427,,,,system,2025-10-10 16:10:57,36113
False,OrganizeID,int,1,组织ID,80,True,False,False,numberbox,False,False,,,,,,,,,,,True,,,,,,,APS_MaterialLadderLossConfig,26501,,,,system,2025-10-14 17:50:24,36283
False,OrganizeID,int,1,组织ID,80,True,False,False,numberbox,False,False,,,,,,,,,,,True,,,,,,,APS_MaterialLadderLossRelated,26502,,,,system,2025-10-14 17:50:24,36304
False,DocNo,varchar,1,单据编号,80,True,False,False,textbox,False,False,,升序,True,True,,,,,,custom,True,,,,,,,V_APS_Report49,19329,,,,管理员,2025-12-25 15:47:19,35530
False,OrganizeName,nvarchar,1,组织名称,100,True,False,False,textbox,False,False,,,,True,,,,,,,True,,,,,,,V_Dev_OrganizeProcess,26492,,,,管理员,2025-11-26 08:08:17,35072
False,ID,int,1,ID,80,True,False,False,numberbox,False,True,,,,,精确匹配,,,,,,True,,,,,,,APS_MaterialOrg,25480,,,,system,2025-09-09 10:09:42,33926
False,ProcessName,nvarchar,1,工序,100,True,False,False,textbox,False,False,,升序,,True,,,,,,,True,,,,,,,V_ProcessOrganizeMap,26489,,,,江科,2025-10-23 08:54:10,34453
False,AbnormalType,nvarchar,1,类别,100,True,True,False,textbox,False,False,,,,True,,,,,,,True,,,,,,,APS_DutyDepartment,19294,,,,江科,2025-09-10 10:59:49,34164
False,PCDeliveryDate,datetime,1,要求开工,80,True,False,False,datebox,False,False,,升序,,,,,,,,,True,,,,,,,V_APS_MOPlanStep1V2,7961,,,,廖尚华,2026-05-14 13:17:13,44942
False,MasterCode,varchar,1,产品编码,90,True,False,False,textbox,False,False,,,False,True,,,,,,,True,,,,,,,V_APS_Report36,11153,,,,管理员,2026-04-13 14:45:02,45102
False,OrganizeID,int,1,组织ID,80,True,False,False,numberbox,False,False,,,,,,,,,,,True,,,,,,,APS_MaterialForecastBom,28599,,,,system,2026-03-16 14:51:03,44283
False,MaterialName,nvarchar,1,物料描述,100,True,False,False,textbox,False,False,,,True,True,,,,,,,True,,,,,,,V_APS_ProcessPartMaterial2,28595,,,,管理员,2026-04-24 13:29:44,44423
False,OrganizeID,int,1,组织ID,80,True,False,False,numberbox,False,False,,,,,,,,,,,True,,,,,,,APS_MaterialForecastForm,28600,,,,system,2026-03-16 14:51:03,44306
False,RankNo,bigint,1,排名,80,True,False,False,numberbox,False,False,,,,,,,,,,,True,,,,,,,V_APS_PrepareView15,7870,,,,温广燕,2026-01-31 16:13:07,42539
False,ImportResult,nvarchar,1,导入结果,80,True,False,False,textbox,False,False,,,,True,模糊匹配,,,,,,True,,,,,,,V_APS_ProcessMaterialError,5126,,,,温广燕,2026-03-06 16:37:15,42561
False,DocDate,datetime,1,时间,110,True,False,False,datebox,False,False,,倒序,,,,,,,,,True,,,,,,,V_WMS_ArrivalGoods,11180,,,,温广燕,2026-02-04 14:49:21,42614
False,CustomerName,nvarchar,1,客户,250,True,False,False,textbox,False,False,,,,True,,,,,,,True,,,,,,,V_APS_CustomerByMonthlySummary,28581,,,,江老师,2026-03-06 10:21:57,42636
False,CustomerName,nvarchar,1,客户,250,True,False,False,textbox,False,False,,,,True,,,,,,,True,,,,,,,V_APS_CustomerByQuarterSummary,28580,,,,江老师,2026-03-06 10:27:03,42640
False,SupplierType,nvarchar,1,类别,80,True,False,False,textbox,False,False,,,,,,,,,,,True,,,,,,,V_APS_PrepareView17,7869,,,,温广燕,2026-01-28 11:44:09,42327
False,Name1,nvarchar,1,日期,50,True,False,False,textbox,False,False,,倒序,,,,,,,,,True,,,,,,,V_APS_PrepareView16,7871,,,,江老师,2026-03-09 15:43:41,42347
False,Name1,nvarchar,1,日期,100,True,False,False,textbox,False,False,,,,,,,,,,,True,,,,,,,V_APS_MaterialBalanceByType,28572,,,,system,2026-01-29 10:42:03,42377
False,OrganizeID,int,1,生产线,100,True,True,False,combobox,True,False,True,,,True,,,,,,,True,所有线别,,,,,,V_Dev_AccountEmployee,28585,,,,温广燕,2026-03-12 14:37:24,42809
False,ParentID,int,1,岗位名称,110,True,True,False,combobox,True,False,True,升序,,True,,,,,,,True,岗位,,,,,,V_Dev_PositionDetail,28586,,,,管理员,2026-03-11 08:54:28,42837
False,OrganizeID,int,1,线别,80,True,True,False,combobox,False,False,,,,,,,,,,,True,所有线别,,,,,,Dev_PositionExamRecord,28587,,,,温广燕,2026-03-05 18:00:42,42774
False,YearMonth,varchar,1,年月,70,True,False,False,month,False,False,,升序,True,True,,,,,,,True,,,,,,,V_APS_OrderForCheck,5053,,,,温广燕,2026-05-27 10:42:13,44037
False,Code,varchar,1,产品编码,80,True,False,False,textbox,False,False,,升序,True,True,,,,,,,True,,,,,,,V_MES_RouteReport,28591,,,,江老师,2026-03-24 12:06:50,44069
False,ID,bigint,1,ID,80,True,False,False,numberbox,False,True,,,,,精确匹配,,,,,,True,,,,,,,MES_RouteReport,28592,,,,system,2026-03-13 09:12:04,44046
False,AttendanceDate,datetime,1,出勤日期,110,True,False,False,el-date-picker,False,False,,倒序,True,True,,当前日期,,,,,True,,,,,,,V_APS_SalesOrderDetailDeliver3Total,27540,,,,江老师,2026-03-12 14:42:18,43801
False,Extend1,nvarchar,1,工种,80,True,False,False,textbox,False,False,,倒序,True,,,,,,,,True,,,,,,,V_APS_LineAttendance,10113,,,,江老师,2026-03-11 15:01:51,43612
False,CustomerName,nvarchar,1,客户名称(工单),200,True,False,False,textbox,False,False,False,,,False,,,,,,,True,,,,,,,V_APS_PrepareView1,7793,,,,江老师,2026-03-12 17:03:10,43713
False,MissingMaterials,nvarchar,1,不在BOM的物料,350,True,False,False,textbox,False,False,,,,,,,,,,,True,,,,,,,V_APS_OrderWarning,28588,,,,system,2026-03-12 11:34:05,43675
False,ProductionDate,datetime,1,生产日期,110,True,False,False,datebox,False,False,True,倒序,,,,,,,,,True,,,,,,,V_APS_OrderForPrepare3,7975,,,,温广燕,2026-06-04 09:30:28,47890
False,ProductionDate,datetime,1,生产日期,110,True,False,False,el-date-picker,False,False,True,升序,,True,,当前日期,,,,,True,,,,,,,V_APS_PrepareView5,7789,,,,温广燕,2026-05-20 17:44:52,47436
False,RemarkSalesOrderInfo,nvarchar,1,群组,100,True,False,False,textbox,False,False,,升序,True,,,,,,,,True,,,,,,,V_APS_Report14,7848,,,,温广燕,2026-05-14 09:31:26,47373
False,ForeCastNo,varchar,1,预测单号,100,True,False,False,textbox,False,False,,,True,,,,,,,,True,,,,,,,V_APS_OrderForPrepare,7973,,,,温广燕,2026-05-27 11:50:33,47741
False,SourceOrderNo,varchar,1,销售订单,80,True,False,False,textbox,False,False,,升序,,True,,,,,,,True,,,,,,,V_APS_Report38,11151,,,,管理员,2026-05-05 18:00:56,46839
False,ProductionDate,datetime,1,生产日期,110,True,False,False,datebox,False,False,,,,,,,,,,,True,,,,,,,V_APS_Report26,7913,,,,陈坤和,2026-04-28 17:38:28,46681
False,YearMonth,varchar,1,月份,80,True,False,False,month,False,False,,倒序,,True,,,,,,,True,,,,,,,V_APS_PrepareView20,7866,,,,管理员,2026-04-28 09:34:07,46526
False,ID,bigint,1,ID,80,True,False,False,numberbox,False,True,,,,,精确匹配,,,,,,True,,,,,,,MES_OrderRouteReport,28639,,,,system,2026-05-05 16:31:34,46901
False,DeliveryDate,datetime,1,生产交期,80,True,False,False,datebox,False,False,,,,True,,,,,,,True,,,,,,,V_APS_MOPlanStep2V10,9018,,,,廖尚华,2026-05-15 13:28:14,47122
False,DefaultLineID,int,1,生产线,80,True,False,False,numberbox,False,False,,,,,,,,,,,True,,,,,,,V_APS_MOPlanStep5,7769,,,,温广燕,2026-05-13 16:37:50,47284
False,DeliveryDate,datetime,1,订单交期,80,True,False,False,datebox,False,False,,,False,True,,,,,,,True,,,,,,,V_APS_Report47,19331,,,,管理员,2026-04-24 15:52:23,46240
False,YearMonth,varchar,1,月份,80,True,False,False,month,False,False,,倒序,,True,,,,,,,True,,,,,,,V_APS_Report18,7922,,,,管理员,2026-04-27 12:38:08,46518
False,OrganizeName,nvarchar,2,生产线,80,True,False,True,textbox,False,False,,升序,True,True,,,,,,,True,,,,,,,V_APS_SchedulingOutByOrder,73,,,,管理员,2026-05-05 17:50:10,43821
False,CustomerID,bigint,2,客户,200,True,True,True,combobox,True,False,True,,,True,,,,,,,True,客户,,,,,,V_APS_SalesOrderDetailDeliverFreeze,24395,,,,江老师,2026-03-13 08:37:58,43848
False,Name,nvarchar,2,姓名,80,True,True,True,textbox,False,False,True,,,True,,,,,,,True,,,,,,,V_Dev_PositionExamRecord,28584,,,,管理员,2026-04-28 10:56:08,42884
False,LineName,nvarchar,2,产线,80,True,False,True,textbox,False,False,,升序,True,True,,,,,,,True,,,,,,,V_APS_ProductionReportMt,28573,,,,温广燕,2026-03-13 13:40:31,42421
False,Code,varchar,2,产品编码,90,True,True,True,textbox,True,False,True,,,True,,,,,,,True,,,,,,,V_APS_MaterialForecast,8978,,,,温广燕,2026-04-24 09:57:03,44334
False,MasterCode,varchar,2,产品编码,80,True,False,True,textbox,False,False,,,True,True,,,,,,,True,,,,,,,V_APS_MaterialForecastForm,28598,,,,管理员,2026-04-13 11:35:19,44407
False,Remark1,nvarchar,2,MC备注,100,True,True,True,textbox,False,False,,,,,,,,,,,True,,,,,,,V_APS_Report1,7842,,,,廖尚华,2026-06-03 09:38:45,45343
False,MaterialName,nvarchar,2,物料名称,100,True,False,True,textbox,False,False,,,,,,,,,,,True,,,,,,,V_APS_MaterialForecastBom,28597,,,,温广燕,2026-05-20 08:38:57,44732
False,MaterialName,nvarchar,2,物料名称,350,True,False,True,textbox,False,False,,,,True,,,,,,,True,,,,,,,V_APS_ProcessScheduling,6659,,,,system,2025-09-10 19:37:31,34220
False,SystemViewSort,int,2,系统排序,80,True,False,True,numberbox,False,False,,升序,,,,,,,,,True,,,,,,,V_APS_MOPlanStep4V9,9016,,,,廖尚华,2026-03-18 16:21:29,36087
False,WorkShopName,nvarchar,2,车间,100,True,False,True,textbox,False,False,,,,,,,,,,,True,,,,,,,V_APS_Report19,7920,,,,管理员,2025-11-06 16:36:43,36622
False,CreatedByName,nvarchar,2,姓名,70,True,False,True,,False,False,,,,True,,,,,,,True,,,,,,,V_APS_UserOnlineCount,24366,,,,管理员,2026-06-12 12:46:07,38399
False,PCDeliveryDate,datetime,2,要求开工,110,True,True,True,datebox,False,False,,升序,,True,小于等于,,,,,,True,,,,,,,V_APS_MOPlanStep1V12,9021,,,,廖尚华,2026-05-28 09:47:04,41769
False,MaterialType,nvarchar,2,物料组,70,True,False,True,textbox,False,False,,,,True,,,,,,,True,,,,,,,V_APS_PrepareView6,7788,,,,管理员,2026-03-02 08:34:29,41947
False,CheckType,nvarchar,2,检验类型,80,True,False,True,textbox,False,False,,,False,False,,,,,,,True,,,,,,,APS_ProductCheck_JDY,27536,,,,管理员,2025-12-24 08:25:50,39337
False,ForeCastNo,varchar,2,预测单号,120,True,False,True,textbox,False,False,True,,,True,,,,,,,True,,,,,,,V_APS_ManualForecastDetail,24402,,,,管理员,2025-12-31 11:45:05,39823
False,ToolingCode,varchar,2,工装编号,100,True,False,True,textbox,False,False,,升序,True,True,,,,,,,True,,,,,,,APS_ToolingRegister_JDY,27556,,,,管理员,2026-04-28 17:03:35,39800
False,ViewSort,int,2,顺序,50,True,False,True,numberbox,True,False,True,升序,,,,,,,,,True,,,,,,,V_APS_ProcessMaterial,15,,,,温广燕,2026-03-10 09:21:52,39551
False,OrganizeName,nvarchar,2,拉线,80,True,False,True,textbox,False,False,False,,True,True,,,,,,custom,True,,,,,,,V_APS_OrganizeWorkingTimesDetail,97,,,,管理员,2025-11-26 13:17:58,10126
False,Code,varchar,2,物料编码,70,True,False,True,textbox,False,False,False,,,True,,,,,,custom,True,,,,,,,Dev_Supplier,1198,,,,管理员,2025-12-25 11:18:31,3654
False,Code,varchar,2,物料编码,150,True,True,True,textbox,False,False,True,,,True,,,,,,custom,True,,,,,,,V_APS_MonthlyDemand,3002,,,,江科,2025-09-09 09:15:59,3727
False,Code,varchar,2,物料编码,90,True,False,True,textbox,False,False,True,,,True,,,,,,custom,True,,,,,,,V_APS_MaterialBOM,1185,,,,管理员,2026-03-02 11:27:24,4604
False,OrganizeTypeID,int,2,组织类型,150,True,True,True,combobox,False,False,True,,,False,,,,,,,True,组织类型,,,,,,V_Dev_Organize,3026,True,,,温广燕,2025-09-22 14:09:35,5649
False,OrganizeName,nvarchar,2,所属组织,100,True,False,True,textbox,False,False,False,升序,,True,,,,,,,True,,,,,,,V_APS_SchedulingForERP,122,,,,管理员,2026-05-05 17:49:52,2071
False,TabelName,varchar,2,表名称,140,True,True,True,textbox,False,False,True,,,True,模糊匹配,,,,,,True,,,,,,,Dev_Dictionary,33,,,,管理员,2026-04-24 10:50:04,334
False,MaterialName,nvarchar,2,物料名称,200,True,False,True,textbox,False,False,False,,,True,,,,,,custom,True,,,,,,,V_APS_OrderForMake,50,,,,江科,2025-09-09 09:18:46,712
False,MaterialType,nvarchar,2,分类,60,True,False,True,textbox,False,False,,倒序,,False,,,,,,,True,料品类型,,,,,,V_APS_OrderPlanMaterialFormByItem1,18289,,,,吴鑫鹏,2026-01-23 14:29:59,28610
False,OrderNo,varchar,2,生产单号,90,True,False,True,textbox,False,False,,,True,True,,,,,,,True,,,,,,,V_APS_OrderSplitLog,16234,,,,江科,2025-10-22 14:28:41,28768
False,MaterialType,nvarchar,2,分类,100,True,True,True,textbox,False,False,True,,,True,,,,,,,True,,,,,,,V_APS_MaterialProductConfig,25478,,,,江科,2025-09-10 13:46:40,33839
False,MaterialName,nvarchar,2,物料名称,120,True,False,True,textbox,False,False,,,,True,,,,,,,True,,,,,,,V_APS_PrepareView26,7976,,,,江老师,2026-03-05 13:20:14,30199
False,SuplierCode,varchar,2,供应商代码,90,True,False,True,textbox,False,False,True,,,True,,,,,,custom,True,,,,,,,APS_DeliveryDataByName,17271,,,,廖尚华,2026-02-02 11:16:31,26269
False,OrganizeName,nvarchar,2,产线,80,True,False,True,textbox,False,False,,,,True,,,,,,custom,True,,,,,,,V_APS_OrganizeWorkingPlan,17274,,,,管理员,2025-11-19 08:21:17,26614
False,OrderNo,varchar,2,生产单号,80,True,False,True,textbox,False,False,True,升序,,True,,,,,,custom,True,,,,,,,V_APS_OrderInfo,13,,,,管理员,2026-01-21 19:34:54,27520
False,OrderDate,datetime,2,下单时间,90,True,False,True,datebox,False,False,False,升序,,True,范围,,{0:yyyy-MM-dd},,,,True,,,,,,,V_APS_Report21,7919,,,,江老师,2026-03-10 09:57:43,28382
False,OrderNo,varchar,2,生产单号,110,True,False,True,textbox,False,False,,,,True,模糊匹配,,,,,,True,,,,,,,V_APS_OrderForToDo,5139,,,,江科,2025-09-22 15:52:43,25784
False,MaterialName,nvarchar,2,物料名称,120,True,False,True,textbox,False,False,,,,True,,,,,,,True,,,,,,,V_APS_Report33,7907,,,,江科,2025-09-09 16:57:02,16916
False,OrderNo,varchar,2,工单号,60,True,False,True,textbox,False,False,False,,False,True,,,,,,custom,True,,,,,False,,V_APS_Report17,7843,False,,,廖尚华,2026-05-22 11:39:22,14945
False,OrderNo,varchar,2,生产单号,80,True,False,True,textbox,False,False,False,升序,False,True,模糊匹配,,,,,custom,True,,,,,,,V_APS_PrepareView4,7790,,,,管理员,2026-06-16 13:39:44,14159
False,CustomerName,nvarchar,2,客户名称,120,True,False,True,textbox,False,False,False,,,True,,,,,,custom,True,,,,,,,V_APS_SalesOrderDetailPlanLine,12192,,,,江老师,2026-03-16 11:05:52,21238
False,MaterialName,nvarchar,2,物料名称,250,True,False,True,textbox,False,False,,,,True,,,,,,,True,,,,,,,V_APS_SchedulingSpecial,125,,,,江老师,2026-03-04 10:44:32,21466
False,SourceOrderNo,varchar,2,生产批号,80,True,False,True,textbox,False,False,,,,False,,,,,,,True,,,,,,,V_APS_Report10,7833,,,,管理员,2026-04-14 09:29:08,23740
False,LineName,nvarchar,2,产线,100,True,False,False,textbox,False,False,,升序,True,True,,,,,,custom,True,,,,,,,V_APS_Report29,7912,,,,管理员,2025-12-23 09:11:36,24300
False,MaterialName,nvarchar,2,物料名称,170,True,False,False,textbox,False,False,,,,True,,,,,,custom,True,,,,,,,V_APS_OrderPlanMaterialFormBySummary,9007,,,,江科,2025-09-09 09:18:46,23618
False,OrganizeName,nvarchar,2,所属组织,150,True,False,False,textbox,False,False,,升序,True,True,,,,,,,True,,,,,,,V_APS_LineAttendanceDetail,10118,,,,江老师,2026-03-12 13:14:31,21631
False,CustomerCode,varchar,2,代码,80,True,False,False,textbox,False,False,,,,True,,,,查看客户,,custom,True,,,,,,,V_Dev_Customer,11139,,,,管理员,2025-12-25 11:27:58,21135
False,AbnormalCode,varchar,2,异常代码,130,True,False,False,textbox,False,False,False,,,,,,,,,custom,True,,,,,,,APS_AbnormalReason,7770,,,,江科,2025-09-28 09:49:26,20057
False,Account,varchar,2,账号,150,True,False,False,textbox,False,False,False,,,True,,,,,,custom,True,,,,,,,V_Dev_AccountRole,10137,,,,江科,2025-10-21 10:17:04,19143
False,ButtonName,nvarchar,2,按钮名称,150,True,False,False,textbox,False,False,,,,,,,,,,custom,True,,,,,,,V_Dev_ButtonMenuMap,61,,,,温广燕,2025-09-04 10:22:22,19531
False,WorkShopName,nvarchar,2,车间,110,True,False,False,textbox,False,False,False,,,,,,,,,,True,,,,,,,V_APS_PrepareView9,7852,,,,管理员,2026-06-16 13:46:28,14354
False,ProductCode,varchar,2,产品编码,90,True,False,False,textbox,False,False,False,升序,,True,,,,,,custom,True,,,,,,,V_APS_OrderPlanMaterialFormAnther2,9001,,,,江科,2025-09-28 10:11:51,18151
False,Code,varchar,2,物料编码,80,True,False,False,textbox,False,False,True,,,True,,,,,,,True,,,,,,,V_APS_OrderForm,15199,,,,江老师,2026-03-03 13:29:30,25304
False,MaterialName,nvarchar,2,机种名称,100,True,False,False,textbox,False,False,,,,True,,,,,,custom,True,,,,,,,V_APS_OrderForPrepare2,7974,,,,廖尚华,2026-05-27 08:50:02,25940
False,MaterialName,nvarchar,2,物料名称,150,True,False,False,textbox,False,False,,,,True,,,,,,,True,,,,,,,V_APS_OrderPlanMaterialFormBySummary4,18284,,,,江科,2025-09-09 09:18:46,27903
False,SuplierCode,varchar,2,供方代码,80,True,False,False,textbox,False,False,,,,True,,,,,,,True,,,,,,,V_APS_WeekDeliveryDataDetail,18288,,,,管理员,2026-04-28 11:39:00,28548
False,ERPEndDate,date,2,计划完工,80,True,False,False,el-date-picker,False,False,,倒序,True,True,小于,当前日期,{0:yyyy-MM-dd},,,,True,,,,,,,V_APS_Report53,19325,,,,管理员,2026-03-02 09:07:41,31827
False,MenuCode,varchar,2,菜单,100,True,True,False,combobox,True,False,True,,,True,,,,,,,True,启用菜单,,,,,,V_APS_Report58,19320,,,,范龙生,2026-04-22 11:07:50,33750
False,GroupName,nvarchar,2,部门,110,True,False,False,textbox,False,False,,,,,,,,,,,True,,,,,,,V_APS_PrepareView8,7851,,,,管理员,2026-06-16 13:47:06,29132
False,FreezeDate,datetime,2,封存日期,120,True,False,False,el-date-picker,False,False,,倒序,,True,,,{0: yyyy-MM-dd},,,,True,,,,,,,WMS_StockAll,7929,,,,温广燕,2026-03-13 10:15:45,29396
False,Code,varchar,2,物料编码,100,True,False,False,textbox,False,False,False,,,False,,,,,,custom,True,,,,,,,V_APS_OrderForMake,50,,,,江科,2025-09-09 09:15:59,710
False,DataType,varchar,2,数据类型,80,True,False,False,textbox,False,False,True,,,False,,,,,,custom,True,,left,,,,,V_DictionaryField,35,False,,,温广燕,2026-03-25 12:02:54,726
False,Code,varchar,2,物料编码,150,True,True,False,textbox,False,False,True,,,False,,,,,,custom,True,,,,,,,V_APS_SchedulingDetail,53,False,,,江科,2025-09-09 09:15:59,1682
False,MaterialName,nvarchar,2,物料名称,200,True,False,False,textbox,False,False,False,,,True,,,,,,custom,True,,,,,,,V_WMS_StockOut,79,,,,江科,2025-09-09 09:18:44,1254
False,ProcessGroupName,nvarchar,2,工艺,600,True,True,False,textbox,False,False,True,,,False,,,,,,,True,,,,,,,APS_ProcessGroup,1175,,,,管理员,2025-11-18 11:50:53,3056
False,ProcessGroupName,nvarchar,2,工艺,400,True,True,False,textbox,True,False,True,,False,True,,,,,,,True,,,,,False,,V_APS_ProcessGroup,1177,False,,,管理员,2025-12-06 15:31:33,3057
False,Code,varchar,2,物料编码,150,True,False,False,textbox,False,False,False,,,False,,,,,,custom,True,,,,,,,V_MES_OrderOutputByOrderForStock,164,,,,江科,2025-09-09 09:15:59,2797
False,Code,varchar,2,物料编码,150,True,False,False,textbox,False,False,False,,,False,,,,,,custom,True,,,,,,,V_MES_OrderOutputByOrderForIn,163,,,,江科,2025-09-09 09:15:59,2777
False,OrganizeID,int,2,公司,220,True,True,False,combobox,True,False,True,,True,True,,,,,,custom,True,分公司,,,,False,,APS_Holiday,143,False,,,管理员,2025-11-19 08:18:45,2482
False,MaterialName,nvarchar,2,物料名称,150,True,True,False,textbox,False,False,True,,,False,,,,,,custom,True,,,,,,,V_APS_SchedulingDetailByMachine,146,,,,江科,2025-09-09 09:18:44,2565
False,MaterialName,nvarchar,2,物料名称,150,True,True,False,textbox,False,False,True,,,True,,,,,,custom,True,,,,,,,V_APS_OrderForPrint,152,,,,江科,2025-09-09 09:18:44,2635
False,MaterialName,nvarchar,2,物料名称,150,True,True,False,textbox,False,False,True,,,False,,,,,,custom,True,,,,,,,V_APS_OrderBOMPreparation,118,False,,,江科,2025-09-09 09:18:44,2010
False,Code,varchar,2,物料编码,150,True,True,False,textbox,False,False,True,,,,,,,,,custom,True,,,,,,,Import_BomDB,5042,,,,江科,2025-09-09 09:15:59,5679
False,MaterialName,nvarchar,2,物料名称,150,True,True,False,textbox,False,False,True,,,,,,,,,custom,True,,,,,,,Import_StockDB,5046,,,,江科,2025-09-09 09:18:44,5748
False,MaterialName,nvarchar,2,物料名称,150,True,True,False,textbox,False,False,True,,,,,,,,,custom,True,,,,,,,Import_MaterialDB,5041,,,,江科,2025-09-09 09:18:44,5711
False,MaterialName,nvarchar,2,物料名称,150,True,True,False,textbox,False,False,True,,,,,,,,,custom,True,,,,,,,Import_Material_BomDB,5045,,,,江科,2025-09-09 09:18:44,5699
False,Code,varchar,2,物料编码,150,True,True,False,textbox,False,False,True,,,,,,,,,custom,True,,,,,,,APS_UserWorkingTimes,5039,,,,江科,2025-09-09 09:15:59,4639
False,MaterialName,nvarchar,2,物料名称,150,True,True,False,textbox,False,False,True,,,False,,,,,,custom,True,,,,,,,Import_Material,5011,,,,江科,2025-09-09 09:18:46,4565
False,Code,varchar,2,物料编码,150,True,True,False,textbox,False,False,True,,,True,,,,,,custom,True,,,,,,,Import_Material_Bom,5012,,,,江科,2025-09-09 09:15:59,4585
False,MaterialName,nvarchar,2,物料名称,150,True,True,False,textbox,False,False,True,,,,,,,,,custom,True,,,,,,,Import_StockHistory,5010,,,,江科,2025-09-09 09:18:44,4548
False,Code,varchar,2,物料编码,150,True,True,False,textbox,False,False,True,,,,,,,,,custom,True,,,,,,,Import_BomHistory,5009,,,,江科,2025-09-09 09:15:59,4501
False,Code,varchar,2,物料编码,150,True,True,False,textbox,False,False,True,,,,,,,,,custom,True,,,,,,,Import_OrderHistory,5008,,,,江科,2025-09-09 09:15:59,4519
False,Code,varchar,2,物料编码,80,True,True,False,combobox,False,False,True,,,True,,,,,,custom,True,账号,,,,,,APS_UserWorkingTimes,3053,,,,江科,2025-09-09 09:15:59,4961
False,Pwd,varchar,2,密码,90,True,True,False,textbox,False,False,True,,,,,,,精工顾问老师,,custom,True,,,,,,,V_Dev_Account,3007,,,,管理员,2025-11-24 17:48:50,3832
False,Price,decimal,2,单价,80,True,True,False,numberbox,False,False,True,,,False,,,,查看金额,,custom,True,,,,,,,Wages_Incentive,1192,,,,管理员,2026-01-27 23:30:05,3331
False,ProcessName,nvarchar,2,工序,90,True,True,False,textbox,False,False,True,,,,,,,,,,True,,,,,,,V_APS_ProcessGroupInfo,1186,,,,管理员,2025-11-21 15:51:29,3273
False,Code,varchar,2,物料编码,150,True,True,False,textbox,False,False,True,,,False,,,,,,custom,True,,,,,,,Import_Bom,5007,,,,江科,2025-09-09 09:15:59,4418
False,Code,varchar,2,物料编码,150,True,True,False,textbox,False,False,True,,,True,,,,,,custom,True,,,,,,,Import_Order,5006,False,,,江科,2025-09-09 09:15:59,4435
False,MaterialName,nvarchar,2,物料名称,150,True,True,False,textbox,False,False,True,,,True,,,,,,custom,True,,,,,,,V_APS_OrderForScheduling,3008,,,,江科,2025-09-09 09:18:44,3922
False,Code,varchar,2,物料编码,150,True,True,False,textbox,False,False,True,,,False,,,,,,custom,True,,,,,,,V_APS_OrderForScheduling,3008,,,,江科,2025-09-09 09:15:59,3923
False,ProductCode,varchar,2,产品编码,150,True,False,False,textbox,False,False,False,,False,True,,,,,,custom,True,,,,,,,APS_GoodsPlanPreDetail,5614,False,,,江科,2025-09-28 10:11:51,10134
False,Code,varchar,2,物料编码,150,True,False,False,textbox,False,False,False,,False,True,,,,,,custom,True,,,,,,,V_APS_DayCountProduction,5621,False,,,江科,2025-09-09 09:15:58,10322
False,Code,varchar,2,物料编码,150,True,False,False,textbox,False,False,False,,False,True,,,,,,custom,True,,,,,,,V_APS_MatrialProcessStatus,5599,False,,,江科,2025-09-09 09:15:58,9747
False,ProductName,nvarchar,2,物料名称,150,True,True,False,textbox,False,False,True,,False,False,,,,,,custom,True,,,,,False,,APS_GoodsPlanPre,5613,False,,,江科,2025-09-09 09:18:44,10430
False,Code,varchar,2,物料编码,150,True,False,False,textbox,False,False,False,,,,,,,,,custom,True,,,,,,,V_APS_DemandDeliveryPlan,6652,,,,江科,2025-09-09 09:15:58,11180
False,Code,varchar,2,物料编码,100,True,False,False,textbox,False,False,False,,False,True,,,,,,custom,True,,,,,,,V_APS_SalesPlanProcessPartMaterial,6701,False,,,江科,2025-09-09 09:15:58,12550
False,Code,varchar,2,物料编码,150,True,True,False,textbox,False,False,True,,,,,,,,,custom,True,,,,,,,V_APS_SalesPlanProcessPartMaterialAPP,6705,,,,江科,2025-09-09 09:15:58,12846
False,Code,varchar,2,物料编码,150,True,True,False,textbox,False,False,True,,False,False,,,,,,custom,True,,,,,,,V_APS_SalesPlanForm,6718,False,,,江科,2025-09-09 09:15:58,13159
False,Code,varchar,2,物料编码,150,True,True,False,textbox,False,False,True,,,,,,,,,custom,True,,,,,,,V_APS_SalesPlanProcessMaterialDayHistory,6720,,,,江科,2025-09-09 09:15:58,13231
False,MaterialName,nvarchar,2,物料名称,150,True,True,False,textbox,False,False,True,,,False,,,,,,custom,True,,,,,,,V_MES_OrderOutputPersonsNoScheduling,5116,False,,,江科,2025-09-09 09:18:44,7465
False,ProcessGroupName,nvarchar,2,工艺,550,True,True,False,textbox,False,False,True,倒序,False,False,模糊匹配,,,,,,True,按线工艺,,,,False,,V_APS_Material,1180,False,,,管理员,2026-04-29 13:55:55,7360
False,Code,varchar,2,物料编码,150,True,True,False,textbox,False,False,True,,,True,,,,,,custom,True,,,,,,,V_Import_Order,5080,False,,,江科,2025-09-09 09:15:59,6701
False,MaterialName,nvarchar,2,物料名称,150,True,True,False,textbox,False,False,True,,,False,,,,,,custom,True,,,,,,,V_APS_SchedulingForOutput,5048,False,,,江科,2025-09-09 09:18:44,6602
False,Code,varchar,2,物料编码,150,True,True,False,textbox,False,False,True,,,,,,,,,custom,True,,,,,,,V_APS_MaterialNoBOM,5120,,,,江科,2025-09-09 09:15:58,7582
False,MaterialName,nvarchar,2,物料名称,150,True,True,False,textbox,False,False,True,,,,,,,,,custom,True,,,,,,,V_MES_OrderOutputPersonsNoAudit,5117,,,,江科,2025-09-09 09:18:44,7511
False,Code,varchar,2,物料编码,150,True,True,False,textbox,False,False,True,,,False,,,,,,custom,True,,,,,,,V_APS_MaterialNoProcess,5119,False,,,江科,2025-09-09 09:15:58,7578
False,ProductName,nvarchar,2,物料名称,150,True,True,False,textbox,False,False,True,,,False,,,,,,custom,True,,,,,,,V_APS_OrderInputOutput,5122,False,,,江科,2025-09-09 09:18:44,7606
False,CreatedBy,varchar,2,导入人,80,True,False,False,,False,False,False,,,True,,,,,,custom,True,,,,,,,V_APS_ProcessMaterialError,5126,,,,江老师,2026-03-06 08:14:10,7658
False,Code,varchar,2,物料编码,80,True,False,False,textbox,False,False,False,,False,False,,,,,,,True,,,,,False,,V_APS_OrderPlanMaterialForm,5165,False,,,温广燕,2026-06-16 11:03:09,9063
False,Code,varchar,2,物料编码,85,True,False,False,textbox,False,False,False,,,True,模糊匹配,,,,,custom,True,,,,,,,V_OrderPlan3,5156,False,,,江科,2025-09-09 09:15:58,8867
False,BatchNO,nvarchar,2,询单编号,120,True,False,False,textbox,False,False,True,,,,,,,,,,True,,,,,,,V_APS_Report44,19334,,,,管理员,2026-01-23 16:12:24,39298
False,OrganizeID,int,2,组织ID,80,True,False,False,numberbox,False,False,,,,,,,,,,,True,,,,,,,APS_NewProductTrial,27560,,,,system,2026-01-07 11:06:32,40524
False,OrganizeID,int,2,组织ID,80,True,False,False,numberbox,False,False,,,,,,,,,,,True,,,,,,,APS_QualityAbnormalityCase,27559,,,,system,2026-01-07 11:06:32,40559
False,E2,decimal,2,呆滞数量,80,True,False,False,numberbox,False,False,,,,,,,,,,,True,,,,,,,V_APS_PrepareView15,7870,,,,温广燕,2026-01-31 16:13:07,42092
False,Extend10,nvarchar,2,属性,80,True,False,False,textbox,False,False,,,,,,,,,,,True,,,,,,,V_APS_Report45,19333,,,,温广燕,2026-05-21 14:40:18,42269
False,SuplierCode,varchar,2,供应商代码,100,True,False,False,textbox,False,False,,,,,,,,,,,True,,,,,,,APS_DeliveryRule,8991,,,,温广燕,2026-01-28 11:20:21,42272
False,Code,varchar,2,物料编码,85,True,False,False,textbox,False,False,,,,True,,,,,,,True,,,,,,,V_APS_MaterialOrg,25481,,,,管理员,2026-01-26 11:27:39,41795
False,ResourcesName,nvarchar,2,资源名称,100,True,True,False,textbox,False,False,,,,True,,,,,,,True,,,,,,,V_APS_AssessmentResources,27573,,,,吴鑫鹏,2026-01-22 16:11:20,41704
False,OrganizeName,nvarchar,2,组织,100,True,False,False,textbox,False,False,,,,,,,,,,,True,,,,,,,APS_AssessmentHR,27574,,,,system,2026-01-22 15:16:30,41574
False,OrganizeName,nvarchar,2,组织,100,True,False,False,textbox,False,False,,,,,,,,,,,True,,,,,,,APS_AssessmentResources,27576,,,,system,2026-01-22 15:16:30,41615
False,OrganizeID,bigint,2,组织ID,80,True,False,False,numberbox,False,False,,,,,,,,,,,True,,,,,,,APS_AssessmentMachine,27575,,,,system,2026-01-22 15:16:30,41594
False,OrderNo,varchar,2,生产单号,100,True,False,False,textbox,False,False,,,,,,,,,,,True,,,,,,,V_APS_Report41,19337,,,,温广燕,2026-01-16 11:45:56,41474
False,PositionName,nvarchar,2,岗位名称,160,True,True,False,textbox,False,False,True,,False,True,,,,,,,True,,,,,,,V_Dev_Position,27568,,,,温广燕,2026-01-15 17:34:48,40867
False,OrganizeName,nvarchar,2,组织,100,True,False,False,textbox,False,False,,,,,,,,,,,True,,,,,,,Dev_PositionLevelMap,27563,,,,system,2026-01-12 20:35:49,40825
False,OrganizeName,nvarchar,2,组织,100,True,False,False,textbox,False,False,,,,,,,,,,,True,,,,,,,Dev_PositionAccountMap,27564,,,,system,2026-01-12 20:35:49,40799
False,OrganizeName,nvarchar,2,组织,100,True,False,False,textbox,False,False,,,,,,,,,,,True,,,,,,,APS_ProcessPosition,27565,,,,system,2026-01-12 20:35:49,40780
False,CreatedByName,nvarchar,2,姓名,100,True,False,False,,False,False,,升序,,,,,,,,,True,,,,,,,V_PWS_WageTrendReport,3049,,,,江老师,2026-03-03 10:21:48,38385
False,SyncDatetime,datetime,2,同步日期,110,True,False,False,datebox,False,False,,,,,,,,,,,True,,,,,,,V_APS_Report35,11154,,,,温广燕,2025-11-03 10:49:51,38302
False,OrderDate,datetime,2,下单时间,80,True,False,False,datebox,False,False,,,,True,,,{0:MM-dd},,,,True,,,,,,,V_APS_MOPlanStep1V10,9013,,,,廖尚华,2025-12-17 10:36:41,38347
False,CreatedBy,varchar,2,创建账号,100,True,False,False,,False,False,,,,,,,,,,,True,,,,,,,APS_OrganizeDemandOrder,26524,,,,system,2025-10-30 16:15:32,38177
False,FNameCaption,nvarchar,2,字段描述,80,True,True,False,textbox,False,False,,,,,,,,,,custom,True,,,,,,,APS_InterfaceSAPInput,9031,,,,廖尚华,2025-12-24 20:18:39,39125
False,Extend14,nvarchar,2,物料分组,100,True,False,False,textbox,False,False,,,,,,,,,,,True,,,,,,,V_APS_MaterialBalancePlan,27524,,,,吴鑫鹏,2025-11-05 15:50:10,38533
False,LineNum,int,2,来源行号,50,True,False,False,textbox,False,False,,升序,,True,,,,,,,True,,,,,,,V_APS_SalesPlanMaterial,6681,,,,吴鑫鹏,2025-11-12 16:12:44,39068
False,PlanQty,decimal,2,计划数,80,True,False,False,numberbox,False,False,,,,,,,,,,,True,,,,,,,V_APS_PrepareView11,7849,,,,温广燕,2026-02-04 16:17:45,38118
False,Extend2,varchar,2,单据状态,100,True,False,False,textbox,False,False,,,,,,,,,,,True,,,,,,,V_APS_ProcessMaterialHistory,26520,,,,陈坤和,2025-10-29 21:02:18,38109
False,AllOnload,decimal,2,在途汇总,80,True,False,False,numberbox,False,False,,,,,,,,,,,True,,,,,,,V_APS_MaterialBalanceHistoryReason,26522,,,,system,2025-10-29 20:30:04,38055
False,Code,varchar,2,物料编码,100,True,False,False,textbox,False,False,,,,,,,,,,,True,,,,,,,V_APS_MaterialBalanceHistory,26523,,,,system,2025-10-29 20:30:04,38044
False,ProcessMaterial,varchar,2,配置ID,100,True,False,False,textbox,False,False,,,,,,,,,,,True,,,,,,,APS_ProcessMaterialHistory,26519,,,,system,2025-10-29 20:30:04,38010
False,OrganizeName,nvarchar,2,组织,100,True,False,False,textbox,False,False,,,,,,,,,,,True,,,,,,,APS_MaterialBalanceTotalHistory,26518,,,,system,2025-10-29 20:30:04,37989
False,OrganizeName,nvarchar,2,组织,100,True,False,False,textbox,False,False,,,,,,,,,,,True,,,,,,,APS_MaterialBalanceHistory,26517,,,,system,2025-10-29 20:30:04,37962
False,CreatedBy,varchar,2,创建账号,100,True,False,False,,False,False,,,,,,,,,,,True,,,,,,,APS_ManualForecastDetail,9003,,,,system,2025-10-29 09:41:02,37922
False,Extend15,nvarchar,2,生产组织,100,True,False,False,textbox,False,False,,升序,,True,,,,,,,True,,,,,,,V_APS_OrderAchievedRate,26508,,,,温广燕,2026-01-26 11:12:49,37287
False,S2,decimal,2,报工数,80,True,False,False,numberbox,False,False,,,,,,,,,,,True,,,,,,,V_APS_Report48,19330,,,,温广燕,2025-10-22 17:53:53,37192
False,SourceOrderNo,varchar,2,销售订单,100,True,False,False,textbox,False,False,,,False,True,,,,,,,True,,,,,,,V_APS_SalesOrderDetailDelivery,26509,,,,江科,2025-11-06 09:59:53,37132
False,StartNumber,int,2,起始数量,100,True,True,False,numberbox,False,False,True,升序,,,,,,,,,True,,,,,,,V_APS_MaterialLadderLossConfig,26504,,,,温广燕,2025-10-15 08:26:16,36325
False,MaterialType,nvarchar,2,分类,100,True,False,False,textbox,False,False,True,升序,True,True,,,,,,,True,,,,,,,V_APS_MaterialLadderLossRelated,26503,,,,江科,2025-10-15 16:06:05,36368
False,OrderNo,varchar,2,生产单号,100,True,False,False,textbox,False,False,,,,True,,,,,,,True,,,,,,,V_APS_Orderfinish,24427,,,,吴鑫鹏,2025-10-14 15:24:41,36114
False,OrganizeName,nvarchar,2,组织,100,True,False,False,textbox,False,False,,,,,,,,,,,True,,,,,,,APS_MaterialLadderLossRelated,26502,,,,system,2025-10-14 17:50:24,36305
False,OrganizeName,nvarchar,2,组织,100,True,False,False,textbox,False,False,,,,,,,,,,,True,,,,,,,APS_MaterialLadderLossConfig,26501,,,,system,2025-10-14 17:50:24,36284
False,DutyUnit,nvarchar,2,责任部门,100,True,True,False,textbox,False,False,,,,True,,,,,,,True,,,,,,,APS_DutyDepartment,19294,,,,江科,2025-09-10 10:59:49,34147
False,MaterialID,int,2,MaterialID,80,True,False,False,numberbox,False,False,,,,,,,,,,,True,,,,,,,APS_MaterialOrg,25480,,,,system,2025-09-09 10:09:42,33927
False,SchedulingType,nvarchar,2,排产类型,100,True,False,False,textbox,False,False,,,,True,,,,,,,True,,,,,,,V_ProcessOrganizeMap,26489,,,,温广燕,2025-09-23 11:07:36,34454
False,ViewSort,int,2,顺序,65,True,True,False,numberbox,False,False,,升序,,,,,,,,,True,,,,,,,V_APS_Report51,19326,,,,吴鑫鹏,2025-09-27 10:21:33,34372
False,ProcessValues,nvarchar,2,适用工序,200,True,False,False,textbox,False,False,,,,,,,,,,,True,,,,,,,V_Dev_OrganizeProcess,26492,,,,江科,2025-10-23 08:52:57,35113
False,OrderNo,varchar,2,生产单号,100,True,False,False,textbox,False,False,,,,True,,,,,,,True,,,,,,,V_APS_SalesOrderDeliveryReplyInfo,26495,,,,江科,2025-10-22 13:54:40,35242
False,MasterMaterialName,nvarchar,2,产品名称,90,True,False,False,textbox,False,False,,,,,,,,,,,True,,,,,,,V_APS_Report36,11153,,,,管理员,2026-04-13 14:45:02,45103
False,Code,varchar,2,物料编码,100,True,False,False,textbox,False,False,,,,True,,,,,,,True,,,,,,,V_APS_Report37,10124,,,,温广燕,2026-04-11 13:59:34,45106
False,Spec,nvarchar,2,规格型号,350,True,False,False,textbox,False,False,,,True,,,,,,,,True,,,,,,,V_APS_ProcessPartMaterial2,28595,,,,管理员,2026-04-24 13:29:44,44260
False,OrganizeName,nvarchar,2,组织,100,True,False,False,textbox,False,False,,,,,,,,,,,True,,,,,,,APS_MaterialForecastForm,28600,,,,system,2026-03-16 14:51:03,44307
False,OrganizeName,nvarchar,2,组织,100,True,False,False,textbox,False,False,,,,,,,,,,,True,,,,,,,APS_MaterialForecastBom,28599,,,,system,2026-03-16 14:51:03,44284
False,S1,decimal,2,超订汇总,80,True,False,False,numberbox,False,False,,,,,,,,,,,True,,,,,,,V_APS_MaterialBalanceByType,28572,,,,system,2026-01-29 10:42:03,42378
False,SupplierGroup,nvarchar,2,分组,100,True,False,False,textbox,False,False,,,,,,,,,,,True,,,,,,,V_APS_PrepareView17,7869,,,,温广燕,2026-01-28 11:43:18,42326
False,DocNo,varchar,2,发料单号,100,True,False,False,textbox,False,False,,,,,,,,,,,True,,,,,,,V_WMS_ArrivalGoods,11180,,,,温广燕,2026-02-04 14:49:13,42615
False,LevelName,nvarchar,2,岗位等级,80,True,False,False,textbox,False,False,,升序,False,True,,,,,,,True,,,,,,,V_Dev_PositionAccountMap,27567,,,,江老师,2026-03-09 20:29:25,42928
False,PositionName,nvarchar,2,子岗位名称,150,True,True,False,textbox,True,False,True,升序,,True,,,,,,,True,,,,,,,V_Dev_PositionDetail,28586,,,,管理员,2026-03-11 08:54:28,42836
False,Name,nvarchar,2,姓名,100,True,True,False,textbox,False,False,,,,,,,,,,,True,,,,,,,Dev_PositionExamRecord,28587,,,,温广燕,2026-03-05 18:01:20,42802
False,Name,nvarchar,2,姓名,125,True,True,False,textbox,True,False,True,,,True,,,,,,,True,,,,,,,V_Dev_AccountEmployee,28585,,,,江老师,2026-03-10 09:08:14,42806
False,SalesCustomerName,nvarchar,2,客户名称(销售),200,True,False,False,textbox,False,False,,,,,,,,,,,True,,,,,,,V_APS_PrepareView1,7793,,,,江老师,2026-03-12 17:03:10,43798
False,MaterialID,bigint,2,料品ID,80,True,False,False,numberbox,False,False,,,,,,,,,,,True,,,,,,,MES_RouteReport,28592,,,,system,2026-03-13 09:12:04,44047
False,CustomerName,nvarchar,2,客户名称,160,True,False,False,textbox,False,False,,升序,False,True,,,,,,,True,,,,,,,V_APS_OrderForCheck,5053,,,,简萍华,2026-03-16 13:30:30,44039
False,OrganizeName,nvarchar,2,生产线,100,True,False,False,textbox,False,False,,,,True,,,,,,,True,,,,,,,V_APS_SalesOrderDetailDeliver3Total,27540,,,,江老师,2026-03-12 15:21:44,43803
False,Name,nvarchar,2,姓名,110,True,False,False,textbox,False,False,,,,True,,,,,,,True,,,,,,,V_APS_LineAttendance,10113,,,,江老师,2026-03-11 15:27:58,43611
False,ProcessPartName,varchar,2,类型,130,True,False,False,textbox,False,False,,,,True,,,,,,,True,,,,,,,V_APS_Report18,7922,,,,范龙生,2026-04-27 12:18:48,46519
False,OrderNo,varchar,2,工单号,80,True,False,False,textbox,False,False,,,,True,,,,,,,True,,,,,,,V_APS_Report14,7848,,,,温广燕,2026-05-14 09:31:26,45864
False,OrderID,bigint,2,工单ID,80,True,False,False,numberbox,False,False,,,,,,,,,,,True,,,,,,,MES_OrderRouteReport,28639,,,,system,2026-05-05 16:31:34,46902
False,ProcessPartName,nvarchar,2,类型,60,True,False,False,textbox,False,False,,,,True,,,,,,,True,,,,,,,V_APS_PrepareView20,7866,,,,范龙生,2026-04-27 12:24:43,46527
False,Extend13,int,2,委外,50,True,True,False,checkbox,False,False,,,,,,,,,,,True,,,,,,,V_APS_MOPlanStep4V11,9019,,,,温广燕,2026-04-27 11:02:29,46497
False,LineName,nvarchar,2,生产组,100,True,False,False,textbox,False,False,,,,,,,,,,,True,,,,,,,V_APS_Report26,7913,,,,陈坤和,2026-04-28 17:38:28,46682
False,SuggestedStartDate,datetime,2,建议开工,80,True,False,False,datebox,False,False,,,,,,,,,,,True,,,,,,,V_APS_MOPlanStep1V2,7961,,,,廖尚华,2026-05-14 13:19:48,46678
False,MaterialType,nvarchar,2,分类,100,True,False,False,textbox,False,False,,,,,,,,,,,True,,,,,,,V_APS_OrderForPrepare,7973,,,,温广燕,2026-05-27 11:50:33,47725
False,OrderNo,varchar,2,生产单号,100,True,False,False,textbox,False,False,,升序,,True,,,,,,,True,,,,,,,V_APS_PrepareView5,7789,,,,温广燕,2026-05-20 17:44:52,47439
False,LineName,nvarchar,2,生产线别,100,True,False,False,textbox,False,False,,,,,,,,,,,True,,,,,,,V_APS_OrderForPrepare3,7975,,,,温广燕,2026-06-01 14:31:16,47897
False,OrderNo,varchar,3,生产单号,80,True,False,True,textbox,False,False,True,,,True,精确匹配,,,,,,True,,,,,,,V_APS_PrepareView1,7793,,,,system,2026-03-10 15:54:28,43388
False,OrderNo,varchar,3,生产单号,80,True,False,True,textbox,False,False,True,,,True,精确匹配,,,,,,True,,,,,,,V_APS_OrderWarning,28588,,,,system,2026-03-12 11:34:05,43665
False,Code,varchar,3,产品编码,100,True,True,True,textbox,True,False,True,,,True,,,,,,,True,,,,,,,V_APS_SalesOrderDetailDeliverFreeze,24395,,,,江老师,2026-03-13 08:37:41,44029
False,Remark1,nvarchar,3,类型,80,True,False,True,,False,False,,升序,True,True,,,,,,,True,,,,,,,V_APS_SchedulingOutByOrder,73,,,,管理员,2026-05-05 17:50:10,43827
False,PositionName,nvarchar,3,岗位,80,True,True,True,combobox,False,False,True,,,True,,,,,,,True,岗位,,,,,,V_Dev_PositionExamRecord,28584,,,,管理员,2026-04-28 10:56:08,42885
False,LineName,nvarchar,3,生产线别,100,True,False,True,textbox,False,False,,,True,,,,,,,,True,,,,,,,V_APS_ProcessStaffMatrix,28574,,,,陈坤和,2026-01-31 08:44:13,42521
False,OrderNo,varchar,3,生产单,70,True,False,True,textbox,False,False,,升序,True,True,,,,,,,True,,,,,,,V_APS_ProductionReportMt,28573,,,,温广燕,2026-03-13 13:40:31,42425
False,Qty,decimal,3,数量,70,True,True,True,numberbox,True,False,True,,,,,,,,,,True,,,,,,,V_APS_MaterialForecast,8978,,,,温广燕,2026-04-24 09:57:03,44335
False,NoWorkHours,bit,3,忽略,35,True,True,True,checkbox,False,False,,,,,,,,,,,True,,,,,,,V_APS_MOPlanStep4,6734,,,,管理员,2026-06-16 09:58:30,45354
False,Spec,nvarchar,3,规格型号,150,True,False,True,textbox,False,False,,,,,,,,,,,True,,,,,,,V_APS_MaterialForecastBom,28597,,,,温广燕,2026-05-20 08:38:57,44733
False,MasterMaterialName,nvarchar,3,产品名称,80,True,False,True,textbox,False,False,,,True,,,,,,,,True,,,,,,,V_APS_MaterialForecastForm,28598,,,,管理员,2026-04-13 11:35:19,44723
False,OrderNo,varchar,3,生产单号,80,True,False,True,textbox,False,False,,升序,,True,,,,,,,True,,,,,,,V_APS_MOPlanStep2V1,7943,,,,system,2026-03-31 16:50:16,44813
False,Extend10,nvarchar,3,属性,50,True,False,True,textbox,False,False,,,False,,,,,,,,True,,,,,,,V_APS_SalesOrderBom,26496,,,,管理员,2026-01-23 16:21:12,35216
False,LineName,nvarchar,3,生产线,100,True,False,True,textbox,False,False,,,,,,,,,,,True,,,,,,,V_APS_Report19,7920,,,,管理员,2025-11-06 16:36:43,36624
False,ProcessPartName,nvarchar,3,工段,80,True,False,True,textbox,False,False,True,,,True,,,,,,,True,,,,,,,V_APS_ProcessMaterial,15,,,,江老师,2026-03-18 13:35:26,40702
False,Code,varchar,3,物料编码,90,True,False,True,textbox,False,False,,,,True,,,,,,,True,,,,,,,V_APS_PrepareView6,7788,,,,管理员,2026-03-02 08:34:29,41941
False,LineName,nvarchar,3,线别,100,True,False,True,textbox,False,False,,,False,True,,,,,,,True,,,,,,,APS_ProductCheck_JDY,27536,,,,管理员,2025-12-24 08:25:50,39344
False,Code,varchar,3,物料编码,100,True,False,True,textbox,False,False,,,,True,,,,,,,True,,,,,,,APS_ProductAgingCondition_JDY,27555,,,,管理员,2025-12-25 15:07:45,39771
False,ToolingName,nvarchar,3,工装名称,100,True,False,True,textbox,False,False,,,False,True,,,,,,,True,,,,,,,APS_ToolingRegister_JDY,27556,,,,管理员,2026-04-28 17:03:35,39801
False,CustomerID,bigint,3,客户,240,True,True,True,combobox,False,False,True,,,True,,,,,,,True,客户,,,,,,V_APS_ManualForecastDetail,24402,,,,管理员,2025-12-31 11:45:05,39841
False,Code,varchar,3,物料编码,90,True,False,True,textbox,False,False,False,,,True,,,,,,,True,,,,,,,V_APS_DayPlanForActive,6688,,,,江科,2025-09-09 16:56:36,12252
False,MaterialName,nvarchar,3,物料名称,150,True,True,True,textbox,False,False,True,,,True,,,,,,custom,True,,,,,,,WMS_StockByMonth,3017,,,,江科,2025-09-09 09:18:46,4118
False,SupplierName,nvarchar,3,供应商名称,300,True,False,True,textbox,False,False,False,,,True,,,,,,custom,True,,,,,,,Dev_Supplier,1198,,,,管理员,2025-12-25 11:26:11,3458
False,ItemCustomerCode,varchar,3,物料编码,150,True,True,True,textbox,False,False,True,,,False,,,,,,custom,True,,,,,,,V_APS_MonthlyDemand,3002,,,,江科,2025-09-28 10:11:51,3731
False,OrganizeName,nvarchar,3,组织名称,180,True,True,True,textbox,True,False,True,,False,True,,,,,,,True,,,,,False,,V_Dev_Organize,3026,False,,,江科,2025-09-27 14:17:08,5650
False,WorkingDate,datetime,3,工作日期,100,True,False,True,datebox,False,False,True,升序,,True,,大于等于今天,,,,custom,True,,,,,,,V_APS_OrganizeWorkingTimesDetail,97,,,,温广燕,2026-03-16 14:31:00,1505
False,Code,varchar,3,物料编码,100,True,False,True,textbox,False,False,False,,,True,,,,,,custom,True,,,,,,,V_APS_SchedulingMachine,96,,,,江科,2025-09-09 09:15:59,1557
False,Code,varchar,3,物料编码,100,True,True,True,textbox,False,False,True,,,False,,,,,,custom,True,,,,,,,V_APS_SchedulingOutByWorkStationPrice,128,,,,江科,2025-09-09 09:15:59,2153
False,MaterialName,nvarchar,3,物料名称,200,True,True,True,textbox,False,False,True,,,False,,,,,,custom,True,,,,,,,V_APS_SchedulingOutByWorkStationPrice,128,,,,江科,2025-09-09 09:18:46,2155
False,FieldIndex,int,3,顺序,50,True,True,True,numberbox,False,False,True,升序,,False,,,,,,custom,True,,left,,,,,V_DictionaryField,35,False,,,温广燕,2026-03-25 12:02:54,750
False,DictionaryID,int,3,ID,60,True,False,True,textbox,False,True,False,倒序,,True,精确匹配,,,,,,True,,,,,,,Dev_Dictionary,33,,,,温广燕,2026-04-25 10:48:18,331
False,OrderNo,varchar,3,工单号,80,True,False,True,textbox,False,False,,,,True,,,,,,,True,,,,,,,V_APS_Report1,7842,,,,廖尚华,2026-06-03 09:38:45,28498
False,Code,varchar,3,物料编码,80,True,False,True,textbox,False,False,True,,,True,,,,,,custom,True,,,,,,,V_APS_OrderInfo,13,,,,管理员,2026-01-21 19:34:54,27638
False,ItemCode,varchar,3,物料编码,100,True,False,True,textbox,False,False,True,,,True,,,,,,custom,True,,,,,,,APS_DeliveryDataByName,17271,,,,廖尚华,2026-02-02 11:16:07,26265
False,OrderNo,varchar,3,生产单号,80,True,False,True,textbox,False,False,,升序,,True,,,,,,,True,,,,,,,V_APS_MOPlanStep1V9,9014,,,,范龙生,2026-03-31 18:23:17,24951
False,ProductCode,varchar,3,产品编码,80,True,False,True,textbox,False,False,False,,False,True,,,,,,custom,True,,,,,False,,V_APS_Report17,7843,False,,,廖尚华,2026-05-22 11:39:22,14940
False,Code,varchar,3,物料编码,90,True,False,True,textbox,False,False,False,,False,True,,,,,,custom,True,,,,,,,V_APS_PrepareView4,7790,,,,管理员,2026-04-29 12:02:19,14161
False,Code,varchar,3,成品料号,60,True,False,True,textbox,False,False,,,,True,,,,,,custom,True,,,,,,,V_APS_PrepareView5,7789,,,,温广燕,2026-05-19 18:03:59,20840
False,Code,varchar,3,产品编码,80,True,False,True,textbox,False,False,False,,,True,,,,,,custom,True,,,,,,,V_APS_SalesOrderDetailPlanLine,12192,,,,江老师,2026-03-16 11:05:52,21234
False,OrderNo,varchar,3,工单号,70,True,False,True,textbox,False,False,,,,True,,,,,,,True,,,,,,,V_APS_Report10,7833,,,,管理员,2026-04-14 09:29:08,23720
False,LineID,bigint,3,生产线,90,True,True,True,combobox,False,False,,升序,,True,,,,,,,True,工序线别,,,,,,V_APS_MOPlanStep1V10,9013,,,,管理员,2025-12-09 22:39:14,22406
False,OrderNo,varchar,3,生产单号,80,True,False,False,textbox,False,False,,升序,True,True,,,,,,custom,True,,,,,,,V_APS_Report29,7912,,,,管理员,2025-12-20 09:54:50,24295
False,CustomerName,nvarchar,3,名称,320,True,False,False,textbox,False,False,,,,True,,,,查看客户,,custom,True,,,,,,,V_Dev_Customer,11139,,,,管理员,2025-12-25 11:27:37,21136
False,Code,varchar,3,物料编码,90,True,False,False,textbox,False,False,,,,,,,,,,custom,True,,,,,,,V_APS_Report23,7918,,,,江科,2025-09-09 09:15:59,20792
False,Code,varchar,3,物料编码,90,True,False,False,textbox,False,False,False,,,True,模糊匹配,,,,,custom,True,,,,,,,APS_OrderPlanMaterialFormPrepare,7803,,,,江科,2025-09-09 09:15:59,13713
False,MaterialName,nvarchar,3,物料名称,200,True,False,False,textbox,False,False,False,,,True,模糊匹配,,,,,custom,True,,,,,,,V_APS_PrepareView25,7861,,,,江老师,2026-03-04 10:48:23,14480
False,ProductName,nvarchar,3,物料名称,130,True,False,False,textbox,False,False,False,,,True,,,,,,custom,True,,,,,,,V_APS_OrderPlanMaterialFormAnther2,9001,,,,江科,2025-09-09 09:18:46,18152
False,Code,varchar,3,物料编码,150,True,False,False,textbox,False,False,False,,,,,,,,,custom,True,,,,,,,APS_OrderPlanMaterialFormAnther,9000,,,,江科,2025-09-09 09:15:59,18049
False,Code,varchar,3,物料编码,90,True,False,False,textbox,False,False,False,,,True,模糊匹配,,,,,custom,True,,,,,,,V_APS_Proofing1,9024,,,,江科,2025-09-09 09:15:59,18952
False,NoSchedulingWeek,bit,3,挂起,50,True,True,False,checkbox,False,False,,,,,,,,,,custom,True,,,,,,,V_APS_MOPlanStep4V11,9019,,,,温广燕,2026-04-27 11:03:01,19095
False,Spec,nvarchar,3,物料规格,260,True,False,False,textbox,False,False,,,,,,,,,,,True,,,,,,,V_APS_Report33,7907,,,,江科,2025-09-09 16:57:02,16917
False,Code,varchar,3,物料编码,100,True,False,False,textbox,False,False,False,,,True,,,,,,custom,True,,,,,,,APS_OrderPlanMaterialFormPrepareHistory,82,,,,江科,2025-09-09 09:15:59,17002
False,Code,varchar,3,物料编码,100,True,False,False,textbox,False,False,False,升序,,True,,,,,,custom,True,,,,,,,V_APS_MOPlanStep4V1,7945,,,,江科,2025-09-09 09:15:59,17204
False,OrderNo,varchar,3,工单号,150,True,False,False,textbox,False,False,False,,,True,,,,,,custom,True,,,,,,,V_APS_OrderForPrepare3,7975,,,,温广燕,2026-06-01 14:31:35,17451
False,MaterialName,nvarchar,3,物料名称,150,True,False,False,textbox,False,False,True,,,False,,,,,,,True,,,,,,,V_APS_OrderForm,15199,,,,江老师,2026-03-03 13:29:55,25305
False,materialName,nvarchar,3,物料名称,80,True,False,False,textbox,False,False,,,,True,,,,,,custom,True,,,,,,,V_APS_MaterialSupplierALL,17265,,,,江科,2025-09-09 09:18:46,26325
False,SuplierName,nvarchar,3,供应商名称,180,True,False,False,textbox,False,False,,,,True,,,,,,,True,,,,,,,V_APS_WeekDeliveryDataDetail,18288,,,,管理员,2026-04-28 11:39:00,28547
False,Code,varchar,3,物料编码,100,True,False,False,textbox,False,False,,,,True,精确匹配,,,,,custom,True,,,,,,,V_APS_DeliveryData2,17277,,,,温广燕,2026-06-01 14:25:05,26641
False,OrderCount,int,3,计划订单,90,True,False,False,numberbox,False,False,,,,,,,,,,,True,,,,,,,V_APS_PrepareView8,7851,,,,管理员,2026-06-16 13:47:06,29103
False,ButtonID,int,3,按钮,80,True,True,False,combobox,False,False,True,,,,,,,,,,True,按钮,,,,,,V_APS_Report58,19320,,,,吴鑫鹏,2025-09-27 11:40:17,33751
False,ProcessName,nvarchar,3,工序,100,True,False,False,textbox,False,False,,,,,,,,,,,True,,,,,,,V_APS_SchedulingSpecial,125,,,,江老师,2026-03-04 10:44:57,33743
False,Code,varchar,3,物料编码,90,True,False,False,textbox,False,False,,,,,,,,,,,True,,,,,,,V_APS_DayPlanReachList,12195,,,,江科,2025-09-09 09:15:59,30113
False,MaterialName,nvarchar,3,物料名称,200,True,True,False,textbox,False,False,True,,,,,,,,,custom,True,,,,,,,WMS_Stock,78,,,,江科,2025-09-09 09:18:46,1216
False,MachineName,nvarchar,3,机台名称,120,True,True,False,textbox,False,False,True,,,True,,,,,,custom,True,,,,,,,APS_Machine,90,,,,管理员,2026-04-28 14:51:18,1381
False,code,varchar,3,物料编码,150,True,True,False,textbox,False,False,True,,,True,,,,,,custom,True,,,,,,,V_APS_OrderForPrint,152,,,,江科,2025-09-09 09:15:59,2636
False,Code,varchar,3,物料编码,150,True,False,False,textbox,False,False,False,,,True,,,,,,custom,True,,,,,,,V_Dev_PackageSpecMaterial,153,,,,江科,2025-09-09 09:15:59,2648
False,Code,varchar,3,物料编码,150,True,False,False,textbox,False,False,False,,,True,,,,,,custom,True,,,,,,,V_Dev_PackageSpecMaterialData,154,,,,江科,2025-09-09 09:15:59,2654
False,Code,nvarchar,3,物料编码,150,True,True,False,textbox,True,False,True,,,False,,,,,,custom,True,,,,,,,WMS_Shelves,168,,,,江科,2025-09-09 09:15:59,2903
False,品名,nvarchar,3,物料名称,150,True,True,False,textbox,False,False,True,,,True,,,,,,custom,True,,,,,,,V_APS_SchedulingOutByMachine,142,,,,江科,2025-09-09 09:18:46,2433
False,MaterialName,nvarchar,3,物料名称,150,True,True,False,textbox,False,False,True,,,,,,,,,custom,True,,,,,,,Import_BomDB,5042,,,,江科,2025-09-09 09:18:44,5680
False,Code,varchar,3,产品编码,80,True,False,False,textbox,False,False,False,,,True,,,,,,custom,True,,,,,,,V_APS_OrderForCheck,5053,False,,,江老师,2026-03-16 10:55:09,5908
False,MaterialName,nvarchar,3,物料名称,150,True,True,False,textbox,False,False,True,,,,,,,,,custom,True,,,,,,,Import_OrderHistory,5008,,,,江科,2025-09-09 09:18:44,4520
False,MaterialName,nvarchar,3,物料名称,150,True,True,False,textbox,False,False,True,,,,,,,,,custom,True,,,,,,,Import_BomHistory,5009,,,,江科,2025-09-09 09:18:44,4502
False,MaterialName,nvarchar,3,物料名称,110,True,False,False,textbox,False,False,False,,,True,,,,,,custom,True,,,,,,,V_APS_MaterialBOM,1185,,,,廖尚华,2026-05-14 10:39:32,3237
False,Code,varchar,3,物料编码,150,True,False,False,textbox,False,False,False,,,False,,,,,,custom,True,,,,,,,V_APS_ProcessGroupMaterial,1179,,,,江科,2025-09-09 09:15:59,3249
False,IsScheduling,bit,3,排产,70,True,True,False,checkbox,False,False,True,,,,,,,,,,True,,,,,,,V_APS_ProcessGroupInfo,1186,,,,管理员,2025-11-21 15:51:29,3255
False,MaterialID,bigint,3,物料名称,160,True,True,False,textbox,False,False,True,,,,,,,,,custom,True,,,,,,,V_APS_ProcessGroupMaterialProcess,1181,,,,江科,2025-09-09 09:18:44,3101
False,MaterialName,nvarchar,3,物料名称,200,True,False,False,textbox,False,False,False,,,True,,,,,,custom,True,,,,,,,V_WMS_StockForEdit,3018,,,,江科,2025-09-09 09:18:46,4140
False,Code,varchar,3,物料编码,150,True,False,False,textbox,False,False,False,,False,True,,,,,,custom,True,,left,,,,,V_APS_OrderPlanMaterialFormDemand,6668,False,,,江科,2025-09-09 09:15:59,11845
False,ProcessName,nvarchar,3,工序,100,True,False,False,textbox,False,False,False,,,,,,,,,,True,,,,,,,V_APS_ProcessScheduling,6659,,,,江科,2025-10-15 20:42:33,11520
False,Code,varchar,3,物料编码,150,True,False,False,textbox,False,False,False,,False,True,,,,,,custom,True,,left,,,False,,V_APS_MOPlan,6719,False,,,江科,2025-09-09 09:15:59,13294
False,Code,varchar,3,物料编码,150,True,False,False,textbox,False,False,False,,,,,,,,,custom,True,,,,,,,V_APS_OrderPlanMaterialFormAbnormal,7766,,,,江科,2025-09-09 09:15:59,13409
False,MaterialName,nvarchar,3,物料名称,150,True,True,False,textbox,False,False,True,,False,False,,,,,,custom,True,,,,,,,V_APS_SalesPlanForm,6718,False,,,江科,2025-09-09 09:18:44,13158
False,Code,varchar,3,物料编码,150,True,True,False,textbox,False,False,True,,,,,,,,,custom,True,,,,,,,APS_FormalPlanTemporary,6713,,,,江科,2025-09-09 09:15:59,12770
False,ItemCode,varchar,3,物料编码,150,True,False,False,textbox,False,False,False,,,,,,,,,custom,True,,,,,,,SCM_XBDeliveryDetail,6697,,,,江科,2025-09-28 10:11:51,12442
False,MaterialName,nvarchar,3,物料名称,150,True,False,False,textbox,False,False,False,,False,False,,,,,,custom,True,,,,,,,V_APS_SalesOrderDetailPlan,6698,False,,,江科,2025-09-09 09:18:44,12492
False,Code,varchar,3,物料编码,150,True,False,False,textbox,False,False,False,,,,,,,,,custom,True,,,,,,,APS_OrderPlanChange,5644,,,,江科,2025-09-09 09:15:59,11002
False,Code,varchar,3,物料编码,150,True,False,False,textbox,False,False,False,,False,True,,,,,,custom,True,,,,,,,V_OrderPlan3V2P2,5640,False,,,江科,2025-09-09 09:15:59,10928
False,ItemCode,varchar,3,物料编码,150,True,False,False,textbox,False,False,False,,,,,,,,,custom,True,,,,,,,SCM_XBDelivery,5598,,,,江科,2025-09-28 10:11:51,9732
False,Code,varchar,3,物料编码,150,True,False,False,textbox,False,False,False,,,,,,,,,custom,True,,,,,,,APS_OrderPlanMaterialFormHistoryGoup,5611,,,,江科,2025-09-09 09:15:59,10050
False,ProductName,nvarchar,3,物料名称,150,True,False,False,textbox,False,False,False,,False,False,,,,,,custom,True,,,,,,,APS_GoodsPlanPreDetail,5614,False,,,江科,2025-09-09 09:18:44,10144
False,MaterialName,nvarchar,3,物料名称,250,True,False,False,textbox,False,False,False,,,True,,,,,,custom,True,,,,,,,V_OrderPlan3,5156,False,,,江科,2025-09-09 09:18:46,8868
False,Code,varchar,3,物料编码,150,True,False,False,textbox,False,False,False,,,,,,,,,custom,True,,,,,,,APS_OrderPlanMaterialForm,5157,,,,江科,2025-09-09 09:15:59,8875
False,MaterialName,nvarchar,3,物料名称,100,True,False,False,textbox,False,False,False,,False,False,,,,,,,True,,,,,False,,V_APS_OrderPlanMaterialForm,5165,False,,,温广燕,2026-06-16 11:03:09,9065
False,MaterialName,nvarchar,3,物料名称,150,True,True,False,textbox,False,False,True,,,False,,,,,,custom,True,,,,,,,V_APS_MaterialNoProcess,5119,False,,,江科,2025-09-09 09:18:44,7579
False,Code,varchar,3,物料编码,150,True,True,False,textbox,False,False,True,,,False,,,,,,custom,True,,,,,,,V_APS_OrderInputOutput,5122,False,,,江科,2025-09-09 09:15:59,7594
False,Code,varchar,3,物料编码,150,True,False,False,textbox,False,False,False,,,,,,,,,custom,True,,,,,,,V_WMS_StockSafe,5138,,,,江科,2025-09-09 09:15:59,8123
False,FNameCaption,nvarchar,3,字段描述,100,True,True,False,textbox,False,False,,,,,,,,,,custom,True,,,,,,,APS_InterfaceSAPOutputField,9033,,,,陈坤和,2026-01-14 15:16:34,39175
False,FName,varchar,3,字段,80,True,True,False,textbox,False,False,True,升序,,,,,,,,custom,True,,,,,,,APS_InterfaceSAPInputParameter,10119,,,,管理员,2025-11-12 18:18:52,39198
False,OrganizeName,nvarchar,3,组织,100,True,False,False,textbox,False,False,,,,,,,,,,,True,,,,,,,APS_QualityAbnormalityCase,27559,,,,system,2026-01-07 11:06:32,40560
False,OrganizeName,nvarchar,3,组织,100,True,False,False,textbox,False,False,,,,,,,,,,,True,,,,,,,APS_NewProductTrial,27560,,,,system,2026-01-07 11:06:32,40525
False,RuleType,nvarchar,3,规则类型,100,True,True,False,combobox,False,False,,,,,,,,,,,True,送货规则,,,,,,APS_DeliveryRule,8991,,,,温广燕,2026-01-28 11:20:47,42273
False,MaterialCode,varchar,3,物料编码,100,True,False,False,textbox,False,False,,,,True,,,,,,,True,,,,,,,V_APS_Report45,19333,,,,温广燕,2026-05-21 14:40:18,42266
False,GroupID,int,3,群组ID,80,True,False,False,numberbox,False,False,,,,,,,,,,,True,,,,,,,APS_AssessmentHR,27574,,,,system,2026-01-22 15:16:30,41575
False,MaterialName,nvarchar,3,物料名称,95,True,False,False,textbox,False,False,,,,,,,,,,,True,,,,,,,V_APS_MaterialOrg,25481,,,,管理员,2026-01-26 11:27:39,41796
False,GroupID,int,3,群组ID,80,True,False,False,numberbox,False,False,,,,,,,,,,,True,,,,,,,APS_ProcessPosition,27565,,,,system,2026-01-12 20:35:49,40781
False,GroupID,int,3,群组ID,80,True,False,False,numberbox,False,False,,,,,,,,,,,True,,,,,,,Dev_PositionAccountMap,27564,,,,system,2026-01-12 20:35:49,40800
False,GroupID,int,3,群组ID,80,True,False,False,numberbox,False,False,,,,,,,,,,,True,,,,,,,Dev_PositionLevelMap,27563,,,,system,2026-01-12 20:35:49,40826
False,Code,varchar,3,物料编码,100,True,False,False,textbox,False,False,,,,,,,,,,,True,,,,,,,V_APS_Report41,19337,,,,温广燕,2026-02-28 15:20:44,41475
False,ProcessName,nvarchar,3,岗位(工序)名称,100,True,False,False,textbox,False,False,,,,True,,,,,,,True,,,,,,,V_APS_ProcessPosition,27569,,,,温广燕,2026-01-15 17:30:10,41347
False,OrganizeName,nvarchar,3,组织,100,True,False,False,textbox,False,False,,,,,,,,,,,True,,,,,,,APS_AssessmentMachine,27575,,,,system,2026-01-22 15:16:30,41595
False,GroupID,int,3,群组ID,80,True,False,False,numberbox,False,False,,,,,,,,,,,True,,,,,,,APS_AssessmentResources,27576,,,,system,2026-01-22 15:16:30,41616
False,MaterialGroup,nvarchar,3,物料分组,200,True,False,False,textbox,False,False,True,,,True,,,,,,,True,,,,,,,V_APS_MaterialLadderLossRelated,26503,,,,江科,2025-10-22 16:00:41,36369
False,EndNumber,int,3,上限数量,100,True,True,False,numberbox,False,False,True,,,,,,,,,,True,,,,,,,V_APS_MaterialLadderLossConfig,26504,,,,江科,2025-10-15 17:08:31,36326
False,LineNum,varchar,3,行号,50,True,False,False,textbox,False,False,,,,,,,,,,,True,,,,,,,V_APS_SalesOrderDeliveryReplyInfo,26495,,,,江科,2025-10-21 15:53:52,36832
False,GroupID,int,3,群组ID,80,True,False,False,numberbox,False,False,,,,,,,,,,,True,,,,,,,APS_MaterialLadderLossConfig,26501,,,,system,2025-10-14 17:50:24,36285
False,GroupID,int,3,群组ID,80,True,False,False,numberbox,False,False,,,,,,,,,,,True,,,,,,,APS_MaterialLadderLossRelated,26502,,,,system,2025-10-14 17:50:24,36306
False,SourceOrderNo,varchar,3,销售订单,80,True,False,False,textbox,False,False,,,,False,,,,,,,True,,,,,,,V_APS_MOPlanStep4V9,9016,,,,廖尚华,2026-03-18 16:21:29,36041
False,ManagerCode,varchar,3,负责人,100,True,True,False,combobox,False,False,,,,True,,,,,,,True,账号,,,,,,V_Dev_OrganizeProcess,26492,,,,管理员,2025-11-26 08:08:17,35087
False,GroupID,int,3,群组ID,80,True,False,False,numberbox,False,False,,,,,,,,,,,True,,,,,,,APS_OrderDeliveryReply,26494,,,,system,2025-09-26 17:44:00,35123
False,ProcessName,nvarchar,3,工序,100,True,False,False,textbox,False,False,,,,True,,,,,,,True,,,,,,,V_APS_MaterialForSpecial,5055,,,,江科,2025-10-15 20:49:42,34194
False,MenuName,nvarchar,3,菜单名称,100,True,True,False,textbox,False,False,,,,True,,,,,,,True,,,,,,,V_APS_Report51,19326,,,,吴鑫鹏,2025-09-27 10:21:33,34364
False,OrganizeID,int,3,组织ID,80,True,False,False,numberbox,False,False,,,,,,,,,,,True,,,,,,,APS_MaterialOrg,25480,,,,system,2025-09-09 10:09:42,33928
False,DutyPerson,nvarchar,3,责任人,100,True,True,False,textbox,False,False,,,,True,,,,,,,True,,,,,,,APS_DutyDepartment,19294,,,,江科,2025-09-10 10:59:49,34148
False,Url,varchar,3,路由地址,100,True,True,False,textbox,False,False,,,,,,,,,,,True,,,,,,,V_APS_Report51,19326,,,,吴鑫鹏,2025-09-17 10:36:48,34368
False,Code,nvarchar,3,物料编码,85,True,True,False,textbox,False,False,True,,,True,,,,,,,True,,,,,,,V_APS_Report44,19334,,,,管理员,2026-01-23 16:11:44,34695
False,total,int,3,工单总数,80,True,False,False,numberbox,False,False,,,,,,,,,,,True,,,,,,,V_APS_OrderAchievedRate,26508,,,,陈坤和,2025-10-23 23:46:50,37288
False,SourceOrderLineNo,varchar,3,行号,50,True,False,False,textbox,False,False,,,,,,,,,,,True,,,,,,,V_APS_SalesOrderDetailDelivery,26509,,,,江科,2025-11-06 09:56:31,37155
False,CreatedByName,nvarchar,3,创建姓名,100,True,False,False,,False,False,,,,,,,,,,,True,,,,,,,APS_ManualForecastDetail,9003,,,,system,2025-10-29 09:41:02,37923
False,GroupID,int,3,群组ID,80,True,False,False,numberbox,False,False,,,,,,,,,,,True,,,,,,,APS_MaterialBalanceHistory,26517,,,,system,2025-10-29 20:30:04,37963
False,GroupID,int,3,群组ID,80,True,False,False,numberbox,False,False,,,,,,,,,,,True,,,,,,,APS_MaterialBalanceTotalHistory,26518,,,,system,2025-10-29 20:30:04,37990
False,MaterialID,bigint,3,料品ID,80,True,False,False,numberbox,False,False,,,,,,,,,,,True,,,,,,,APS_ProcessMaterialHistory,26519,,,,system,2025-10-29 20:30:04,38011
False,StockQtyAll,decimal,3,库存汇总,80,True,False,False,numberbox,False,False,,,,,,,,,,,True,,,,,,,V_APS_MaterialBalanceHistoryReason,26522,,,,system,2025-10-29 20:30:04,38056
False,HasQty,decimal,3,报工数,80,True,False,False,numberbox,False,False,,,,,,,,,,,True,,,,,,,V_APS_PrepareView11,7849,,,,温广燕,2026-02-04 16:36:29,38119
False,Code,varchar,3,物料编码,100,True,False,False,textbox,False,False,,,,,,,,,,,True,,,,,,,V_APS_OrderPlanMaterialFormListForBoardSum,15204,,,,管理员,2025-11-06 10:53:20,38854
False,CreatedByName,nvarchar,3,创建姓名,100,True,False,False,,False,False,,,,,,,,,,,True,,,,,,,APS_OrganizeDemandOrder,26524,,,,system,2025-10-30 16:15:32,38178
False,SyncRate,int,3,同步频率,80,True,False,False,numberbox,False,False,,,,,,,,,,,True,,,,,,,V_APS_Report35,11154,,,,温广燕,2025-11-03 10:49:51,38303
False,MenuAddress,varchar,3,功能菜单,100,True,False,False,textbox,False,False,,升序,,,,,,,,,True,,,,,,,V_PWS_WageTrendReport,3049,,,,江老师,2026-03-03 10:21:48,38388
False,LevelPath,varchar,3,层级,50,True,False,False,textbox,False,False,,升序,,,,,,,,,True,,,,,,,V_APS_Report36,11153,,,,管理员,2026-04-13 14:45:02,45095
False,MaterialName,nvarchar,3,名称,100,True,False,False,textbox,False,False,,,,True,,,,,,,True,,,,,,,V_APS_Report37,10124,,,,温广燕,2026-04-11 13:59:34,45107
False,GroupID,int,3,群组ID,80,True,False,False,numberbox,False,False,,,,,,,,,,,True,,,,,,,APS_MaterialForecastForm,28600,,,,system,2026-03-16 14:51:03,44308
False,GroupID,int,3,群组ID,80,True,False,False,numberbox,False,False,,,,,,,,,,,True,,,,,,,APS_MaterialForecastBom,28599,,,,system,2026-03-16 14:51:03,44285
False,SuplierCode,varchar,3,供应商代码,100,True,False,False,textbox,False,False,,,,True,,,,,,,True,,,,,,,V_APS_PrepareView17,7869,,,,陈坤和,2026-02-03 10:59:34,42299
False,LineNum,nvarchar,3,行号,100,True,False,False,textbox,False,False,,,,,,,,,,,True,,,,,,,V_WMS_ArrivalGoods,11180,,,,温广燕,2026-02-04 14:49:14,42617
False,Code,nvarchar,3,物料编码,95,True,False,False,textbox,False,False,False,升序,,True,,,,,,,True,,,,,,,V_APS_ProcessMaterialError,5126,,,,江老师,2026-03-06 08:12:55,42541
False,EditRow,int,3,操作,110,True,False,False,textbox,False,False,,,,,,,,,,,True,,,"[{""name"":""关联工序"",""methods"":""toPage"",""type"":""primary""}]",,,,V_Dev_PositionDetail,28586,,,,江老师,2026-03-09 13:49:48,42918
False,ParentPositionName,nvarchar,3,岗位大类,1200,True,False,False,textbox,False,False,,,False,True,,,,,,,True,,,,,,,V_Dev_PositionAccountMap,27567,,,,管理员,2026-03-11 08:40:48,42927
False,Extend1,varchar,3,工种,100,True,True,False,combobox,False,False,True,,,True,,,,,,,True,工种,,,,,,V_Dev_AccountEmployee,28585,,,,温广燕,2026-05-07 11:31:20,42831
False,PositionID,int,3,岗位,80,True,False,False,numberbox,False,False,,,,,,,,,,,True,,,,,,,Dev_PositionExamRecord,28587,,,,温广燕,2026-03-05 18:03:20,42791
False,Spec,nvarchar,3,物料规格,260,True,False,False,textbox,False,False,,,,,,,,,,,True,,,,,,,V_APS_PrepareView26,7976,,,,江老师,2026-03-05 13:20:14,42728
False,TotalWorkTimesRegular,decimal,3,正式工工时,110,True,False,False,numberbox,False,False,,,,,,,,,SUM,,True,,,,,,,V_APS_SchedulingForERP,122,,,,管理员,2026-05-05 17:27:03,43816
False,Code,varchar,3,产品编码,100,True,False,False,textbox,False,False,,,,,,,,,,,True,,,,,,,MES_RouteReport,28592,,,,system,2026-03-13 09:12:04,44048
False,Name,nvarchar,3,姓名,100,True,False,False,textbox,False,False,,,,True,,,,,,,True,,,,,,,V_APS_LineAttendanceDetail,10118,,,,江老师,2026-03-12 13:14:42,43654
False,TotalPeoples,int,3,总人数,100,True,False,False,numberbox,False,False,,,,,,,,,SUM,,True,,,,,,,V_APS_SalesOrderDetailDeliver3Total,27540,,,,江老师,2026-03-13 08:30:34,43804
False,StatusName,nvarchar,3,状态,70,True,False,False,textbox,False,False,,,,,,,,,,,True,,,,,,,V_APS_LineAttendance,10113,,,,江老师,2026-03-11 15:38:16,43613
False,OrderNo,varchar,3,生产单,100,True,False,False,textbox,False,False,,升序,True,True,,,,,,,True,,,,,,,V_APS_ProcessPlanHistoryForWeek3,28646,,,,廖尚华,2026-06-04 17:41:39,48214
False,Qty,decimal,3,订单数,60,True,False,False,numberbox,False,False,,,,,,,,,,,True,,,,,,,V_APS_OrderForPrepare2,7974,,,,廖尚华,2026-06-04 16:45:08,47804
False,DeliveryDate,datetime,3,生产交期,110,True,False,False,datebox,False,False,,,,,,,,,,,True,,,,,,,V_APS_MOPlanStep1V12,9021,,,,廖尚华,2026-05-28 09:47:04,47118
False,Extend10,nvarchar,3,属性,100,True,False,False,textbox,False,False,,,,,,,,,,,True,,,,,,,V_APS_OrderForPrepare,7973,,,,温广燕,2026-05-27 11:50:33,47595
False,Extend14,int,3,手帖,50,True,True,False,checkbox,False,False,,,,,,,,,,,True,,,,,,,V_APS_MOPlanStep4V11,9019,,,,温广燕,2026-04-27 11:02:29,46498
False,ExpectTime,int,3,计划需求工时,120,True,False,False,numberbox,False,False,,,,,,,,,,,True,,,,,,,V_APS_PrepareView20,7866,,,,范龙生,2026-04-27 12:24:43,46528
False,MaterialID,bigint,3,物料ID,80,True,False,False,numberbox,False,False,,,,,,,,,,,True,,,,,,,MES_OrderRouteReport,28639,,,,system,2026-05-05 16:31:34,46903
False,OrderNo,varchar,3,工单号,60,True,False,False,textbox,False,False,,升序,True,True,,,,,,,True,,,,,,,V_MES_OrderRouteReport,28638,,,,范龙生,2026-05-05 16:56:21,46927
False,OrderNO,varchar,3,工单号,100,True,False,False,textbox,False,False,,,,True,,,,,,,True,,,,,,,V_APS_MOPlanStep5,7769,,,,温广燕,2026-05-13 16:43:28,47286
False,ExpectTime,int,3,需求总工时,100,True,False,False,numberbox,False,False,,,,,,,,,SUM,,True,,,,,,,V_APS_Report18,7922,,,,管理员,2026-04-27 14:30:49,46520
False,SourceOrderNo,varchar,4,销售单,60,True,False,True,textbox,False,False,,,False,,,,,,,,True,,,,,,,V_APS_ProcessPlanHistoryForWeek2,28636,,,,廖尚华,2026-06-16 08:08:21,45853
False,IsLock,bit,4,锁定,35,True,True,True,checkbox,False,False,,,,,,,,,,,True,,,,,,,V_APS_MOPlanStep4,6734,,,,管理员,2026-06-16 09:57:57,46879
False,Code,varchar,4,物料编码,80,True,False,True,textbox,False,False,True,,,True,精确匹配,,,,,,True,,,,,,,V_APS_PrepareView1,7793,,,,system,2026-03-10 15:54:28,43412
False,Code,varchar,4,物料编码,80,True,False,True,textbox,False,False,True,,,True,精确匹配,,,,,,True,,,,,,,V_APS_OrderWarning,28588,,,,system,2026-03-12 11:34:05,43667
False,FrocastQty,decimal,4,本月预测数量,110,True,True,True,numberbox,True,False,True,,,,,,,,,,True,,,,,,,V_APS_SalesOrderDetailDeliverFreeze,24395,,,,简萍华,2026-03-16 11:41:22,44030
False,LevelName,nvarchar,4,申请等级,80,True,True,True,textbox,False,False,True,,,,,,,,,,True,,,,,,,V_Dev_PositionExamRecord,28584,,,,管理员,2026-04-28 10:56:08,42875
False,Code,varchar,4,物料编码,80,True,False,True,textbox,False,False,,,False,True,,,,,,,True,,,,,,,V_APS_ProductionReportMt,28573,,,,温广燕,2026-03-13 13:40:31,42399
False,Code,varchar,4,物料编码,80,True,False,True,textbox,False,False,,,,True,,,,,,,True,,,,,,,V_APS_MOPlanStep2V1,7943,,,,system,2026-03-31 16:50:16,44815
False,MasterSpec,nvarchar,4,产品规格,100,True,False,True,textbox,False,False,,,True,,,,,,,,True,,,,,,,V_APS_MaterialForecastForm,28598,,,,管理员,2026-04-13 11:35:19,44724
False,DayCount,int,4,访问次数,80,True,False,True,numberbox,False,False,,,,,,,,,,,True,,,,,,,V_APS_UserOnlineCount,24366,,,,管理员,2026-06-12 12:46:07,38401
False,OrderNo,varchar,4,生产单号,80,True,False,True,textbox,False,False,,,,True,,,,,,,True,,,,,,,V_APS_MOPlanStep4V9,9016,,,,廖尚华,2026-03-18 16:21:29,35994
False,Code,varchar,4,物料编码,80,True,False,True,textbox,False,False,,,,True,,,,,,,True,,,,,,,V_APS_MOPlanStep1V2,7961,,,,管理员,2025-12-19 16:24:53,35946
False,ViewSort,int,4,序号,45,True,True,True,numberbox,False,False,,升序,,,,,,,,,True,,,,,,,V_APS_MOPlanStep1V10,9013,,,,管理员,2025-12-09 22:39:14,36098
False,OrderNo,varchar,4,生产单号,100,True,False,True,textbox,False,False,,,,,,,,,,,True,,,,,,,V_APS_Report19,7920,,,,管理员,2025-11-06 16:36:43,36615
False,SalesOrderNo,varchar,4,销售订单,80,True,False,True,textbox,False,False,,,,True,,,,,,,True,,,,,,,V_APS_Report54,19323,,,,管理员,2026-04-24 11:45:20,41179
False,MaterialName,nvarchar,4,物料名称,95,True,False,True,textbox,False,False,,,,True,,,,,,,True,,,,,,,V_APS_PrepareView6,7788,,,,管理员,2026-03-02 08:34:29,41939
False,Spec,nvarchar,4,规格,120,True,False,True,textbox,False,False,,,,,,,,,,,True,,,,,,,V_APS_PrepareView6,7788,,,,管理员,2026-03-02 08:33:44,41940
False,WeekdayName,nvarchar,4,星期,70,True,False,True,textbox,False,False,,,,True,,,,,,,True,,,,,,,V_APS_OrganizeWorkingTimesDetail,97,,,,管理员,2025-11-26 13:18:53,39221
False,Code,varchar,4,物料编码,120,True,True,True,,True,False,True,,,True,,,,,,,True,,,,,,,V_APS_ManualForecastDetail,24402,,,,温广燕,2026-02-28 15:11:30,39842
False,ServiceLife,int,4,工装寿命,80,True,False,True,numberbox,False,False,,,False,,,,,,,,True,,,,,,,APS_ToolingRegister_JDY,27556,,,,陈坤和,2025-12-25 18:37:45,39806
False,TotalPeoples,int,4,组织人数,100,True,True,True,numberbox,False,False,True,,,False,,,,,,,True,,,,,,,V_Dev_Organize,3026,False,,,管理员,2025-11-26 08:17:35,5664
False,Comment,nvarchar,4,栏位名称,85,True,True,True,textbox,False,False,True,,,True,,,,,,custom,True,,left,,,,,V_DictionaryField,35,False,,,温广燕,2026-03-16 14:26:59,725
False,Spec,nvarchar,4,规格,120,True,False,True,textbox,False,False,,,,,,,,,,,True,,,,,,,V_APS_MaterialBOM,1185,,,,管理员,2026-03-02 11:27:24,29936
False,MaterialName,nvarchar,4,物料名称,100,True,False,True,textbox,False,False,True,,,True,,,,,,custom,True,,,,,,,V_APS_OrderInfo,13,,,,管理员,2026-01-21 19:34:54,27637
False,Code,varchar,4,物料编码,80,True,False,True,textbox,False,False,,,,True,精确匹配,,,,,,True,,,,,,,V_APS_OrderForToDo,5139,,,,江科,2025-09-22 15:52:20,25898
False,Code,varchar,4,物料编码,80,True,False,True,textbox,False,False,,,,True,,,,,,,True,,,,,,,V_APS_MOPlanStep1V9,9014,,,,吴鑫鹏,2025-09-27 10:46:44,25065
False,OrderNo,varchar,4,工单号,60,True,False,True,textbox,False,False,True,,,True,,,,,,custom,True,,,,,,,V_APS_MOPlanStep4V11,9019,,,,温广燕,2026-04-27 11:03:01,18734
False,Code,varchar,4,物料编码,80,True,False,True,textbox,False,False,False,,,True,,,,,,custom,True,,,,,,,V_APS_Report1,7842,,,,廖尚华,2026-06-03 09:38:45,14896
False,ProductName,nvarchar,4,产品描述,50,True,False,True,textbox,False,False,False,,False,False,,,,,,custom,True,,,,,False,,V_APS_Report17,7843,False,,,廖尚华,2026-05-22 11:39:22,14941
False,MaterialName,nvarchar,4,物料描述,110,True,False,True,textbox,False,False,False,,False,True,,,,,,custom,True,,,,,,,V_APS_PrepareView4,7790,,,,管理员,2026-04-29 12:02:19,13682
False,MaterialName,nvarchar,4,产品描述,80,True,False,True,textbox,False,False,False,,,False,,,,,,custom,True,,,,,,,V_APS_SalesOrderDetailPlanLine,12192,,,,江老师,2026-03-16 11:05:52,21229
False,Code,varchar,4,物料编码,90,True,False,False,textbox,False,False,,升序,True,True,,,,,,custom,True,,,,,,,V_APS_Report29,7912,,,,管理员,2025-12-23 09:11:36,24299
False,ProcessName,nvarchar,4,工序,100,True,False,False,textbox,False,False,,,,,,,,,,,True,,,,,,,V_APS_OrderReworkCapacity,17253,,,,江科,2025-09-09 10:13:47,24060
False,Status,int,4,状态,80,True,True,False,combobox,True,False,,,,,,选择项1,,,,custom,True,数据状态,,,,,,Dev_ColorConfig,127,,,,廖尚华,2026-05-18 09:10:28,21819
False,JudgeFieldName,nvarchar,4,描述,125,True,True,False,textbox,False,False,True,,,True,,,,,,custom,True,,,,,,,Dev_ColorConfig,127,,,,管理员,2026-04-24 13:37:55,21831
False,MaterialName,nvarchar,4,成品描述,100,True,False,False,textbox,False,False,False,,,True,,,,,,custom,True,,,,,,,V_APS_PrepareView5,7789,,,,温广燕,2026-05-19 18:03:59,13686
False,Code,varchar,4,物料编码,90,True,False,False,textbox,False,False,False,升序,False,True,,,,,,custom,True,,,,,False,,APS_OrderPlanMaterialFormPO,7903,False,,,江科,2025-09-09 09:16:00,14803
False,Code,varchar,4,物料编码,100,True,False,False,textbox,False,False,False,,False,True,,,,,,custom,True,,,,,False,,V_APS_OrderPlanMaterialFormList2,5610,False,,,江科,2025-09-09 09:16:00,16144
False,PlanStartDate,datetime,4,要求料齐,100,True,True,False,datebox,False,False,True,,,False,,,{0: yyyy-MM-dd},,,custom,True,,,,,,,V_APS_MOPlanStep1V12,9021,,,,廖尚华,2026-05-28 09:47:04,25102
False,Spec,nvarchar,4,物料描述,300,True,False,False,textbox,False,False,True,,,True,,,,,,,True,,,,,,,V_APS_OrderForm,15199,,,,江老师,2026-03-03 13:29:55,25306
False,ItemCode,varchar,4,物料编码,80,True,False,False,textbox,False,False,,,,True,,,,,,,True,,,,,,,V_APS_WeekDeliveryDataDetail,18288,,,,管理员,2026-04-28 11:38:37,28550
False,MaterialName,nvarchar,4,物料名称,120,True,False,False,textbox,False,False,,,,True,,,,,,,True,,,,,,,V_APS_DeliveryData2,17277,,,,江科,2025-09-09 09:18:46,26642
False,Code,varchar,4,物料编码,150,True,False,False,textbox,False,False,,,,True,,,,,,,True,,,,,,,APS_POUnExamined,19309,,,,江科,2025-09-09 09:16:21,29999
False,MaterialName,nvarchar,4,物料名称,150,True,False,False,textbox,False,False,,,,,,,,,,,True,,,,,,,V_APS_DayPlanReachList,12195,,,,江科,2025-09-09 09:18:44,30114
False,MainLine,int,4,主线,160,True,True,False,combobox,False,False,,,,,,,,,,,True,拉线,,,,,,V_APS_SchedulingSpecial,125,,,,管理员,2026-04-24 08:09:59,33744
False,OnClick,varchar,4,单击事件,100,True,True,False,textbox,False,False,,,,,,,,,,,True,,,,,,,V_APS_Report58,19320,,,,吴鑫鹏,2025-09-27 11:48:21,33752
False,MenuName,nvarchar,4,关联菜单,100,True,False,False,textbox,False,False,,,,True,,,,,,,True,,,,,,,Dev_Dictionary,33,,,,温广燕,2026-04-29 15:56:04,33463
False,FreezeCompletionOrderCount,int,4,达成订单,90,True,False,False,numberbox,False,False,,,,,,,,,,,True,,,,,,,V_APS_PrepareView8,7851,,,,管理员,2026-06-16 13:47:06,29104
False,Content,varchar,4,内容,300,True,True,False,textbox,False,False,True,,,True,,,,,,custom,True,,,,,,,Dev_SysLog,55,,,,吴鑫鹏,2025-09-23 15:56:21,871
False,ID,int,4,ID,100,True,False,False,numberbox,False,True,True,,,,精确匹配,,,,,custom,True,,,,,,,V_Dev_RoleMenuMap,48,,,,温广燕,2025-09-15 13:54:41,617
False,Code,varchar,4,物料编码,150,True,False,False,textbox,False,False,False,,,False,,,,,,custom,True,,,,,,,V_MES_OrderOutputByOrderForCheck,162,,,,江科,2025-09-09 09:16:00,2757
False,Code,varchar,4,物料编码,150,True,True,False,textbox,False,False,True,,,,,,,,,custom,True,,,,,,,Import_PODB,5040,,,,江科,2025-09-09 09:17:09,5728
False,MaterialName,nvarchar,4,产品描述,100,True,False,False,textbox,False,False,False,,,False,,,,,,custom,True,,,,,,,V_APS_OrderForCheck,5053,False,,,江老师,2026-03-16 10:55:09,5909
False,Code,varchar,4,物料编码,150,True,True,False,textbox,False,False,True,,,,,,,,,custom,True,,,,,,,Import_PO,5013,,,,江科,2025-09-09 09:17:09,4688
False,Code,varchar,4,物料编码,150,True,True,False,combobox,True,False,True,,,False,,,,,,custom,True,账号,,,,,,PWS_Deduct,3025,,,,江科,2025-09-09 09:16:00,5230
False,MaterialName,nvarchar,4,物料名称,150,True,True,False,textbox,False,False,True,,,,,,,,,custom,True,,,,,,,V_WMS_WarehouseByStock,3000,,,,江科,2025-09-09 09:18:46,3685
False,MaterialName,nvarchar,4,物料名称,150,True,False,False,textbox,False,False,False,,,False,,,,,,custom,True,,,,,,,V_WMS_StockForActive,3012,,,,江科,2025-09-09 09:18:44,4049
False,MaterialName,nvarchar,4,物料名称,150,True,True,False,textbox,False,False,True,,,True,,,,,,custom,True,,,,,,,V_WMS_StockForInOut,3013,,,,江科,2025-09-09 09:18:44,4066
False,Tel,varchar,4,简称,150,True,True,False,textbox,False,False,True,,,,,,,,,custom,True,,,,,,,Dev_Supplier,1198,,,,管理员,2026-01-27 15:13:06,3460
False,FixDay,int,4,提前期,70,True,True,False,numberbox,False,False,True,,,,,,,,,,True,,,,,,,V_APS_ProcessGroupInfo,1186,,,,管理员,2025-11-21 15:51:29,6586
False,ProcessName,nvarchar,4,工序名称,60,True,False,False,textbox,False,False,False,,False,False,,,,,,custom,True,,,,,,,V_APS_OrderProcess,5074,False,,,吴鑫鹏,2025-10-10 10:25:48,6535
False,Code,varchar,4,物料编码,160,True,False,False,textbox,False,False,False,,False,True,,,,,,custom,True,,,,,,,APS_PO,5100,False,,,江科,2025-09-09 09:16:21,7085
False,Code,varchar,4,物料编码,150,True,True,False,textbox,False,False,True,,,False,,,,,,custom,True,,,,,,,V_MES_OrderOutputPersonsBad,5115,False,,,江科,2025-09-09 09:17:08,7422
False,Code,varchar,4,物料编码,70,True,False,False,textbox,False,False,False,,False,True,,,,,,custom,True,,left,,,,,V_OrderPlan2,5150,False,,,江科,2025-09-09 09:16:21,8701
False,Spec,nvarchar,4,规格,150,True,False,False,textbox,False,False,False,,False,False,,,,,,,True,,,,,False,,V_APS_OrderPlanMaterialForm,5165,False,,,管理员,2026-01-23 13:20:49,9064
False,Code,varchar,4,物料编码,150,True,False,False,textbox,False,False,False,,,False,,,,,,custom,True,,,,,,,V_APS_DayPlan,5170,False,,,江科,2025-09-09 09:16:00,9131
False,Code,varchar,4,物料编码,110,True,False,False,textbox,False,False,False,,False,False,,,,,,custom,True,,,,,False,,V_APS_ProcessPlanForSchedinnged,5166,False,,,江科,2025-09-09 09:16:00,9227
False,UnitPrice,numeric,4,,80,True,False,False,,False,False,False,,,,,,,查看金额,,custom,True,,,,,,,R_InventoryValueDetail,5612,,,,管理员,2026-01-27 23:30:06,10062
False,Code,varchar,4,物料编码,90,True,False,False,textbox,False,False,False,升序,,True,,,,,,custom,True,,,,,,,APS_OrderPlanMaterialFormHistory,5604,,,,江科,2025-09-09 09:16:00,9818
False,Code,varchar,4,物料编码,150,True,False,False,textbox,False,False,False,,,,,,,,,custom,True,,,,,,,V_APS_OrderBomRate,5633,,,,江科,2025-09-09 09:16:00,10804
False,ProductName,nvarchar,4,物料名称,150,True,False,False,textbox,False,False,False,,,,,,,,,custom,True,,,,,,,V_APS_AppSetGoodsList,5630,,,,江科,2025-09-09 09:18:44,10504
False,MaterialName,nvarchar,4,物料名称,150,True,False,False,textbox,False,False,False,,,,,,,,,custom,True,,,,,,,APS_OrderPlanChange,5644,,,,江科,2025-09-09 09:18:44,11003
False,Code,varchar,4,物料编码,80,True,False,False,textbox,False,False,False,,False,True,,,,,,custom,True,,,,,False,,V_OrderPlan2V2P2,5641,False,,,江科,2025-09-09 09:16:00,10907
False,Code,varchar,4,物料编码,150,True,False,False,textbox,False,False,False,,False,False,,,,,,custom,True,,,,,,,V_APS_SalesOrderDetailPlan,6698,False,,,江科,2025-09-09 09:16:00,12493
False,Code,varchar,4,物料编码,150,True,False,False,textbox,False,False,False,,,,,,,,,custom,True,,,,,,,V_APS_DemandDeliveryRecord,6651,,,,江科,2025-09-09 09:16:00,11189
False,Code,varchar,4,物料编码,150,True,False,False,textbox,False,False,False,,,False,,,,,,custom,True,,,,,,,V_APS_DayPlanForProduction,6655,False,,,江科,2025-09-09 09:16:00,11375
False,ProductName,nvarchar,4,物料名称,150,True,False,False,textbox,False,False,False,,False,False,,,,,,custom,True,,,,,False,,V_APS_OrderPlanMaterialFormList3,6656,False,,,江科,2025-09-09 09:18:44,11403
False,MaterialName,nvarchar,4,物料名称,100,True,False,False,textbox,False,False,False,,,True,,,,,,,True,,,,,,,V_APS_DayPlanForActive,6688,,,,江科,2025-09-09 16:56:36,12253
False,Status,int,4,状态,80,True,True,False,combobox,True,False,,,,,,,,,,,True,数据状态,,,,,,APS_NewProductTrial,27560,,,,system,2026-01-07 11:06:32,40526
False,Status,int,4,状态,80,True,True,False,combobox,True,False,,,,,,,,,,,True,数据状态,,,,,,APS_QualityAbnormalityCase,27559,,,,system,2026-01-07 11:06:32,40561
False,TotalPrice,decimal,4,呆滞金额(元),80,True,False,False,numberbox,False,False,,,,,,,,查看金额,,,True,,,,,,,V_APS_PrepareView15,7870,,,,温广燕,2026-01-31 16:13:07,42186
False,Spec,nvarchar,4,规格,100,True,False,False,textbox,False,False,,,,,,,,,,,True,,,,,,,V_APS_MaterialOrg,25481,,,,温广燕,2026-01-23 18:35:24,41797
False,GroupName,nvarchar,4,群组,100,True,False,False,textbox,False,False,,,,,,,,,,,True,,,,,,,APS_AssessmentHR,27574,,,,system,2026-01-22 15:16:30,41576
False,GroupName,nvarchar,4,群组,100,True,False,False,textbox,False,False,,,,,,,,,,,True,,,,,,,Dev_PositionLevelMap,27563,,,,system,2026-01-12 20:35:49,40827
False,GroupName,nvarchar,4,群组,100,True,False,False,textbox,False,False,,,,,,,,,,,True,,,,,,,Dev_PositionAccountMap,27564,,,,system,2026-01-12 20:35:49,40801
False,GroupName,nvarchar,4,群组,100,True,False,False,textbox,False,False,,,,,,,,,,,True,,,,,,,APS_ProcessPosition,27565,,,,system,2026-01-12 20:35:49,40782
False,GroupName,nvarchar,4,群组,100,True,False,False,textbox,False,False,,,,,,,,,,,True,,,,,,,APS_AssessmentResources,27576,,,,system,2026-01-22 15:16:30,41617
False,GroupID,int,4,群组ID,80,True,False,False,numberbox,False,False,,,,,,,,,,,True,,,,,,,APS_AssessmentMachine,27575,,,,system,2026-01-22 15:16:30,41596
False,LevelID,int,4,等级代码,80,True,False,False,numberbox,False,False,,,,,,,,,,,True,,,,,,,V_APS_ProcessPosition,27569,,,,温广燕,2026-01-15 14:48:24,41348
False,MaterialName,nvarchar,4,物料名称,100,True,False,False,textbox,False,False,,,,,,,,,,,True,,,,,,,V_APS_Report41,19337,,,,温广燕,2026-01-16 11:45:56,41476
False,LossProportion,decimal,4,阶梯损耗值,130,True,True,False,numberbox,False,False,True,,,,,,,,,,True,,,,,,,V_APS_MaterialLadderLossConfig,26504,,,,江科,2025-10-15 17:03:36,36327
False,RelatedType,nvarchar,4,对应类别(损耗配置),200,True,True,False,combobox,False,False,True,,,,,,,,,,True,物料阶梯损耗类别,,,,,,V_APS_MaterialLadderLossRelated,26503,,,,江科,2025-10-15 16:09:15,36370
False,OrderNo,varchar,4,生产单号,100,True,False,False,textbox,False,False,,,,,,,,,,,True,,,,,,,V_APS_SalesOrderDetailDelivery,26509,,,,温广燕,2025-10-28 15:07:39,36944
False,GroupName,nvarchar,4,群组,100,True,False,False,textbox,False,False,,,,,,,,,,,True,,,,,,,APS_MaterialLadderLossRelated,26502,,,,system,2025-10-14 17:50:24,36307
False,GroupName,nvarchar,4,群组,100,True,False,False,textbox,False,False,,,,,,,,,,,True,,,,,,,APS_MaterialLadderLossConfig,26501,,,,system,2025-10-14 17:50:24,36286
False,GroupName,nvarchar,4,群组,100,True,False,False,textbox,False,False,,,,,,,,,,,True,,,,,,,APS_OrderDeliveryReply,26494,,,,system,2025-09-26 17:44:00,35124
False,SchedulingType,nvarchar,4,排产类型,100,True,False,False,textbox,False,False,,,,,,,,,,,True,,,,,,,V_Dev_OrganizeProcess,26492,,,,江科,2025-09-27 13:53:34,35095
False,Code,varchar,4,物料编码,90,True,False,False,textbox,False,False,,,,,,,,,,,True,,,,,,,V_APS_SalesOrderDeliveryReplyInfo,26495,,,,江科,2025-10-21 15:53:52,35246
False,MaterialName,nvarchar,4,物料名称,200,True,False,False,textbox,False,False,,,,True,,,,,,,True,,,,,,,V_APS_Report45,19333,,,,温广燕,2026-05-21 14:40:18,34725
False,MaterialName,nvarchar,4,物料名称,100,True,False,False,textbox,False,False,,,,True,,,,,,,True,,,,,,,V_APS_Report44,19334,,,,管理员,2026-01-23 16:11:44,34694
False,MainLine,int,4,主线,100,True,True,False,combobox,False,False,,,,,,,,,,,True,工序线别,,,,,,V_APS_ProcessScheduling,6659,,,,江科,2025-10-15 20:42:33,34222
False,CreatedBy,varchar,4,创建账号,100,True,False,False,,False,False,,,,,,,,,,,True,,,,,,,APS_MaterialOrg,25480,,,,system,2025-09-09 10:09:42,33929
False,MainLine,int,4,主线,200,True,True,False,combobox,False,False,,,,,,,,,,,True,工序线别,,,,,,V_APS_MaterialForSpecial,5055,,,,江科,2025-10-22 18:01:52,34195
False,Component,varchar,4,组件,100,True,True,False,textbox,False,False,,,,,,,,,,,True,,,,,,,V_APS_Report51,19326,,,,吴鑫鹏,2025-09-17 10:36:48,34374
False,MenuName,nvarchar,4,菜单,100,True,False,False,textbox,False,False,,,,,,,,,,,True,,,,,,,V_APS_Report35,11154,,,,温广燕,2025-11-03 10:50:14,38305
False,SysID,varchar,4,系统ID,100,True,False,False,textbox,False,False,,,,,,,,,,,True,,,,,,,V_PWS_WageTrendReport,3049,,,,江老师,2026-03-03 10:21:10,38387
False,ModifiedBy,varchar,4,修改账号,100,True,False,False,,False,False,,,,,,,,,,,True,,,,,,,APS_OrganizeDemandOrder,26524,,,,system,2025-10-30 16:15:32,38179
False,MaterialName,nvarchar,4,物料名称,100,True,False,False,textbox,False,False,,,,,,,,,,,True,,,,,,,V_APS_OrderPlanMaterialFormListForBoardSum,15204,,,,管理员,2025-11-06 10:53:20,38855
False,Code,varchar,4,物料编码,100,True,False,False,textbox,False,False,,,,,,,,,,,True,,,,,,,V_WMS_ArrivalGoods,11180,,,,温广燕,2026-02-04 14:49:13,38902
False,MasterCode,varchar,4,产品编码,100,True,False,False,textbox,False,False,,,,True,,,,,,,True,,,,,,,V_APS_SalesPlanMaterial,6681,,,,吴鑫鹏,2025-11-12 15:05:49,39070
False,APSTableName,varchar,4,正式表B,100,True,True,False,textbox,False,False,,,,,,,,,,custom,True,,,,,,,APS_InterfaceSAPOutput,9032,,,,廖尚华,2025-11-28 16:01:14,39155
False,PlanQtyReachM,decimal,4,达成率,80,True,False,False,numberbox,False,False,,倒序,,,,,,,,,True,,,,,,,V_APS_PrepareView11,7849,,,,温广燕,2026-02-04 16:36:29,38144
False,Code,varchar,4,物料编码,100,True,False,False,textbox,False,False,,,,True,,,,,,,True,,,,,,,V_APS_ProcessMaterialHistory,26520,,,,陈坤和,2025-10-29 21:12:56,38105
False,LineNum2,int,4,拆单行号,80,True,False,False,numberbox,False,False,,,,,,,,,,,True,,,,,,,V_APS_OrderSplitLog,16234,,,,吴鑫鹏,2025-10-25 10:55:44,37362
False,RemainQty,decimal,4,超需求数,80,True,False,False,numberbox,False,False,,,,,,,,,,,True,,,,,,,V_APS_MaterialBalanceHistoryReason,26522,,,,system,2025-10-29 20:30:04,38057
False,GroupName,nvarchar,4,群组,100,True,False,False,textbox,False,False,,,,,,,,,,,True,,,,,,,APS_MaterialBalanceTotalHistory,26518,,,,system,2025-10-29 20:30:04,37991
False,GroupName,nvarchar,4,群组,100,True,False,False,textbox,False,False,,,,,,,,,,,True,,,,,,,APS_MaterialBalanceHistory,26517,,,,system,2025-10-29 20:30:04,37964
False,ModifiedBy,varchar,4,修改账号,100,True,False,False,,False,False,,,,,,,,,,,True,,,,,,,APS_ManualForecastDetail,9003,,,,system,2025-10-29 09:41:02,37924
False,UnkownCount,int,4,未到期待结案数,125,True,False,False,numberbox,False,False,,,,,,,,,,,True,,,,,,,V_APS_OrderAchievedRate,26508,,,,陈坤和,2025-10-27 17:46:03,37289
False,Code,varchar,4,产品编号,100,True,False,False,textbox,False,False,,,,True,,,,,,,True,,,,,,,V_APS_OrderForPrepare3,7975,,,,温广燕,2026-06-01 14:31:59,37916
False,total,int,4,工单总数,80,True,False,False,numberbox,False,False,,,,,,,,,SUM,,True,,,,,,,V_APS_Report53,19325,,,,江科,2025-10-27 15:28:52,37285
False,Spec,nvarchar,4,规格,100,True,False,False,textbox,False,False,,,,,,,,,,,True,,,,,,,V_APS_Report37,10124,,,,温广燕,2026-04-11 11:30:45,45108
False,ParentCode,varchar,4,上级编码,100,True,False,False,textbox,False,False,,,,,,,,,,,True,,,,,,,V_APS_Report36,11153,,,,管理员,2026-04-13 14:45:02,45110
False,GroupName,nvarchar,4,群组,100,True,False,False,textbox,False,False,,,,,,,,,,,True,,,,,,,APS_MaterialForecastBom,28599,,,,system,2026-03-16 14:51:03,44286
False,RouteNameAlIS,nvarchar,4,制程名称,200,True,False,False,textbox,False,False,,,True,True,,,,,,,True,,,,,,,V_MES_RouteReport,28591,,,,管理员,2026-04-29 11:56:31,44120
False,GroupName,nvarchar,4,群组,100,True,False,False,textbox,False,False,,,,,,,,,,,True,,,,,,,APS_MaterialForecastForm,28600,,,,system,2026-03-16 14:51:03,44309
False,Qty,decimal,4,工单数,60,True,False,False,numberbox,False,False,,,,,,,,,,,True,,,,,,,V_APS_MaterialForecastBom,28597,,,,温广燕,2026-05-20 08:38:57,44370
False,SupplierName,nvarchar,4,供应商名称,200,True,False,False,textbox,False,False,,,,True,,,,,,,True,,,,,,,V_APS_PrepareView17,7869,,,,廖尚华,2026-02-03 08:48:55,42322
False,ViewSort,int,4,顺序,50,True,False,False,numberbox,False,False,False,升序,,,,,,,,,True,,,,,,,V_APS_ProcessMaterialError,5126,,,,江老师,2026-03-06 08:12:11,42542
False,Spec,nvarchar,4,物料规格,300,True,False,False,textbox,False,False,,,,True,,,,,,,True,,,,,,,V_APS_PrepareView25,7861,,,,江老师,2026-03-04 10:48:23,42650
False,ParamsLabel,varchar,4,状态,80,True,False,False,textbox,False,False,,,,,,,,,,,True,,,,,,,V_Dev_AccountEmployee,28585,,,,温广燕,2026-05-07 11:31:20,42932
False,ProcessNames,nvarchar,4,关联工序,850,True,False,False,textbox,False,False,False,,,,,,,,,,True,,,,,,,V_Dev_PositionDetail,28586,,,,江老师,2026-03-09 13:49:48,42917
False,MaterialType,nvarchar,4,属性,100,True,False,False,textbox,False,False,,,,,,,,,,,True,,,,,,,V_APS_PrepareView26,7976,,,,温广燕,2026-03-04 10:33:09,42729
False,LevelName,nvarchar,4,申请等级,100,True,False,False,textbox,False,False,,,,,,,,,,,True,,,,,,,Dev_PositionExamRecord,28587,,,,温广燕,2026-03-05 18:03:20,42793
False,OrganizeID,bigint,4,组织ID,80,True,False,False,numberbox,False,False,,,,,,,,,,,True,,,,,,,MES_RouteReport,28592,,,,system,2026-03-13 09:12:04,44049
False,TotalWorkTimesTemp,decimal,4,小时工工时,110,True,False,False,numberbox,False,False,,,,,,,,,SUM,,True,,,,,,,V_APS_SchedulingForERP,122,,,,管理员,2026-05-05 17:27:03,43817
False,TotalAttendancePeoples,int,4,出勤人数,100,True,False,False,numberbox,False,False,,,,,,,,,SUM,,True,,,,,,,V_APS_SalesOrderDetailDeliver3Total,27540,,,,江老师,2026-03-13 08:30:34,43805
False,Remark1,nvarchar,4,工种,100,True,True,False,combobox,False,False,,倒序,False,True,,,,,,,True,工种,,,,,,V_APS_LineAttendanceDetail,10118,,,,江老师,2026-03-12 13:15:17,43679
False,MaterialType,nvarchar,4,属性,100,True,False,False,textbox,False,False,,,,,,,,,,,True,,,,,,,V_APS_Report33,7907,,,,system,2026-03-09 16:11:41,43043
False,WorkTimeMorning,decimal,4,上午时长,100,True,True,False,numberbox,False,False,,,,,,,,,,,True,,,,,,,V_APS_LineAttendance,10113,,,,江老师,2026-03-11 15:37:06,43625
False,OrderNo,varchar,4,工单号,100,True,False,False,textbox,False,False,,,,,,,,,,,True,,,,,,,MES_OrderRouteReport,28639,,,,system,2026-05-05 16:31:34,46904
False,LineNum,varchar,4,行号,100,True,False,False,textbox,False,False,,,,,,,,,,,True,,,,,,,V_APS_MOPlanStep5,7769,,,,温广燕,2026-05-13 16:37:50,47287
False,RouteName,nvarchar,4,制程名称,200,True,False,False,textbox,False,False,,,True,True,,,,,,,True,,,,,,,V_MES_OrderRouteReport,28638,,,,范龙生,2026-05-05 16:55:36,46949
False,ScheduleDays,int,4,排班天数,80,True,True,False,numberbox,False,False,,,,,,,,,,,True,,,,,,,V_APS_PrepareView20,7866,,,,管理员,2026-04-28 09:34:23,46529
False,ReportQty,decimal,4,MES报工,80,True,False,False,numberbox,False,False,,,,,,,,,,,True,,,,,,,V_APS_Report26,7913,,,,陈坤和,2026-04-28 17:38:28,46683
False,SourceOrderNo,varchar,4,销售单,60,True,False,False,textbox,False,False,,,,,,,,,,,True,,,,,,,V_APS_ProcessPlanHistoryForWeek,28634,,,,管理员,2026-06-16 10:10:14,45810
False,ScheduleDays,int,4,排班天数,80,True,True,False,numberbox,False,False,,,,,,,,,SUM,,True,,,,,,,V_APS_Report18,7922,,,,温广燕,2026-06-01 10:57:16,46521
False,SidedType,varchar,4,面型,100,True,False,False,textbox,False,False,,,,,,,,,,,True,,,,,,,V_APS_Report24,7916,,,,温广燕,2026-05-20 16:57:40,47540
False,Code,varchar,4,物料编码,100,True,False,False,textbox,False,False,,,,True,,,,,,,True,,,,,,,V_APS_OrderForPrepare,7973,,,,温广燕,2026-05-27 11:50:33,47723
False,PlanQty,decimal,4,排产数,50,True,False,False,numberbox,False,False,,,,,,,,,,,True,,,,,,,V_APS_OrderForPrepare2,7974,,,,廖尚华,2026-06-04 16:45:08,47799
False,ProductCode,varchar,4,产品编码,100,True,False,False,textbox,False,False,,升序,False,True,,,,,,,True,,,,,,,V_APS_ProcessPlanHistoryForWeek3,28646,,,,廖尚华,2026-06-04 17:49:36,48217
False,PCProductionStatusDate,datetime,5,计划交期,80,True,False,True,datebox,False,False,,倒序,True,True,,,,,,,True,,,,,,,V_APS_Report55,19324,,,,范龙生,2026-04-24 15:15:34,46318
False,PCProductionStatusDate,datetime,5,计划交期,80,True,False,True,datebox,False,False,,倒序,True,False,,,,,,,True,,,,,,,V_APS_PrepareView3,7791,,,,管理员,2026-04-24 16:32:15,46340
False,OrderNo,varchar,5,生产单,60,True,False,True,textbox,False,False,,,False,True,,,,,,,True,,,,,,,V_APS_ProcessPlanHistoryForWeek2,28636,,,,廖尚华,2026-06-04 16:35:01,45841
False,SystemViewSort,int,5,顺序,50,True,False,True,numberbox,False,False,,升序,,,,,,,,,True,,,,,,,V_APS_MOPlanStep4V12,9020,,,,system,2026-05-11 16:43:29,47053
False,MaterialName,nvarchar,5,物料描述,105,True,False,True,textbox,False,False,True,,,True,,,,,,,True,,,,,,,V_APS_PrepareView1,7793,,,,system,2026-03-10 15:54:28,43414
False,MaterialName,nvarchar,5,物料描述,105,True,False,True,textbox,False,False,True,,,True,,,,,,,True,,,,,,,V_APS_OrderWarning,28588,,,,system,2026-03-12 11:34:05,43668
False,Name,nvarchar,5,员工姓名,80,True,False,True,textbox,False,False,,,,True,,,,,,,True,,,,,,,V_APS_SchedulingOutByOrder,73,,,,管理员,2026-05-05 17:50:10,43826
False,YearMonth,nvarchar,5,月份,80,True,False,True,month,False,False,,倒序,True,True,,,,,,,True,,,,,,,V_APS_LineAttendanceDetailByMonth,28589,,,,陈坤和,2026-03-14 09:49:04,44010
False,Code,nvarchar,5,物料编码,80,True,True,True,textbox,False,False,True,,,,,,,,,,True,,,,,,,V_Dev_PositionExamRecord,28584,,,,管理员,2026-04-28 10:56:08,42876
False,Name,nvarchar,5,姓名,100,True,False,True,textbox,False,False,,,,,,,,,,,True,,,,,,,V_APS_ProcessStaffMatrix,28574,,,,陈坤和,2026-01-30 17:06:07,42518
False,MaterialName,nvarchar,5,物料描述,80,True,False,True,textbox,False,False,,,False,True,,,,,,,True,,,,,,,V_APS_ProductionReportMt,28573,,,,温广燕,2026-03-13 13:40:31,42443
False,Qty,decimal,5,数量,60,True,False,True,numberbox,False,False,,,False,,,,,,,,True,,,,,,,V_APS_MaterialForecastForm,28598,,,,管理员,2026-04-13 11:35:19,44393
False,MaterialType,nvarchar,5,物料组,70,True,False,True,textbox,False,False,,,,True,,,,,,custom,True,,,,,,,V_APS_ProcessMaterialPartError,28601,,,,system,2026-03-16 17:37:29,44474
False,TotalBomCount,int,5,物料总数,50,True,False,True,numberbox,False,False,,,,,,,,,,,True,,,,,,,V_APS_MaterialForecast,8978,,,,管理员,2026-04-28 11:02:01,45262
False,OrderNo,varchar,5,生产单,60,True,False,True,textbox,False,False,,,False,True,,,,,,,True,,,,,,,V_APS_ProcessPlanHistoryForWeek,28634,,,,管理员,2026-06-16 10:13:19,45764
False,MaterialName,nvarchar,5,物料名称,90,True,False,True,textbox,False,False,,,,True,,,,,,,True,,,,,,,V_APS_MOPlanStep2V1,7943,,,,system,2026-03-31 16:50:16,44816
False,CreatedOn,datetime,5,封存时间,130,True,False,True,datebox,False,False,,,,True,,本周,,,,,True,,,,,,,V_APS_MaterialBalanceTotalHistory,26521,,,,江老师,2026-03-12 10:53:30,38068
False,Code,varchar,5,物料编码,100,True,False,True,textbox,False,False,,升序,,True,模糊匹配,,,,,custom,True,,,,,,,V_APS_MaterialBalancePlan,27524,,,,吴鑫鹏,2025-11-05 15:50:10,38520
False,Code,varchar,5,物料编码,90,True,False,True,textbox,False,False,,,,,,,,,,,True,,,,,,,V_APS_SalesOrderBom,26496,,,,温广燕,2026-01-22 19:24:13,35211
False,MaterialName,nvarchar,5,物料名称,90,True,False,True,textbox,False,False,,,,True,,,,,,,True,,,,,,,V_APS_MOPlanStep1V2,7961,,,,管理员,2025-12-19 16:24:53,35947
False,Code,varchar,5,物料编码,80,True,False,True,textbox,False,False,,,,True,,,,,,,True,,,,,,,V_APS_MOPlanStep4V9,9016,,,,吴鑫鹏,2025-11-07 15:50:17,35996
False,LineNum,varchar,5,行号,50,True,False,True,textbox,False,False,,,,,,,,,,,True,,,,,,,V_APS_SalesOrderDetailDelivery,26509,,,,江科,2025-11-06 10:02:39,36908
False,PONO,varchar,5,交货单号,80,True,False,True,textbox,False,False,,升序,True,True,,,,,,,True,,,,,,,V_APS_SalesOutStock,24409,,,,范龙生,2026-04-15 15:56:26,41520
False,CreatedOn,datetime,5,单据日期,80,True,False,True,,False,False,,,,False,,,,,,,True,,,,,,,V_APS_POSummary,25460,,,,管理员,2026-01-27 23:28:16,42217
False,UnIssuedQty3,decimal,5,销售需求,50,True,False,True,numberbox,False,False,,,,,,,,,,,True,,,,,,,V_APS_PrepareView6,7788,,,,管理员,2026-03-02 08:33:45,41915
False,IssueCount,int,5,领用次数,80,True,False,True,numberbox,False,False,,,False,,,,,,,,True,,,,,,,APS_ToolingRegister_JDY,27556,,,,陈坤和,2025-12-25 18:37:45,39809
False,MaterialName,nvarchar,5,机型,100,True,False,True,textbox,False,False,,,,True,,,,,,,True,,,,,,,APS_ProductAgingCondition_JDY,27555,,,,管理员,2025-12-25 15:07:45,39772
False,ProCheckNo,varchar,5,记录编号,130,True,False,True,textbox,False,False,,,,True,,,,,,,True,,,,,,,APS_ProductCheck_JDY,27536,,,,管理员,2025-12-24 08:25:50,39336
False,SalesOrderNo,varchar,5,订单编号,80,True,False,True,textbox,False,False,,,False,True,,,,,,,True,,,,,,,APS_SalesOrder_JDY,27537,,,,陈坤和,2026-04-14 15:36:07,39347
False,OrderDate,datetime,5,下单时间,90,True,False,True,datebox,False,False,False,倒序,True,True,范围,,{0:yyyy-MM-dd},,,,True,,,,,,,V_APS_SalesOrderDetailALL,6694,,,,陈坤和,2026-01-27 15:41:15,12390
False,StartTime,varchar,5,开始时间,80,True,False,True,textbox,False,False,False,,,,,,,,,custom,True,,,,,,,V_APS_OrganizeWorkingTimesDetail,97,,,,管理员,2025-11-26 13:17:58,11320
False,ManagerCode,varchar,5,负责人,80,True,True,True,combobox,False,False,True,,,False,,,,,,,True,账号,,,,,,V_Dev_Organize,3026,False,,,管理员,2025-11-26 08:17:35,5665
False,Code,varchar,5,物料编码,70,True,True,True,textbox,False,False,True,,False,True,左匹配,自动生成,,,,,True,,,,,False,,V_APS_Material,1180,False,,,管理员,2025-12-06 15:36:50,3088
False,StandardPeoples,decimal,5,人数,50,True,True,True,numberbox,False,False,True,,,False,,,,,,,True,,,,,,,V_APS_ProcessMaterial,15,False,,,温广燕,2026-03-10 09:21:52,1483
False,ItemCode,varchar,5,物料编码,150,True,True,True,textbox,False,False,True,,,True,,,,,,custom,True,,,,,,,APS_OrderMaterialSet,106,False,,,江科,2025-09-28 10:11:51,1781
False,OrderDate,datetime,5,单据日期,80,True,False,True,datebox,False,False,True,倒序,True,True,范围,,{0:yyyy-MM-dd},,,,True,,,,,,,V_APS_Order,49,,,,陈坤和,2026-04-27 19:17:27,627
False,OrderDate,datetime,5,订单日期,80,True,False,True,datebox,False,False,,倒序,True,,,,{0:yyyy-MM-dd},,,,True,,,,,,,V_APS_OrderBOMNew,5021,,,,陈坤和,2026-04-23 16:50:18,29812
False,LineNum,varchar,5,行号,50,True,False,True,textbox,False,False,,,,True,,,,,,,True,,,,,,,V_APS_Report54,19323,,,,管理员,2026-04-24 11:45:20,31995
False,ERPEndDate,datetime,5,计划完工,80,True,False,True,el-date-picker,False,False,,倒序,False,True,小于,当前日期,{0:yyyy-MM-dd},,,,True,,,,,,,V_APS_Report50,19328,,,,管理员,2026-03-02 09:07:07,31437
False,Spec,nvarchar,5,规格,360,True,False,True,textbox,False,False,True,,,,,,,,,custom,True,,,,,,,V_APS_OrderInfo,13,,,,江老师,2026-03-06 11:44:43,27639
False,MaterialName,nvarchar,5,物料名称,90,True,False,True,textbox,False,False,,,,True,,,,,,,True,,,,,,,V_APS_MOPlanStep1V9,9014,,,,吴鑫鹏,2025-09-27 10:46:44,25064
False,MaterialName,nvarchar,5,物料名称,250,True,False,True,textbox,False,False,,,,True,,,,,,,True,,,,,,,V_APS_OrderForToDo,5139,,,,江科,2025-09-27 16:40:49,25897
False,MaterialName,nvarchar,5,产品描述,150,True,False,True,textbox,False,False,,,,True,,,,,,custom,True,,,,,,,V_APS_Report20,7921,,,,管理员,2026-04-13 11:11:21,26011
False,Code,varchar,5,物料编码,80,True,False,True,textbox,False,False,True,,,True,模糊匹配,,,,,custom,True,,,,,,,V_APS_MOPlanStep4V11,9019,,,,温广燕,2026-04-27 11:03:01,18735
False,Code,varchar,5,物料编码,80,True,False,True,textbox,False,False,False,,False,True,,,,,,custom,True,,,,,False,,V_APS_Report17,7843,False,,,廖尚华,2026-05-22 11:39:22,14937
False,MaterialName,nvarchar,5,物料名称,80,True,False,True,textbox,False,False,False,,,False,,,,,,custom,True,,,,,,,V_APS_Report1,7842,,,,廖尚华,2026-06-03 09:38:45,14868
False,Extend10,nvarchar,5,属性,50,True,False,True,textbox,False,False,False,升序,,True,,,,,,custom,True,,left,,,,,V_APS_OrderPrepareReport,7804,,,,陈坤和,2026-01-28 09:05:59,16110
False,Code,varchar,5,物料编码,80,True,False,True,textbox,False,False,False,,,True,模糊匹配,,,,,,True,,,,,,,V_APS_PrepareView2,7792,,,,江科,2025-09-09 09:16:21,14079
False,CreatedOn,datetime,5,单据日期,90,True,False,True,datebox,False,False,False,倒序,True,True,,,{0:yyyy-MM-dd},,,,True,,,,,,,V_APS_PO,6751,,,,管理员,2026-01-23 16:34:08,13982
False,MaterialType,nvarchar,5,物料组,70,True,False,True,textbox,False,False,,,,True,,,,,,custom,True,,,,,,,V_APS_MaterialMaintain,10110,,,,陈坤和,2026-01-27 15:42:48,21560
False,Spec,nvarchar,5,规格型号,140,True,False,True,textbox,False,False,False,,,False,,,,,,custom,True,,,,,,,V_APS_SalesOrderDetailPlanLine,12192,,,,江老师,2026-03-16 11:05:52,21230
False,MaterialName,nvarchar,5,物料名称,80,True,False,False,textbox,False,False,,,,,,,,,,custom,True,,,,,,,V_APS_Report23,7918,,,,江科,2025-09-09 09:18:47,20821
False,Contact,nvarchar,5,联系人,85,True,False,False,textbox,False,False,,,,,,,,查看客户,,custom,True,,,,,,,V_Dev_Customer,11139,,,,管理员,2025-12-25 11:27:38,21140
False,Spec,nvarchar,5,品名规格,150,True,False,False,textbox,False,False,,,,,,,,,,custom,True,,,,,,,V_APS_PrepareView5,7789,,,,温广燕,2026-05-19 17:48:42,20841
False,Code,varchar,5,物料编码,150,True,True,False,textbox,False,False,True,,,,,,,,,custom,True,,,,,,,V_APS_OrderBOMPlan,6753,,,,江科,2025-09-09 09:17:09,14004
False,Code,varchar,5,物料编码,150,True,False,False,textbox,False,False,False,,,,,,,,,custom,True,,,,,,,V_APS_ValidPO,7767,,,,江科,2025-09-09 09:17:09,13480
False,Code,varchar,5,物料编码,90,True,False,False,textbox,False,False,False,升序,,True,,,,,,custom,True,,,,,,,V_APS_Report2,7840,,,,江老师,2026-03-12 17:08:03,15369
False,MaterialName,nvarchar,5,物料名称,130,True,False,False,textbox,False,False,False,,False,True,,,,,,custom,True,,,,,False,,APS_OrderPlanMaterialFormPO,7903,False,,,江科,2025-09-09 09:18:47,14805
False,MaterialName,nvarchar,5,物料名称,150,True,False,False,textbox,False,False,False,,,,,,,,,custom,True,,,,,,,APS_OrderPlanMaterialFormAnther,9000,,,,江科,2025-09-09 09:18:46,18051
False,Code,varchar,5,物料编码,90,True,False,False,textbox,False,False,False,,,True,,,,,,custom,True,,,,,,,V_APS_OrderPlanMaterialFormAnther2,9001,,,,江科,2025-09-09 09:17:10,18148
False,Code,varchar,5,物料编码,80,True,False,False,textbox,False,False,False,,,True,,,,,,custom,True,,,,,,,V_APS_MOPlanStep4V1SMT,7946,,,,江科,2025-09-09 09:16:21,18436
False,MaterialName,nvarchar,5,物料名称,130,True,False,False,textbox,False,False,False,,False,True,,,,,,custom,True,,,,,False,,V_APS_OrderPlanMaterialFormList2,5610,False,,,江科,2025-09-09 09:18:47,16146
False,Code,varchar,5,物料编码,70,True,False,False,textbox,False,False,False,,,True,,,,,,custom,True,,,,,,,V_APS_MOPlanStep4V2,7956,,,,江科,2025-09-09 09:16:21,17287
False,MaterialName,nvarchar,5,物料名称,150,True,False,False,textbox,False,False,False,,,True,,,,,,custom,True,,,,,,,APS_OrderPlanMaterialFormPrepareHistory,82,,,,江科,2025-09-09 09:18:47,17004
False,Code,varchar,5,物料编码,150,True,True,False,textbox,False,False,True,,,True,精确匹配,,,,,custom,True,,,,,,,V_APS_DeliveryRuleMaterial,8996,,,,江科,2025-09-09 09:17:08,26191
False,PCDeliveryDate,datetime,5,要求开工,120,True,False,False,datebox,False,False,,,,True,,,,,,,True,,,,,,,V_APS_OrderPlanChange,7970,,,,范龙生,2026-05-12 12:27:11,28364
False,ItemName,nvarchar,5,物料名称,100,True,False,False,textbox,False,False,,,,True,,,,,,,True,,,,,,,V_APS_WeekDeliveryDataDetail,18288,,,,管理员,2026-04-28 11:38:37,28551
False,LineName,nvarchar,5,生产线别,80,True,False,False,textbox,False,False,,,,True,,,,,,,True,,,,,,,V_APS_PrepareView13,7872,,,,温广燕,2026-05-20 16:54:52,26599
False,Extend1,nvarchar,5,呆滞原因,150,True,False,False,textbox,False,False,,,,,,,,,,,True,,,,,,,V_APS_PrepareView15,7870,,,,温广燕,2026-01-31 16:13:07,29672
False,Code,varchar,5,物料编码,90,True,False,False,textbox,False,False,,,,True,,,,,,,True,,,,,,,WMS_StockAll,7929,,,,范龙生,2026-03-12 18:48:36,29399
False,FreezeCompletionOrderCountP,numeric,5,投产达成率,110,True,False,False,numberbox,False,False,,,,,,,{0:P0},,,,True,,,,,,,V_APS_PrepareView8,7851,,,,管理员,2026-06-16 13:47:06,29105
False,ObjectText,nvarchar,5,对象文本,110,True,True,False,textbox,False,False,True,,,True,,,,,,,True,,,,,,,Dev_Dictionary,33,,,,管理员,2026-04-24 10:50:16,621
False,Width,int,5,宽度,50,True,True,False,numberbox,False,False,True,,,False,,,,,,custom,True,,left,,,,,V_DictionaryField,35,False,,,温广燕,2026-03-16 14:26:59,732
False,Price,decimal,5,单价,80,True,True,False,numberbox,False,False,True,,,False,,,{0:G0},查看金额,,custom,True,,,,,,,APS_Material,12,,,,管理员,2026-01-27 23:30:05,718
False,MachineCapacity,int,5,机台点数(小时),110,True,True,False,numberbox,False,False,True,,,False,,,,,,custom,True,,,,,,,APS_Machine,90,,,,管理员,2026-06-16 11:37:37,1383
False,WarehouseName,nvarchar,5,仓库,80,True,False,False,textbox,False,False,False,升序,False,True,,,,,,custom,True,,,,,,,V_WMS_Stock,76,,,,管理员,2026-01-22 20:13:04,2823
False,Code,varchar,5,物料编码,150,True,False,False,textbox,False,False,False,,,False,,,,,,custom,True,,,,,,,V_WMS_DeliveryPlan,166,,,,江科,2025-09-09 09:17:09,2844
False,Remark1,nvarchar,5,放假说明,300,True,True,False,textbox,False,False,True,,,True,,,,,,custom,True,,,,,,,APS_Holiday,143,,,,管理员,2025-11-19 08:19:53,2492
False,Code,varchar,5,物料编码,90,True,False,False,textbox,False,False,True,升序,,True,,,,,,custom,True,,,,,,,V_MES_OrderOutput,74,,,,江科,2025-09-09 09:16:21,2342
False,Spec,nvarchar,5,规格型号,260,True,False,False,textbox,False,False,False,,,False,,,,,,custom,True,,,,,,,V_APS_OrderForCheck,5053,False,,,江老师,2026-03-16 10:55:22,5911
False,MaterialName,nvarchar,5,物料名称,150,True,True,False,textbox,False,False,True,,,False,,,,,,custom,True,,,,,,,V_WMS_DeliveryPlanForNewByNO,5066,False,,,江科,2025-09-09 09:18:45,6283
False,Contacts,nvarchar,5,联系人,85,True,False,False,textbox,False,False,False,,,,,,,,,custom,True,,,,,,,Dev_Supplier,1198,,,,管理员,2025-12-25 11:26:29,3461
False,Price,real,5,单价,80,True,True,False,numberbox,False,False,True,,,False,,,,查看金额,,custom,True,,,,,,,V_WMS_DeliveryPlanForNew,1201,,,,管理员,2026-01-27 23:30:05,3524
False,Code,varchar,5,物料编码,150,True,False,False,textbox,False,False,False,,,,,,,,,custom,True,,,,,,,V_APS_DemandSaleOrderTotal,5648,,,,江科,2025-09-09 09:17:09,11099
False,Code,varchar,5,物料编码,150,True,False,False,textbox,False,False,False,,,,,,,,,custom,True,,,,,,,V_APS_OrderProductRate,5639,,,,江科,2025-09-09 09:17:09,10838
False,Code,varchar,5,物料编码,150,True,False,False,textbox,False,False,False,,False,True,,,,,,custom,True,,,,,,,V_APS_OrderPlan,5592,False,,,江科,2025-09-09 09:17:09,10270
False,MaterialName,nvarchar,5,物料名称,150,True,False,False,textbox,False,False,False,,False,True,,,,,,custom,True,,,,,,,V_OrderPlan3V2P2,5640,False,,,江科,2025-09-09 09:18:45,10929
False,MaterialName,nvarchar,5,物料名称,130,True,False,False,textbox,False,False,False,,,,,,,,,custom,True,,,,,,,APS_OrderPlanMaterialFormHistory,5604,,,,江科,2025-09-09 09:18:47,9820
False,MaterialName,nvarchar,5,物料名称,200,True,False,False,textbox,False,False,False,,False,True,,,,,,custom,True,,,,,,,V_APS_MatrialProcessStatus,5599,False,,,江科,2025-09-09 09:18:45,9750
False,Price,decimal,5,单价,60,True,True,False,numberbox,False,False,True,,False,False,,,,查看金额,,custom,True,,,,"{type:'input',inputType:'number'}",,,V_PWS_WJProcess,5606,False,,,管理员,2026-01-27 23:30:05,9991
False,ProductName,nvarchar,5,物料名称,180,True,True,False,textbox,False,False,True,,False,False,,,,,,custom,True,,,,,False,,V_APS_GoodsPlanPre,6711,False,,,江科,2025-09-09 09:18:45,12705
False,Spec,nvarchar,5,规格,50,True,False,False,textbox,False,False,False,,,True,,,,,,,True,,,,,,,V_APS_DayPlanForActive,6688,,,,江科,2025-09-09 16:56:36,12254
False,Molecule,decimal,5,分子,50,True,False,False,numberbox,False,False,False,,,,,,{0:G0},,,custom,True,,,,,,,V_APS_MaterialBOM,1185,,,,管理员,2026-03-02 11:21:54,12178
False,Code,varchar,5,物料编码,100,True,False,False,textbox,False,False,False,,False,True,,,,,,custom,True,,,,,False,,V_APS_OrderPlanMaterialFormList3,6656,False,,,江科,2025-09-09 09:17:09,11399
False,MaterialName,nvarchar,5,物料名称,150,True,False,False,textbox,False,False,False,,,True,模糊匹配,,,,,custom,True,,left,,,,,V_OrderPlan2,5150,False,,,江科,2025-09-09 09:18:47,8702
False,Code,varchar,5,物料编码,160,True,False,False,textbox,False,False,False,,,False,,,,,,custom,True,,,,,,,V_OrderPlan1,5155,False,,,江科,2025-09-09 09:17:09,8857
False,MaterialName,nvarchar,5,物料名称,150,True,False,False,textbox,False,False,False,,,,,,,,,custom,True,,,,,,,APS_OrderPlanMaterialForm,5157,,,,江科,2025-09-09 09:18:46,8877
False,Code,varchar,5,物料编码,100,True,False,False,textbox,False,False,False,,False,True,,,,,,,True,,,,,False,,V_APS_ProcessPlan,5585,False,,,江科,2025-09-09 09:17:08,9406
False,IsScheduling,bit,5,计划排产,80,True,False,False,checkbox,False,False,False,,,,,,,,,custom,True,,,,,,,V_APS_OrderProcess,5074,,,,吴鑫鹏,2025-10-10 10:46:51,9536
False,MaterialName,nvarchar,5,物料名称,280,True,True,False,textbox,False,False,True,,,True,,,,,,custom,True,,,,,,,V_MES_OrderOutputPersonsBad,5115,False,,,江科,2025-09-09 09:18:45,7417
False,Code,varchar,5,物料编码,150,True,True,False,textbox,False,False,True,,,True,,,,,,custom,True,,,,,,,V_MES_AccountGroupOutputDetail,5089,False,,,江科,2025-09-09 09:17:08,6899
False,Code,varchar,5,物料编码,150,True,True,False,textbox,False,False,True,,,True,,,,,,custom,True,,,,,,,V_APS_OrderForMakeByOrderSMT,5069,False,,,江科,2025-09-09 09:17:09,6358
False,PostProcessID,varchar,5,锚点工序,100,True,True,False,combobox,False,False,True,,,,,,,,,custom,True,工序,,,,,,V_APS_ProcessGroupInfo,1186,,,,管理员,2025-11-21 15:51:29,6577
False,MaterialName,nvarchar,5,物料名称,150,True,True,False,textbox,False,False,True,,,,,,,,,custom,True,,,,,,,V_MES_OrderOutputForOrder,5082,,,,江科,2025-09-09 09:18:45,6765
False,SalesOrderNo,varchar,5,订单编号,80,True,False,False,textbox,False,False,,,,True,,,,,,,True,,,,,,,V_APS_SalesOrderDetail_JDY,27538,,,,system,2025-12-05 10:35:31,39381
False,FNameAPS,varchar,5,APS字段(表),80,True,True,False,textbox,False,False,,,,True,,,,,,custom,True,,,,,,,APS_InterfaceSAPOutputField,9033,,,,陈坤和,2026-01-14 15:16:34,39176
False,ProcessGroupName,nvarchar,5,制程名称,350,True,False,False,textbox,False,False,,,,,,,,,,,True,,,,,,,V_APS_Report29,7912,,,,管理员,2025-12-23 09:13:18,39533
False,OrderNo,varchar,5,生产单号,80,True,False,False,textbox,False,False,,升序,False,True,,,,,,,True,,,,,,,V_APS_OrderPicking,3010,,,,管理员,2026-01-19 14:57:47,40254
False,CreatedBy,varchar,5,创建账号,100,True,False,False,,False,False,,,,,,,,,,,True,,,,,,,APS_QualityAbnormalityCase,27559,,,,system,2026-01-07 11:06:32,40562
False,CreatedBy,varchar,5,创建账号,100,True,False,False,,False,False,,,,,,,,,,,True,,,,,,,APS_NewProductTrial,27560,,,,system,2026-01-07 11:06:32,40527
False,ChangeRequestNo,nvarchar,5,临时变更单号,150,True,False,False,textbox,False,False,,,,True,,,,,,,True,,,,,,,APS_TempChangeRequest,27558,,,,陈坤和,2026-01-31 11:57:17,40611
False,TrialSummaryNo,varchar,5,试产总结单号,120,True,False,False,textbox,False,False,,,,True,,,,,,,True,,,,,,,V_APS_NewProductTrial,27561,,,,陈坤和,2026-01-31 11:56:28,40641
False,Source,nvarchar,5,质量异常信息来源,100,True,False,False,textbox,False,False,,倒序,,,,,,,,,True,,,,,,,V_APS_QualityAbnormalityCase,27562,,,,陈坤和,2026-01-31 11:56:56,40678
False,OrderDate,datetime,5,下单时间,80,True,False,False,datebox,False,False,,,,,,,,,,,True,,,,,,,V_APS_SalesOrderWarning,28571,,,,陈坤和,2026-01-27 15:42:14,41975
False,Status,int,5,状态,80,True,True,False,combobox,True,False,,,,,,,,,,,True,数据状态,,,,,,APS_AssessmentHR,27574,,,,system,2026-01-22 15:16:30,41577
False,UnIssuedQty3,decimal,5,销售需求,50,True,False,False,numberbox,False,False,,,,,,,,,,,True,,,,,,,V_APS_MaterialOrg,25481,,,,管理员,2026-01-26 11:28:02,41801
False,Spec,nvarchar,5,规格,100,True,False,False,textbox,False,False,,,,,,,,,,,True,,,,,,,V_APS_Report41,19337,,,,温广燕,2026-01-16 11:45:56,41477
False,LevelName,nvarchar,5,技能等级,100,True,False,False,textbox,False,False,,,,,,,,,,,True,,,,,,,V_APS_ProcessPosition,27569,,,,温广燕,2026-01-15 14:48:24,41349
False,GroupName,nvarchar,5,群组,100,True,False,False,textbox,False,False,,,,,,,,,,,True,,,,,,,APS_AssessmentMachine,27575,,,,system,2026-01-22 15:16:30,41597
False,Status,int,5,状态,80,True,True,False,combobox,True,False,,,,,,,,,,,True,数据状态,,,,,,APS_AssessmentResources,27576,,,,system,2026-01-22 15:16:30,41618
False,Status,int,5,状态,80,True,True,False,combobox,True,False,,,,,,,,,,,True,数据状态,,,,,,APS_ProcessPosition,27565,,,,system,2026-01-12 20:35:49,40783
False,Status,int,5,状态,80,True,True,False,combobox,True,False,,,,,,,,,,,True,数据状态,,,,,,Dev_PositionAccountMap,27564,,,,system,2026-01-12 20:35:49,40802
False,Status,int,5,状态,80,True,True,False,combobox,True,False,,,,,,,,,,,True,数据状态,,,,,,Dev_PositionLevelMap,27563,,,,system,2026-01-12 20:35:49,40828
False,Status,int,5,状态,80,True,True,False,combobox,True,False,,,,,,,,,,,True,数据状态,,,,,,APS_MaterialLadderLossConfig,26501,,,,system,2025-10-14 17:50:24,36287
False,Status,int,5,状态,80,True,True,False,combobox,True,False,,,,,,,,,,,True,数据状态,,,,,,APS_MaterialLadderLossRelated,26502,,,,system,2025-10-14 17:50:24,36308
False,Code,varchar,5,物料编码,90,True,False,False,textbox,False,False,,,,True,,,,,,,True,,,,,,,V_APS_OrderSplitLog,16234,,,,吴鑫鹏,2025-10-25 10:55:55,36221
False,EffectiveDate,datetime,5,生效日期,200,True,False,False,datebox,False,False,,,,,,,,,,,True,,,,,,,V_Dev_OrganizeProcess,26492,,,,江科,2025-10-23 08:52:57,35093
False,Status,int,5,状态,80,True,True,False,combobox,True,False,,,,,,,,,,,True,数据状态,,,,,,APS_OrderDeliveryReply,26494,,,,system,2025-09-26 17:44:00,35125
False,MaterialName,nvarchar,5,物料名称,170,True,False,False,textbox,False,False,,,,,,,,,,,True,,,,,,,V_APS_SalesOrderDeliveryReplyInfo,26495,,,,江科,2025-10-21 15:54:09,35247
False,Name,nvarchar,5,组件名称,100,True,True,False,textbox,False,False,,,,,,,,,,,True,,,,,,,V_APS_Report51,19326,,,,吴鑫鹏,2025-09-17 10:36:48,34376
False,CreatedByName,nvarchar,5,创建姓名,100,True,False,False,,False,False,,,,,,,,,,,True,,,,,,,APS_MaterialOrg,25480,,,,system,2025-09-09 10:09:42,33930
False,CreatedByName,nvarchar,5,创建人,100,True,False,False,,False,False,,,,,,,,,,,True,,,,,,,APS_DutyDepartment,19294,,,,江科,2025-09-10 11:00:21,34152
False,QPA,decimal,5,用量,80,True,False,False,numberbox,False,False,,,,False,,,{0:G0},,,custom,True,,,,,,,V_APS_OrderBOMNoIssueQty,5121,,,,system,2025-09-24 16:48:53,34622
False,Spec,nvarchar,5,规格,200,True,False,False,textbox,False,False,,,,,,,,,,,True,,,,,,,V_APS_Report44,19334,,,,管理员,2026-01-23 16:11:44,34696
False,PlanQty,decimal,5,计划数,80,True,False,False,numberbox,False,False,,,,,,,,,,,True,,,,,,,V_APS_OrderPlanMaterialFormListForBoardSum,15204,,,,管理员,2025-11-06 10:53:20,38869
False,Qty,decimal,5,工单数,50,True,False,False,numberbox,False,False,,,,,,,,,,,True,,,,,,,V_APS_SalesPlanMaterial,6681,,,,吴鑫鹏,2025-11-12 16:12:44,39085
False,APSTableNameTemp,varchar,5,临时表名A,100,True,True,False,textbox,False,False,,,,True,,,,,,custom,True,,,,,,,APS_InterfaceSAPOutput,9032,,,,廖尚华,2025-11-28 16:01:14,39154
False,ModifiedByName,nvarchar,5,修改姓名,100,True,False,False,,False,False,,,,,,,,,,,True,,,,,,,APS_OrganizeDemandOrder,26524,,,,system,2025-10-30 16:15:32,38180
False,DictionaryID,int,5,字典ID,80,True,False,False,numberbox,False,False,,,,,,,,,,,True,,,,,,,V_APS_Report35,11154,,,,温广燕,2025-11-03 10:50:14,38304
False,RequestCount,int,5,次数,80,True,False,False,numberbox,False,False,,,,,,,,,,,True,,,,,,,V_PWS_WageTrendReport,3049,,,,江老师,2026-03-03 10:21:10,38386
False,MaterialName,nvarchar,5,物料名称,100,True,False,False,textbox,False,False,,,,,,,,,,,True,,,,,,,V_APS_MaterialBalanceHistory,26523,,,,陈坤和,2025-11-03 08:31:13,38300
False,RemainReason,nvarchar,5,呆滞原因,100,True,False,False,textbox,False,False,,,,,,,,,,,True,,,,,,,V_APS_MaterialBalanceHistoryReason,26522,,,,system,2025-10-29 20:30:04,38058
False,Status,int,5,状态,80,True,True,False,combobox,True,False,,,,,,,,,,,True,数据状态,,,,,,APS_MaterialBalanceTotalHistory,26518,,,,system,2025-10-29 20:30:04,37992
False,OrganizeID,int,5,OrganizeID,80,True,False,False,numberbox,False,False,,,,,,,,,,,True,,,,,,,APS_ProcessMaterialHistory,26519,,,,system,2025-10-29 20:30:04,38013
False,ValidCount,int,5,有效工单,85,True,False,False,numberbox,False,False,,,,,,,,,,,True,,,,,,,V_APS_OrderAchievedRate,26508,,,,江科,2025-10-27 14:51:57,37292
False,MaterialName,nvarchar,5,产品描述,100,True,False,False,textbox,False,False,,,,True,,,,,,,True,,,,,,,V_APS_OrderForPrepare3,7975,,,,温广燕,2026-06-01 14:32:12,37917
False,UnkownCount,int,5,未到期待结案数,120,True,False,False,numberbox,False,False,,,,,,,,,SUM,,True,,,,,,,V_APS_Report53,19325,,,,江科,2025-10-27 15:28:52,37284
False,Extend23,nvarchar,5,品类,100,True,False,False,textbox,False,False,,,,True,,,,,,,True,,,,,,,V_APS_Report42,19335,,,,陈坤和,2026-03-23 17:30:49,37016
False,ModifiedByName,nvarchar,5,修改姓名,100,True,False,False,,False,False,,,,,,,,,,,True,,,,,,,APS_ManualForecastDetail,9003,,,,system,2025-10-29 09:41:02,37925
False,Status,int,5,状态,80,True,True,False,combobox,True,False,,,,,,,,,,,True,数据状态,,,,,,APS_MaterialBalanceHistory,26517,,,,system,2025-10-29 20:30:04,37965
False,Code,varchar,5,产品编号,80,True,False,False,textbox,False,False,,,,,,,,,,,True,,,,,,,V_APS_Report59,19319,,,,陈坤和,2026-03-23 17:34:15,44657
False,Code1,varchar,5,物料编码,100,True,False,False,textbox,False,False,,升序,,True,,,,,,,True,,,,,,,V_APS_Report43,19336,,,,管理员,2026-04-14 18:58:44,45283
False,ProcessName,nvarchar,5,工序,80,True,False,False,textbox,False,False,,,,,,,,,,,True,,,,,,,V_PWS_ProcessMaterial,5096,,,,范龙生,2026-03-17 12:08:31,44509
False,Status,int,5,状态,80,True,True,False,combobox,True,False,,,,,,,,,,,True,数据状态,,,,,,APS_MaterialForecastForm,28600,,,,system,2026-03-16 14:51:03,44310
False,Status,int,5,状态,80,True,True,False,combobox,True,False,,,,,,,,,,,True,数据状态,,,,,,APS_MaterialForecast,8977,,,,system,2026-03-16 14:51:03,44266
False,MaterialName,nvarchar,5,物料描述,160,True,False,False,textbox,False,False,,,,True,,,,,,,True,,,,,,,APS_ProcessPartMaterialImport,28596,,,,江老师,2026-03-17 14:36:42,44234
False,Status,int,5,状态,80,True,True,False,combobox,True,False,,,,,,,,,,,True,数据状态,,,,,,APS_MaterialForecastBom,28599,,,,system,2026-03-16 14:51:03,44287
False,RuleType,nvarchar,5,送货规则,100,True,True,False,combobox,False,False,,,,,,,,,,,True,送货规则,,,,,,V_APS_PrepareView17,7869,,,,温广燕,2026-01-28 11:43:18,42300
False,Status,int,5,启用,80,True,True,False,combobox,True,False,True,,,,,,,,,,True,数据状态,,,,,,V_Dev_PositionDetail,28586,,,,江老师,2026-03-06 11:16:45,42847
False,TotalRequiredQty,decimal,5,总需求,100,True,False,False,numberbox,False,False,,,,,,,,,,,True,,,,,,,V_APS_Report33,7907,,,,江老师,2026-03-10 11:07:25,43042
False,EditRow,int,5,操作,180,True,False,False,numberbox,False,False,,,,,,,,,,,True,,,"[{""name"":""关联岗位"",""methods"":""toPage"",""type"":""primary"",""condition"":(row)=>row.Status === 1},{""name"":""离职配置"",""methods"":""changeEmployeeLeaveStatus"",""type"":""danger"",""condition"":(row)=>row.Status === 1},{""name"":""恢复在职"",""methods"":""restoreEmployee"",""type"":""success"",""condition"":(row)=>row.Status === 0}]",,,,V_Dev_AccountEmployee,28585,,,,温广燕,2026-05-07 13:53:40,42933
False,LineNum,varchar,5,行号,50,True,False,False,textbox,False,False,,升序,,False,,,,,,,True,,,,,,,V_APS_Report32,7909,,,,江老师,2026-03-10 10:34:09,43010
False,Code,nvarchar,5,物料编码,100,True,False,False,textbox,False,False,,,,,,,,,,,True,,,,,,,Dev_PositionExamRecord,28587,,,,温广燕,2026-03-05 18:03:20,42794
False,ProcessPartName,nvarchar,5,工段,80,True,False,False,textbox,False,False,,,,,,,,,,,True,,,,,,,V_APS_ProcessMaterialError,5126,,,,江老师,2026-03-06 08:12:11,42557
False,TotalRequiredQty,decimal,5,总需求,100,True,False,False,numberbox,False,False,,,,,,,,,,,True,,,,,,,V_APS_PrepareView26,7976,,,,江老师,2026-03-10 11:04:16,42727
False,TotalWorkTimes,decimal,5,总工时,90,True,False,False,numberbox,False,False,,,,,,,,,SUM,,True,,,,,,,V_APS_SchedulingForERP,122,,,,管理员,2026-05-05 17:27:03,43818
False,TotalUnattendanceRegular,int,5,正式工缺勤,100,True,False,False,numberbox,False,False,,,,,,,,,SUM,,True,,,,,,,V_APS_SalesOrderDetailDeliver3Total,27540,,,,江老师,2026-03-13 08:30:34,43811
False,OrganizeName,nvarchar,5,组织,100,True,False,False,textbox,False,False,,,,,,,,,,,True,,,,,,,MES_RouteReport,28592,,,,system,2026-03-13 09:12:04,44050
False,StatusName,nvarchar,5,出勤状态,100,True,False,False,textbox,False,False,,,,,,,,,,,True,,,,,,,V_APS_LineAttendanceDetail,10118,,,,温广燕,2026-03-12 11:40:05,43656
False,WorkTimeAfternoon,decimal,5,下午时长,100,True,True,False,numberbox,False,False,,,,,,,,,,,True,,,,,,,V_APS_LineAttendance,10113,,,,江老师,2026-03-11 15:37:06,43626
False,Code,varchar,5,物料编码,100,True,False,False,textbox,False,False,,,,,,,,,,,True,,,,,,,V_APS_MOPlanStep5,7769,,,,温广燕,2026-05-13 16:37:50,47288
False,OrganizeID,bigint,5,组织ID,80,True,False,False,numberbox,False,False,,,,,,,,,,,True,,,,,,,MES_OrderRouteReport,28639,,,,system,2026-05-05 16:31:34,46905
False,PCDeliveryDate,datetime,5,排产日期,100,True,False,False,datebox,False,False,,升序,True,,,,,,,,True,,,,,,,V_APS_Report57,19321,,,,温广燕,2026-05-28 19:43:16,46793
False,IssuedQty,decimal,5,已领,50,True,False,False,numberbox,False,False,,,,,,,,,,,True,,,,,,,V_APS_MaterialForecastBom,28597,,,,温广燕,2026-05-20 08:38:57,46720
False,OrderNo,varchar,5,生产单号,80,True,False,False,textbox,False,False,,,,True,,,,,,,True,,,,,,,V_APS_Report38,11151,,,,管理员,2026-05-05 17:29:38,46833
False,Years,nvarchar,5,年份,100,True,False,False,year,False,False,,倒序,True,True,,,,,,,True,,,,,,,V_APS_MaterialDeliveryConfig,25477,,,,陈坤和,2026-05-06 08:59:54,46886
False,DailyAttendanceHours,decimal,5,日出勤工时,100,True,True,False,numberbox,False,False,,,,,,,,,,,True,,,,,,,V_APS_PrepareView20,7866,,,,管理员,2026-04-28 09:34:23,46530
False,Code,varchar,5,物料编码,80,True,False,False,textbox,False,False,,,,,,,,,,,True,,,,,,,V_APS_Report14,7848,,,,管理员,2026-04-27 13:49:49,45989
False,OrderDate,datetime,5,下单时间,110,True,False,False,datebox,False,False,,倒序,True,True,范围,,,,,,True,,,,,,,V_APS_Report56,19322,,,,管理员,2026-05-05 17:56:05,46024
False,DeliveryYM,nvarchar,5,月份,100,True,False,False,textbox,False,False,,倒序,True,True,,,,,,,True,,,,,,,V_APS_Report39,10122,,,,管理员,2026-04-24 18:01:19,46356
False,DailyAttendanceHours,int,5,每日出勤工时,120,True,True,False,numberbox,False,False,,,,,,,,,,,True,,,,,,,V_APS_Report18,7922,,,,管理员,2026-04-27 12:33:55,46522
False,OrderDate,datetime,5,最早下单时间,100,True,False,False,datebox,False,False,,倒序,True,True,,,,,,,True,,,,,,,V_APS_Report46,19332,,,,廖尚华,2026-05-13 12:09:37,46193
False,CompletionQty,decimal,5,已入库,60,True,False,False,numberbox,False,False,,,,,,,,,,,True,,,,,,,V_APS_OrderForPrepare2,7974,,,,廖尚华,2026-06-04 16:45:08,47811
False,CustomerName,nvarchar,5,客户名称,100,True,False,False,textbox,False,False,,,,,,,,,,,True,,,,,,,V_APS_Report17,7843,,,,廖尚华,2026-05-28 11:13:03,47833
False,ReplyDateStatus2,nvarchar,5,欠料情况,4,True,False,False,textbox,False,False,,,,,,,,,,,True,,,,,,,V_APS_MOPlanStep1V12,9021,,,,廖尚华,2026-06-03 11:38:45,47848
False,ProductName,nvarchar,5,产品描述,200,True,False,False,textbox,False,False,,,,,,,,,,,True,,,,,,,V_APS_ProcessPlanHistoryForWeek3,28646,,,,廖尚华,2026-06-04 17:40:58,48215
False,MaterialName,nvarchar,5,物料名称,100,True,False,False,textbox,False,False,,,,True,,,,,,,True,,,,,,,V_APS_OrderForPrepare,7973,,,,温广燕,2026-05-27 11:50:33,47722
False,PanelQty,decimal,5,拼版数,80,True,True,False,numberbox,False,False,,,,,,,,,,,True,,,,,,,V_APS_Report24,7916,,,,温广燕,2026-05-20 16:57:26,47541
False,Extend13,int,6,委外,50,True,True,True,checkbox,False,False,,,,,,,,,,,True,,,,,,,V_APS_MOPlanStep1V12,9021,,,,廖尚华,2026-05-28 09:47:04,45860
False,OrganizeName,nvarchar,6,生产线,100,True,False,True,textbox,False,False,,升序,False,True,,,,,,,True,,,,,,,V_APS_PrepareView4,7790,,,,管理员,2026-04-13 08:52:05,43634
False,Spec,nvarchar,6,规格型号,100,True,False,True,textbox,False,False,False,,,False,,,,,,,True,,,,,,,V_APS_PrepareView1,7793,,,,system,2026-03-10 15:54:28,43417
False,Spec,nvarchar,6,规格型号,100,True,False,True,textbox,False,False,False,,,False,,,,,,,True,,,,,,,V_APS_OrderWarning,28588,,,,system,2026-03-12 11:34:05,43669
False,OrderDate,datetime,6,订单日期,80,True,False,True,datebox,False,False,,倒序,,,,,{0:yyyy-MM-dd},,,,True,,,,,,,V_APS_OrderBOMProgress,5162,,,,system,2026-02-05 16:55:22,42633
False,TestTime,decimal,6,考试时间(分钟),80,True,True,True,numberbox,False,False,True,,,,,,,,,,True,,,,,,,V_Dev_PositionExamRecord,28584,,,,江老师,2026-03-09 16:03:04,42877
False,Spec,nvarchar,6,规格型号,80,True,False,True,textbox,False,False,,,False,True,,,,,,,True,,,,,,,V_APS_ProductionReportMt,28573,,,,温广燕,2026-03-13 13:40:31,42444
False,ProcessCount,int,6,岗位数,80,True,False,True,numberbox,False,False,,,,,,,,,,,True,,right,,,,,V_APS_ProcessStaffMatrix,28574,,,,陈坤和,2026-01-30 17:48:30,42522
False,TotalForecast,decimal,6,累计预测,80,True,False,True,numberbox,False,False,,,,,,,,,,,True,,,,,,,V_APS_SalesOrderDetailPlanLine,12192,,,,江老师,2026-03-16 11:05:52,44091
False,TotalDeliveredCount,int,6,发齐物料,50,True,False,True,numberbox,False,False,,,,,,,,,,,True,,,,,,,V_APS_MaterialForecast,8978,,,,温广燕,2026-04-24 09:57:03,45261
False,MaterialName,nvarchar,6,物料名称,250,True,False,True,textbox,False,False,,,,,,,,,,custom,True,,,,,,,V_APS_MaterialBalancePlan,27524,,,,吴鑫鹏,2025-11-05 15:50:10,38518
False,MaterialName,nvarchar,6,物料名称,110,True,False,True,textbox,False,False,,,,,,,,,,,True,,,,,,,V_APS_SalesOrderBom,26496,,,,管理员,2026-01-23 16:19:50,35210
False,MaterialName,nvarchar,6,物料名称,90,True,False,True,textbox,False,False,,,,True,,,,,,,True,,,,,,,V_APS_MOPlanStep4V9,9016,,,,江老师,2026-03-18 13:29:56,35997
False,Code,varchar,6,物料编码,100,True,False,True,textbox,False,False,,,,,,,,,,,True,,,,,,,V_APS_SalesOrderDetailDelivery,26509,,,,温广燕,2025-10-28 15:07:39,36947
False,UnIssuedQty1,decimal,6,生产需求,50,True,False,True,numberbox,False,False,,,,,,,,,,,True,,,,,,,V_APS_PrepareView6,7788,,,,管理员,2026-03-02 08:33:45,41911
False,MachineName,nvarchar,6,治具/设备名称,100,True,True,True,textbox,False,False,True,,,False,,,,,,,True,,,,,,,V_APS_ProcessMaterial,15,,,,江老师,2026-03-06 08:12:40,39553
False,UsageCount,int,6,使用次数,80,True,False,True,numberbox,False,False,,,False,,,,,,,,True,,,,,,,APS_ToolingRegister_JDY,27556,,,,陈坤和,2025-12-25 18:37:45,39808
False,OrderNo,varchar,6,生产单号,80,True,False,True,textbox,False,False,,,,True,,,,,,,True,,,,,,,APS_ProductCheck_JDY,27536,,,,管理员,2025-12-24 08:25:50,39340
False,EndTime,varchar,6,结束时间,80,True,False,True,textbox,False,False,False,,,,,,,,,custom,True,,,,,,,V_APS_OrganizeWorkingTimesDetail,97,,,,管理员,2025-11-26 13:17:58,11321
False,ProcessName,nvarchar,6,工序,100,True,False,True,textbox,True,False,True,,False,True,精确匹配,,,,,,True,,,,,False,,V_APS_ProcessMaterial,15,False,,,江老师,2026-03-18 13:35:26,1820
False,MaterialName,nvarchar,6,物料名称,250,True,False,True,textbox,False,False,False,,,True,,,,,,custom,True,,,,,,,V_MES_OrderOutput,74,,,,江科,2025-09-09 09:18:47,1182
False,Code,varchar,6,物料编码,100,True,False,True,textbox,False,False,,,,True,,,,,,,True,,,,,,,APS_PORecive,9039,,,,江科,2025-09-09 09:16:22,29075
False,SourceOrderNo,varchar,6,销售订单,90,True,False,True,textbox,False,False,,,,True,,,,,,,True,,,,,,,V_APS_Report50,19328,,,,江科,2025-10-27 15:35:05,31435
False,OrderNo,varchar,6,生产单号,90,True,False,True,textbox,False,False,,,,True,,,,,,,True,,,,,,,V_APS_Report50,19328,,,,江科,2025-10-27 15:35:05,31386
False,Qty,decimal,6,订单数,70,True,False,True,numberbox,False,False,True,,,,,,,,SUM,custom,True,,,,,,,V_APS_OrderInfo,13,,,,管理员,2026-01-21 19:34:54,27522
False,Code,varchar,6,物料编码,80,True,False,True,textbox,False,False,,,,True,,,,,,,True,,,,,,,V_APS_Report19,7920,,,,管理员,2025-11-06 16:17:46,27118
False,Spec,nvarchar,6,规格,100,True,False,True,textbox,False,False,,,,False,,,,,,,True,,,,,,,V_APS_OrderForToDo,5139,,,,江科,2025-09-22 15:52:20,25899
False,MaterialName,nvarchar,6,物料名称,90,True,False,True,textbox,False,False,True,,,False,,,,,,custom,True,,,,,,,V_APS_MOPlanStep4V11,9019,,,,温广燕,2026-04-27 11:03:29,18736
False,MaterialName,nvarchar,6,物料描述,80,True,False,True,textbox,False,False,False,,False,True,,,,,,custom,True,,,,,False,,V_APS_Report17,7843,False,,,廖尚华,2026-05-22 11:39:22,14939
False,OrderNo,varchar,6,生产单号,80,True,False,True,textbox,False,False,,,,True,,,,,,,True,,,,,,,V_APS_MOPlanStep1V10,9013,,,,管理员,2025-12-09 22:39:14,22308
False,Remark2,nvarchar,6,工序名称,150,True,False,False,textbox,False,False,,,,,,,,,,custom,True,,,,,,,V_APS_Report29,7912,,,,管理员,2025-12-20 09:55:23,24317
False,Remark1,nvarchar,6,采购员,85,True,False,False,textbox,False,False,,,,,,,,,,custom,True,,,,,,,V_Dev_Customer,11139,,,,陈坤和,2026-01-23 14:59:18,21150
False,Qty,decimal,6,排产数量,90,True,False,False,numberbox,False,False,False,,,,,,{0:G0},,,,True,,,,,,,V_APS_PrepareView8,7851,,,,管理员,2026-06-16 13:47:06,14294
False,MaterialName,nvarchar,6,物料名称,120,True,False,False,textbox,False,False,False,,,,,,,,,custom,True,,,,,,,V_APS_MOPlanStep4V1SMT,7946,,,,江科,2025-09-09 09:18:47,18435
False,ProductCode,varchar,6,产品编码,150,True,False,False,textbox,False,False,False,,,,,,,,,custom,True,,,,,,,APS_OrderPlanMaterialFormAnther,9000,,,,江科,2025-09-28 10:11:51,18052
False,MaterialName,nvarchar,6,物料名称,120,True,False,False,textbox,False,False,False,,,,,,,,,custom,True,,,,,,,V_APS_MOPlanStep4V2,7956,,,,江科,2025-09-09 09:18:47,17288
False,ProcessValues,nvarchar,6,适用工序,150,True,False,False,textbox,False,False,False,,,,,,,,,,True,,,,,,,V_Dev_Organize,3026,,,,管理员,2025-11-26 08:17:35,16585
False,Code,varchar,6,物料编码,100,True,True,False,textbox,False,False,True,,False,False,,,,,,custom,True,,,,,False,,Import_OrderDBHistory,7962,False,,,江科,2025-09-09 09:17:08,16639
False,ProductCode,varchar,6,产品编码,100,True,False,False,textbox,False,False,False,,,,,,,,,custom,True,,,,,,,V_APS_PrepareView11History,160,,,,江科,2025-09-28 10:11:51,16755
False,Spec,nvarchar,6,规格,150,True,False,False,textbox,False,False,,,,,,,,,,,True,,,,,,,V_APS_MOPlanStep1V9,9014,,,,管理员,2026-04-13 13:07:26,25066
False,OrderNo,varchar,6,工单号,120,True,False,False,textbox,False,False,False,,False,True,模糊匹配,,,,,,True,,,,,False,,V_APS_PrepareView13,7872,False,,,温广燕,2026-05-20 15:54:17,26497
False,ResourceNO,varchar,6,采购单号,260,True,False,False,textbox,False,False,,,,True,,,,,,,True,,,,,,,V_APS_WeekDeliveryDataDetail,18288,,,,温广燕,2026-05-05 10:43:24,28554
False,Spec,nvarchar,6,物料描述,80,True,False,False,textbox,False,False,,,,,,,,,,,True,,,,,,,V_APS_Report1,7842,,,,廖尚华,2026-06-03 09:38:45,27691
False,Qty,decimal,6,数量,60,True,True,False,numberbox,False,False,True,,,,,,,,,,True,,,,,,,V_APS_Report44,19334,,,,管理员,2026-01-23 16:11:44,30608
False,LineName,nvarchar,6,生产线,110,True,False,False,textbox,False,False,,升序,,,,,,,,,True,,,,,,,V_APS_PrepareView10,7853,,,,管理员,2026-06-16 13:49:44,29121
False,MaterialName,nvarchar,6,物料名称,140,True,False,False,textbox,False,False,,,,True,,,,,,,True,,,,,,,WMS_StockAll,7929,,,,范龙生,2026-03-12 18:48:36,29400
False,Extend2,nvarchar,6,责任部门,150,True,False,False,textbox,False,False,,,,,,,,,,,True,,,,,,,V_APS_PrepareView15,7870,,,,温广燕,2026-01-31 16:13:07,29673
False,CreatedByName,nvarchar,6,创建姓名,90,True,True,False,textbox,False,False,True,,,True,,,,,,custom,True,,,,,,,Dev_SysLog,55,,,,吴鑫鹏,2025-09-23 16:56:56,873
False,Price,decimal,6,单价,100,True,True,False,numberbox,False,False,True,,,,,,{0:G0},查看金额,,custom,True,,,,,,,V_APS_SchedulingFinish,52,,,,管理员,2026-01-27 23:30:06,762
False,RoleID,varchar,6,代码,100,True,False,False,combobox,False,False,True,,,True,精确匹配,,,,,custom,True,角色类型,,,,,,V_Dev_RoleMenuMap,48,,,,温广燕,2025-09-15 13:54:41,619
False,MaterialName,nvarchar,6,物料名称,150,True,True,False,textbox,False,False,True,,,,,,,,,custom,True,,,,,,,APS_OrderMaterialSet,106,,,,江科,2025-09-09 09:18:46,1796
False,Code,varchar,6,物料编码,150,True,True,False,textbox,False,False,True,,,,,,,,,custom,True,,,,,,,V_APS_OrderForProcess,107,,,,江科,2025-09-09 09:17:09,1805
False,IsVisible,bit,6,可见,50,True,True,False,checkbox,False,False,True,倒序,,True,精确匹配,选择项2,,,,custom,True,,left,,,,,V_DictionaryField,35,False,,,温广燕,2026-03-25 12:02:54,729
False,Price,decimal,6,单价,80,True,False,False,numberbox,False,False,False,,,,,,{0:G0},查看金额,,custom,True,,,,,,,APS_Order,100,,,,管理员,2026-01-27 23:30:06,1613
False,TotalPrice,decimal,6,金额(单据数量*单价),150,True,False,False,numberbox,False,False,False,,,False,,,,查看金额,,custom,True,,,,,,,V_WMS_DeliveryPlanForNew,1201,,,,管理员,2026-01-27 23:30:06,3525
False,Price,real,6,单价,80,True,True,False,numberbox,False,False,True,,,False,,,,查看金额,,custom,True,,,,,,,V_WMS_ReceiptDetail,1204,,,,管理员,2026-01-27 23:30:06,3660
False,TotalPrice,decimal,6,金额,80,True,True,False,numberbox,False,False,True,,,False,,,,查看金额,,custom,True,,,,,,,V_WMS_StockForInOut,3013,,,,管理员,2026-01-27 23:30:06,4075
False,MaterialName,nvarchar,6,物料名称,150,True,True,False,textbox,False,False,True,,,True,,,,,,custom,True,,,,,,,V_WMS_StockForOrderOutput,3014,,,,江科,2025-09-09 09:18:45,4089
False,Price,decimal,6,单价,80,True,True,False,numberbox,False,False,True,,,,,,{0:G0},查看金额,,custom,True,,,,,,,V_APS_OrderForSchedulingForIssue,3011,,,,管理员,2026-01-27 23:30:06,3977
False,MaterialType,nvarchar,6,类型,80,True,False,False,textbox,False,False,True,升序,False,,,,,,,custom,True,,,,,,,V_WMS_Stock,76,,,,管理员,2026-01-22 20:13:04,4284
False,MaterialName,nvarchar,6,物料名称,260,True,False,False,textbox,False,False,False,,False,True,,,,,,custom,True,,,,,False,,V_APS_ReportWork,5649,False,,,江科,2025-09-09 09:18:45,11141
False,Code,varchar,6,物料编码,150,True,False,False,textbox,False,False,False,,,,,,,,,custom,True,,,,,,,APS_AppointmentDetails,5627,,,,江科,2025-09-09 09:16:21,10955
False,Code,varchar,6,物料编码,150,True,False,False,textbox,False,False,False,,,,,,,,,custom,True,,,,,,,APS_AppointmentInventory,5632,,,,江科,2025-09-09 09:16:22,10749
False,ProductCode,varchar,6,产品编码,150,True,False,False,textbox,False,False,False,,,,,,,,,custom,True,,,,,,,V_APS_AppSetGoodsList,5630,,,,江科,2025-09-28 10:11:51,10506
False,Code,varchar,6,物料编码,150,True,False,False,textbox,False,False,False,,,,,,,,,custom,True,,,,,,,V_APS_SSN,5602,,,,江科,2025-09-09 09:17:09,9793
False,Code,varchar,6,物料编码,150,True,False,False,textbox,False,False,False,,,,,,,,,custom,True,,,,,,,APS_AbnomalRecord,6661,,,,江科,2025-09-09 09:16:22,11736
False,MaterialName,nvarchar,6,物料名称,150,True,False,False,textbox,False,False,False,,,False,,,,,,custom,True,,,,,,,V_APS_DayPlanForProduction,6655,False,,,江科,2025-09-09 09:18:45,11376
False,Denominator,decimal,6,分母,50,True,False,False,numberbox,False,False,False,,,,,,{0:G0},,,custom,True,,,,,,,V_APS_MaterialBOM,1185,,,,管理员,2026-03-02 11:21:54,12179
False,Code,varchar,6,物料编码,90,True,True,False,textbox,False,False,True,,False,True,,,,,,custom,True,,,,,False,,V_APS_GoodsPlanPre,6711,False,,,江科,2025-09-09 09:16:22,12710
False,ProductCode,varchar,6,产品编码,150,True,False,False,textbox,False,False,False,,,,,,,,,custom,True,,,,,,,V_APS_OrderPlanMaterialFormAbnormal,7766,,,,江科,2025-09-28 10:11:51,13412
False,Code,varchar,6,物料编码,100,True,True,False,textbox,False,False,True,,False,False,,,,,,custom,True,,,,,False,,Import_OrderDB,5043,False,,,江科,2025-09-09 09:17:08,13309
False,UnIssuedQty,decimal,6,未领,60,True,False,False,numberbox,False,False,False,,,,,,{0:G0},,,,True,,,,,,,V_APS_OrderPlanMaterialForm,5165,,,,管理员,2026-01-23 13:23:06,13301
False,MaterialName,nvarchar,6,物料名称,150,True,True,False,textbox,False,False,True,,,False,,,,,,custom,True,,,,,,,V_APS_OrderForMakeByOrderSMT,5069,False,,,江科,2025-09-09 09:18:46,6360
False,Code,varchar,6,物料编码,150,True,False,False,textbox,False,False,False,,,False,,,,,,custom,True,,,,,,,V_MES_OrderOutputPersonsForAuditAll,5131,False,,,江科,2025-09-09 09:17:08,8022
False,Code,varchar,6,物料编码,150,True,False,False,textbox,False,False,False,,,False,,,,,,custom,True,,,,,,,V_MES_OrderOutputPersonsAll,5130,False,,,江科,2025-09-09 09:17:08,7962
False,IssuedQty,decimal,6,已领用量,80,True,False,False,numberbox,False,False,True,,,False,,,{0:G0},,,custom,True,,,,,,,V_APS_OrderBOMNoIssueQty,5121,False,,,江科,2025-10-21 19:58:25,7591
False,StandardPeoples,decimal,6,人数,50,True,False,False,numberbox,False,False,False,,,,,,,,,custom,True,,,,,,,V_APS_ProcessMaterialError,5126,,,,江老师,2026-03-06 08:12:11,7656
False,Code,varchar,6,物料编码,150,True,False,False,textbox,False,False,False,,False,False,,,,,,custom,True,,,,,,,V_APS_OrderProgress,5587,False,,,江科,2025-09-09 09:17:08,9459
False,MaterialName,nvarchar,6,品名,100,True,False,False,textbox,False,False,False,,False,,,,,,,,True,,,,,False,,V_APS_ProcessPlan,5585,False,,,江科,2025-09-09 09:18:45,9407
False,MaterialName,nvarchar,6,物料名称,150,True,False,False,textbox,False,False,False,,,False,,,,,,custom,True,,,,,,,V_APS_DayPlan,5170,False,,,江科,2025-09-09 09:18:45,9132
False,CreatedByName,nvarchar,6,创建姓名,100,True,False,False,,False,False,,,,,,,,,,,True,,,,,,,APS_NewProductTrial,27560,,,,system,2026-01-07 11:06:32,40528
False,CreatedByName,nvarchar,6,创建姓名,100,True,False,False,,False,False,,,,,,,,,,,True,,,,,,,APS_QualityAbnormalityCase,27559,,,,system,2026-01-07 11:06:32,40563
False,UnIssuedQty1,decimal,6,生产需求,50,True,False,False,numberbox,False,False,,,,,,,,,,,True,,,,,,,V_APS_MaterialOrg,25481,,,,管理员,2026-01-26 11:28:02,41799
False,CreatedBy,varchar,6,创建账号,100,True,False,False,,False,False,,,,,,,,,,,True,,,,,,,APS_AssessmentHR,27574,,,,system,2026-01-22 15:16:30,41578
False,CreatedBy,varchar,6,创建账号,100,True,False,False,,False,False,,,,,,,,,,,True,,,,,,,Dev_PositionLevelMap,27563,,,,system,2026-01-12 20:35:49,40829
False,CreatedBy,varchar,6,创建账号,100,True,False,False,,False,False,,,,,,,,,,,True,,,,,,,Dev_PositionAccountMap,27564,,,,system,2026-01-12 20:35:49,40803
False,CreatedBy,varchar,6,创建账号,100,True,False,False,,False,False,,,,,,,,,,,True,,,,,,,APS_ProcessPosition,27565,,,,system,2026-01-12 20:35:49,40784
False,CreatedBy,varchar,6,创建账号,100,True,False,False,,False,False,,,,,,,,,,,True,,,,,,,APS_AssessmentResources,27576,,,,system,2026-01-22 15:16:30,41619
False,Status,int,6,状态,80,True,True,False,combobox,True,False,,,,,,,,,,,True,数据状态,,,,,,APS_AssessmentMachine,27575,,,,system,2026-01-22 15:16:30,41598
False,ProcessName,nvarchar,6,工序,100,True,False,False,textbox,False,False,,,,True,,,,,,,True,,,,,,,V_APS_Report41,19337,,,,温广燕,2026-01-16 11:45:56,41473
False,LossProportionLabel,decimal,6,阶梯损耗百分比值,150,True,False,False,numberbox,False,False,,,,,,,{0:P1},,,,True,,,,,,,V_APS_MaterialLadderLossConfig,26504,,,,温广燕,2025-10-15 17:34:47,36461
False,MaterialName,nvarchar,6,物料名称,500,True,False,False,textbox,False,False,,,,True,,,,,,,True,,,,,,,V_APS_OrderSplitLog,16234,,,,吴鑫鹏,2025-10-25 10:56:02,36222
False,CreatedBy,varchar,6,创建账号,100,True,False,False,,False,False,,,,,,,,,,,True,,,,,,,APS_MaterialLadderLossRelated,26502,,,,system,2025-10-14 17:50:24,36309
False,CreatedBy,varchar,6,创建账号,100,True,False,False,,False,False,,,,,,,,,,,True,,,,,,,APS_MaterialLadderLossConfig,26501,,,,system,2025-10-14 17:50:24,36288
False,Spec,nvarchar,6,规格,230,True,False,False,textbox,False,False,,,,,,,,,,,True,,,,,,,V_APS_MOPlanStep1V2,7961,,,,管理员,2026-04-23 15:59:18,35948
False,CreatedBy,varchar,6,创建账号,100,True,False,False,,False,False,,,,,,,,,,,True,,,,,,,APS_OrderDeliveryReply,26494,,,,system,2025-09-26 17:44:00,35126
False,Spec,nvarchar,6,规格,70,True,False,False,textbox,False,False,,,,,,,,,,,True,,,,,,,V_APS_SalesOrderDeliveryReplyInfo,26495,,,,江科,2025-10-21 15:53:52,35248
False,ModifiedByName,nvarchar,6,修改人,100,True,False,False,,False,False,,,,,,,,,,,True,,,,,,,APS_DutyDepartment,19294,,,,江科,2025-09-10 11:00:21,34154
False,ModifiedBy,varchar,6,修改账号,100,True,False,False,,False,False,,,,,,,,,,,True,,,,,,,APS_MaterialOrg,25480,,,,system,2025-09-09 10:09:42,33931
False,TargetFor,varchar,6,链接参数,300,True,True,False,textbox,False,False,,,,,,,,,,,True,,,,,,,V_APS_Report51,19326,,,,江科,2025-09-22 09:36:05,34367
False,Remark1,nvarchar,6,备注,300,True,True,False,textarea,False,False,,,,,,,,,,custom,True,,,,,,,APS_InterfaceSAPOutput,9032,,,,廖尚华,2026-05-26 09:37:34,39167
False,ParentCode,varchar,6,上级编码,100,True,False,False,textbox,False,False,,,,,,,,,,,True,,,,,,,V_APS_SalesPlanMaterial,6681,,,,吴鑫鹏,2025-11-12 14:55:22,39072
False,OweQty,decimal,6,欠数,80,True,False,False,numberbox,False,False,,,,,,,,,,,True,,,,,,,V_APS_OrderPlanMaterialFormListForBoardSum,15204,,,,管理员,2025-11-06 10:53:20,38860
False,CreatedBy,varchar,6,创建账号,100,True,False,False,,False,False,,,,,,,,,,,True,,,,,,,APS_MaterialBalanceHistory,26517,,,,system,2025-10-29 20:30:04,37966
False,OnTimeCount,int,6,按时结案数,120,True,False,False,numberbox,False,False,,,,,,,,,SUM,,True,,,,,,,V_APS_Report53,19325,,,,江科,2025-10-27 15:28:52,37282
False,OnTimeCount,int,6,按时结案数,100,True,False,False,numberbox,False,False,,,,,,,,,,,True,,,,,,,V_APS_OrderAchievedRate,26508,,,,江科,2025-10-27 14:45:06,37291
False,Capacity,decimal,6,时产能,80,True,False,False,numberbox,False,False,,,,,,,,,,,True,,,,,,,APS_ProcessMaterialHistory,26519,,,,system,2025-10-29 20:30:04,38014
False,CreatedBy,varchar,6,创建账号,100,True,False,False,,False,False,,,,,,,,,,,True,,,,,,,APS_MaterialBalanceTotalHistory,26518,,,,system,2025-10-29 20:30:04,37993
False,OrganizeID,int,6,组织ID,80,True,False,False,numberbox,False,False,,,,,,,,,,,True,,,,,,,V_APS_MaterialBalanceHistoryReason,26522,,,,system,2025-10-29 20:30:04,38059
False,MaterialName,nvarchar,6,物料名称,100,True,False,False,textbox,False,False,,,,,,,,,,,True,,,,,,,V_APS_ProcessMaterialHistory,26520,,,,陈坤和,2025-10-29 21:02:18,38104
False,Status,int,6,状态,80,True,True,False,combobox,True,False,,,,,,,,,,,True,数据状态,,,,,,APS_MonthTargetSale,7805,,,,system,2026-04-20 11:02:38,45727
False,Spec,nvarchar,6,规格,110,True,False,False,textbox,False,False,,,,,,,,,,,True,,,,,,,V_APS_MOPlanStep2V1,7943,,,,system,2026-03-31 16:50:16,44817
False,Code,varchar,6,物料编码,90,True,False,False,textbox,False,False,,,,True,,,,,,,True,,,,,,,V_APS_Report36,11153,,,,管理员,2026-04-13 09:19:59,45099
False,Priority,int,6,序号,60,True,False,False,numberbox,False,False,,升序,,,,,,,,,True,,,,,,,V_MES_RouteReport,28591,,,,江老师,2026-03-24 12:04:13,44086
False,CreatedBy,varchar,6,创建账号,100,True,False,False,,False,False,,,,,,,,,,,True,,,,,,,APS_MaterialForecastBom,28599,,,,system,2026-03-16 14:51:03,44288
False,CreatedBy,varchar,6,创建账号,100,True,False,False,,False,False,,,,,,,,,,,True,,,,,,,APS_MaterialForecastForm,28600,,,,system,2026-03-16 14:51:03,44311
False,AcceptedInventoryQty,decimal,6,数量,80,True,False,False,numberbox,False,False,,,,,,,,,,,True,,,,,,,V_WMS_ArrivalGoods,11180,,,,温广燕,2026-02-04 14:49:14,42618
False,RuleValue,varchar,6,规则参数,100,True,True,False,textbox,False,False,,,,,,,,,,,True,,,,,,,V_APS_PrepareView17,7869,,,,温广燕,2026-01-28 11:44:09,42301
False,PositionCount,int,6,岗位数,80,True,False,False,numberbox,False,False,,,,,,,,,,,True,,,,,,,V_Dev_AccountEmployee,28585,,,,江老师,2026-03-09 09:34:20,42939
False,StockQty,decimal,6,库存,100,True,False,False,numberbox,False,False,,,,,,,,,,,True,,,,,,,V_APS_PrepareView26,7976,,,,江老师,2026-03-10 11:04:16,42730
False,TestTime,decimal,6,考试时间(分钟),80,True,False,False,numberbox,False,False,,,,,,,,,,,True,,,,,,,Dev_PositionExamRecord,28587,,,,温广燕,2026-03-05 18:03:20,42795
False,WorkTimeMorning,decimal,6,上午时长,80,True,True,False,numberbox,False,False,,,,,,,,,,,True,,,,,,,V_APS_LineAttendanceDetail,10118,,,,温广燕,2026-03-12 11:40:05,43650
False,StockQty,decimal,6,库存,100,True,False,False,numberbox,False,False,,,,,,,,,,,True,,,,,,,V_APS_Report33,7907,,,,江老师,2026-03-10 11:07:25,43044
False,WorkTimeEvening,decimal,6,晚上时长,100,True,True,False,numberbox,False,False,,,,,,,,,,,True,,,,,,,V_APS_LineAttendance,10113,,,,江老师,2026-03-11 15:37:06,43627
False,GroupID,int,6,群组ID,80,True,False,False,numberbox,False,False,,,,,,,,,,,True,,,,,,,MES_RouteReport,28592,,,,system,2026-03-13 09:12:04,44051
False,MaterialName,nvarchar,6,产品描述,120,True,False,False,textbox,False,False,,,,,,,,,,,True,,,,,,,V_APS_SalesOrderDetailDeliverFreeze,24395,,,,江老师,2026-03-13 08:38:35,44033
False,LastMonthDifference,decimal,6,上月消耗差异,100,True,False,False,numberbox,False,False,,,,,,,,,,,True,,,,,,,V_APS_OrderForCheck,5053,,,,江老师,2026-03-16 10:55:09,44040
False,TotalUnattendanceTemp,int,6,小时工缺勤,100,True,False,False,numberbox,False,False,,,,,,,,,SUM,,True,,,,,,,V_APS_SalesOrderDetailDeliver3Total,27540,,,,江老师,2026-03-13 08:30:34,43812
False,Status,int,6,状态,80,True,True,False,combobox,True,False,,,,,,,,,,,True,数据状态,,,,,,APS_SalesOrderDetailPlanLineFreeze,24394,,,,system,2026-03-12 16:17:15,43977
False,MaterialName,nvarchar,6,物料描述,90,True,False,False,textbox,False,False,,,,,,,,,,,True,,,,,,,V_APS_Report14,7848,,,,管理员,2026-04-27 13:49:49,45990
False,DemandPeoples,int,6,需求总人数,100,True,False,False,numberbox,False,False,,,,,,,,,,,True,,,,,,,V_APS_Report18,7922,,,,管理员,2026-04-27 14:30:49,46523
False,TotalHours,decimal,6,排班工时,80,True,False,False,numberbox,False,False,,,,,,,,,,,True,,,,,,,V_APS_PrepareView20,7866,,,,范龙生,2026-04-27 12:24:14,46531
False,UnIssuedQty,decimal,6,未领,50,True,False,False,numberbox,False,False,,倒序,,,,,,,,,True,,,,,,,V_APS_MaterialForecastBom,28597,,,,温广燕,2026-05-20 08:38:57,46690
False,UnIssuedQty3,decimal,6,订单需求,100,True,False,False,numberbox,False,False,,,,,,,,,,,True,,,,,,,V_APS_Report45,19333,,,,温广燕,2026-05-21 14:39:53,46744
False,Priority,int,6,序号,60,True,False,False,numberbox,False,False,,升序,,,,,,,,,True,,,,,,,V_MES_OrderRouteReport,28638,,,,system,2026-05-05 16:31:34,46945
False,OrganizeName,nvarchar,6,组织,100,True,False,False,textbox,False,False,,,,,,,,,,,True,,,,,,,MES_OrderRouteReport,28639,,,,system,2026-05-05 16:31:34,46906
False,MaterialName,nvarchar,6,物料名称,100,True,False,False,textbox,False,False,,,,,,,,,,,True,,,,,,,V_APS_MOPlanStep5,7769,,,,温广燕,2026-05-13 16:37:50,47289
False,PointQty,decimal,6,单板点数,80,True,True,False,numberbox,False,False,,,,,,,,,,,True,,,,,,,V_APS_Report24,7916,,,,温广燕,2026-05-20 16:57:26,47542
False,Unit,varchar,6,计量单位,100,True,False,False,textbox,False,False,,,,,,,,,,,True,,,,,,,V_APS_OrderForPrepare,7973,,,,温广燕,2026-05-27 11:50:33,47726
False,Qty,decimal,6,工单数量,80,True,False,False,numberbox,False,False,,,,,,,,,,,True,,,,,,,V_APS_PrepareView5,7789,,,,温广燕,2026-05-19 17:48:42,47440
False,ProductSpec,nvarchar,6,产品规格,200,True,False,False,textbox,False,False,,,,,,,,,,,True,,,,,,,V_APS_ProcessPlanHistoryForWeek3,28646,,,,廖尚华,2026-06-04 17:40:58,48216
False,HasQty,decimal,6,已报工,60,True,False,False,numberbox,False,False,,,,,,,,,,,True,,,,,,,V_APS_OrderForPrepare2,7974,,,,廖尚华,2026-06-04 16:45:08,47800
False,OrganizeName,nvarchar,7,生产线,80,True,False,True,textbox,False,False,,升序,True,True,,,,,,,True,,,,,,,V_APS_LineAttendanceDetailByMonth,28589,,,,陈坤和,2026-03-14 09:49:04,44011
False,Qty,decimal,7,订单数,70,True,False,True,numberbox,False,False,True,,,False,,,{0:G0},,,,True,,,,,,,V_APS_PrepareView1,7793,,,,system,2026-03-10 15:54:28,43390
False,Qty,decimal,7,订单数,70,True,False,True,numberbox,False,False,True,,,False,,,{0:G0},,,,True,,,,,,,V_APS_OrderWarning,28588,,,,system,2026-03-12 11:34:05,43670
False,TargetNumber,decimal,7,产能目标,50,True,True,True,numberbox,False,False,True,,,,,,,,,,True,,,,,,,V_Dev_PositionExamRecord,28584,,,,管理员,2026-04-28 10:59:48,42878
False,Qty,decimal,7,数量,50,True,False,True,numberbox,False,False,,,,,,,,,,,True,,,,,,,V_APS_ProductionReportMt,28573,,,,温广燕,2026-03-13 13:40:31,42449
False,Code,varchar,7,物料编码,80,True,False,True,textbox,False,False,,倒序,,True,左匹配,,,,,custom,True,,,,,,,V_APS_ProcessMaterialPartError,28601,,,,system,2026-03-16 17:37:29,44434
False,TotalActual,decimal,7,累计下单,80,True,False,True,numberbox,False,False,,,,,,,,,,,True,,,,,,,V_APS_SalesOrderDetailPlanLine,12192,,,,江老师,2026-03-16 11:05:52,44092
False,DeliveryRate,decimal,7,发料率,60,True,False,True,numberbox,False,False,,,,,,,{0:P0},,,,True,,,,,,,V_APS_MaterialForecast,8978,,,,管理员,2026-04-28 11:02:01,45260
False,AllUnIssuedQty,decimal,7,需求汇总,120,True,False,True,numberbox,False,False,,,,,,,,,,,True,,,,,,,V_APS_MaterialBalanceTotalHistory,26521,,,,江老师,2026-03-12 10:53:30,38063
False,Spec,nvarchar,7,物料规格,200,True,False,True,textbox,False,False,,,,,,,,,,custom,True,,,,,,,V_APS_MaterialBalancePlan,27524,,,,吴鑫鹏,2025-11-05 15:50:10,38519
False,Spec,nvarchar,7,规格,110,True,False,True,textbox,False,False,,,,True,,,,,,,True,,,,,,,V_APS_MOPlanStep4V9,9016,,,,江老师,2026-03-18 13:31:08,35998
False,MaterialName,nvarchar,7,物料名称,100,True,False,True,textbox,False,False,,,,,,,,,,,True,,,,,,,V_APS_SalesOrderDetailDelivery,26509,,,,温广燕,2025-10-28 15:07:39,36946
False,UnIssuedQty2,decimal,7,预测需求,50,True,False,True,numberbox,False,False,,,,,,,,,,,True,,,,,,,V_APS_PrepareView6,7788,,,,管理员,2026-03-02 08:33:45,41914
False,PODocNo,varchar,7,采购单号,80,True,False,True,textbox,False,False,,,,False,,,,,,,True,,,,,,,V_APS_POSummary,25460,,,,管理员,2026-01-27 23:28:44,42200
False,ProductCode,varchar,7,机种编号,80,True,False,True,textbox,False,False,,,,True,,,,,,,True,,,,,,,APS_ProductCheck_JDY,27536,,,,管理员,2025-12-24 08:25:50,39341
False,RemainingUsages,int,7,维修保养后可使用次数,100,True,False,True,numberbox,False,False,,,False,,,,,,,,True,,,,,,,APS_ToolingRegister_JDY,27556,,,,陈坤和,2025-12-25 18:37:45,39807
False,MaterialTypeCode,varchar,7,机种编号,120,True,False,True,textbox,False,False,,,,True,,,,,,,True,,,,,,,APS_ProductAgingCondition_JDY,27555,,,,管理员,2025-12-25 15:08:54,39773
False,Peoples,int,7,排班人数,80,True,True,True,numberbox,False,False,True,,,,,,,,,custom,True,,,,,,,V_APS_OrganizeWorkingTimesDetail,97,,,,管理员,2025-11-26 13:17:58,6799
False,MaterialName,nvarchar,7,物料名称,70,True,True,True,textbox,True,False,True,,False,True,,,,,,,True,,,,,False,,V_APS_Material,1180,False,,,管理员,2025-12-06 15:36:50,7321
False,OrderNo,varchar,7,生产单号,80,True,False,True,textbox,False,False,True,升序,True,True,模糊匹配,,,,,custom,True,,left,,,,,V_APS_OrderBOMNew,5021,False,,,陈坤和,2026-04-23 16:50:18,4829
False,OrderNo,varchar,7,生产单号,80,True,False,True,textbox,False,False,True,,,True,模糊匹配,,,,,,True,,,,,,,V_APS_Order,49,,,,陈坤和,2026-04-27 19:17:27,626
False,OrderNo,varchar,7,生产单号,80,True,False,True,textbox,False,False,,,,True,,,,,,,True,,,,,,,V_APS_Report26,7913,,,,陈坤和,2026-04-28 15:53:39,33071
False,ProcessGroupName,nvarchar,7,工艺,80,True,False,True,textbox,False,False,True,倒序,,,,,,,,custom,True,,,,,,,V_APS_MOPlanStep1V12,9021,,,,廖尚华,2026-05-28 10:16:03,24769
False,Qty,decimal,7,订单数,70,True,False,True,numberbox,False,False,,,,False,,,{0:G0},,,,True,,,,,,,V_APS_OrderForToDo,5139,,,,江科,2025-09-22 15:52:20,25786
False,Spec,nvarchar,7,规格,320,True,False,True,textbox,False,False,,,,,,,,,,custom,True,,,,,,,V_APS_Report20,7921,,,,管理员,2026-04-13 11:11:21,26010
False,Code,varchar,7,物料编码,93,True,False,True,textbox,False,False,False,,,True,,,,,,custom,True,,,,,,,V_APS_PrepareView12Histroy,161,,,,江科,2025-09-09 09:16:22,16773
False,Spec,nvarchar,7,物料描述,100,True,False,True,textbox,False,False,True,,,True,,,,,,custom,True,,,,,,,V_APS_MOPlanStep4V11,9019,,,,温广燕,2026-04-27 11:03:29,18737
False,Spec,nvarchar,7,物料规格,80,True,False,True,textbox,False,False,False,,False,False,,,,,,custom,True,,,,,False,,V_APS_Report17,7843,False,,,廖尚华,2026-05-22 11:39:22,14938
False,Code,varchar,7,物料编码,80,True,False,True,textbox,False,False,False,升序,,True,模糊匹配,,,,,custom,True,,left,,,,,V_APS_OrderPrepareReport,7804,,,,江老师,2026-03-03 10:23:16,13760
False,PODocNo,varchar,7,采购单号,80,True,False,True,textbox,False,False,False,倒序,True,True,精确匹配,,,,,,True,,,,,,,V_APS_PO,6751,,,,陈坤和,2026-01-27 16:16:40,13968
False,Extend3,nvarchar,7,优先级,70,True,False,True,textbox,False,False,,,,,,,,,,,True,,,,,,,V_APS_SalesOrderDetailALL,6694,,,,陈坤和,2026-01-27 15:41:15,21282
False,Code,varchar,7,物料编码,80,True,False,True,textbox,False,False,,倒序,,True,左匹配,,,,,custom,True,,,,,,,V_APS_MaterialMaintain,10110,,,,陈坤和,2026-01-27 15:42:48,21523
False,Code,varchar,7,物料编码,80,True,False,True,textbox,False,False,,,,True,模糊匹配,,,,,custom,True,,,,,,,V_APS_MOPlanWeekday,10115,,,,江科,2025-09-09 09:16:22,22721
False,ProductName,nvarchar,7,物料名称,150,True,False,False,textbox,False,False,False,,,,,,,,,custom,True,,,,,,,APS_OrderPlanMaterialFormAnther,9000,,,,江科,2025-09-09 09:18:46,18053
False,Code,varchar,7,物料编码,85,True,False,False,textbox,False,False,False,,,True,,,,,,custom,True,,,,,,,V_APS_PrepareView11History,160,,,,江科,2025-09-09 09:16:22,16716
False,SchedulingType,nvarchar,7,排程方案,100,True,True,False,combobox,False,False,True,,,,,,,,,,True,拉线排产类型,,,,,,V_Dev_Organize,3026,,,,管理员,2025-11-26 08:17:35,18484
False,Price,decimal,7,单价,80,True,False,False,numberbox,False,False,False,,,,,,,查看金额,,custom,True,,,,,,,V_APS_OrderPlanMaterialFormList2,5610,,,,管理员,2026-01-27 23:30:06,16196
False,ProductName,nvarchar,7,物料名称,150,True,False,False,textbox,False,False,False,,,,,,,,,custom,True,,,,,,,APS_OrderPlanMaterialFormPrepareHistory,82,,,,江科,2025-09-09 09:18:45,17006
False,Code,varchar,7,产品编号,87,True,False,False,textbox,False,False,False,,False,True,,,,,,,True,,,,,False,,V_APS_PrepareView13,7872,False,,,温广燕,2026-05-20 15:54:17,26489
False,Qty,decimal,7,数量,50,True,False,False,numberbox,False,False,,,,,,,,,,,True,,,,,,,V_APS_Report1,7842,,,,廖尚华,2026-06-03 09:38:45,27692
False,AvailableQty,decimal,7,PO未交数,90,True,False,False,numberbox,False,False,,,,,,,,,,,True,,,,,,,V_APS_WeekDeliveryDataDetail,18288,,,,管理员,2026-04-28 11:39:13,28552
False,MaterialName,nvarchar,7,物料名称,130,True,False,False,textbox,False,False,,,,False,,,,,,,True,,,,,,,V_APS_Report19,7920,,,,管理员,2025-11-06 16:17:59,27119
False,Spec,nvarchar,7,规格,350,True,False,False,textbox,False,False,,,,True,,,,,,,True,,,,,,,WMS_StockAll,7929,,,,范龙生,2026-03-12 18:48:36,29401
False,OrderCount,int,7,计划订单,90,True,False,False,numberbox,False,False,,,,,,,,,,,True,,,,,,,V_APS_PrepareView9,7852,,,,管理员,2026-06-16 13:46:28,29140
False,Code,varchar,7,物料编码,80,True,False,False,textbox,False,False,,,,True,,,,,,,True,,,,,,,APS_SalesDelivery,19301,,,,江科,2025-09-09 09:16:22,29195
False,MesQty,decimal,7,报工数量,90,True,False,False,numberbox,False,False,,,,,,,,,,,True,,,,,,,V_APS_PrepareView8,7851,,,,管理员,2026-06-16 13:47:06,29106
False,Qty,decimal,7,订单数,80,True,False,False,numberbox,False,False,,,,,,,,,,,True,,,,,,,V_APS_OrderSplitLog,16234,,,,吴鑫鹏,2025-10-25 10:56:02,28770
False,IsShowCheck,bit,7,显示选择,80,True,True,False,checkbox,False,False,True,,,False,,,,,,,True,,,,,,,Dev_Dictionary,33,,,,管理员,2026-04-24 10:52:04,593
False,IsEdit,bit,7,编辑,50,True,True,False,checkbox,False,False,True,,,False,,,,,,custom,True,,,,,,,V_DictionaryField,35,False,,,温广燕,2026-03-25 12:02:54,737
False,WorkingQtyPrice,decimal,7,排产产值,80,True,True,False,numberbox,False,False,True,,,False,,,,查看金额,,custom,True,,,,,,,V_APS_SchedulingOutByOrganizePrice,129,,,,管理员,2026-01-27 23:30:06,2181
False,Price,decimal,7,单价,80,True,True,False,numberbox,False,False,True,,,False,,,,查看金额,,custom,True,,,,,,,V_PWS_MonthReckon,3065,,,,管理员,2026-01-27 23:30:06,5578
False,CreatedByName,nvarchar,7,创建人,100,True,False,False,,False,False,False,,,,,,,,,,True,,,,,,,V_APS_MaterialForSpecial,5055,False,,,江科,2025-10-15 20:48:38,5977
False,TotalPrice,real,7,金额,80,True,True,False,numberbox,False,False,True,,,,,,,查看金额,,custom,True,,,,,,,V_WMS_ReceiptDetail,1204,,,,管理员,2026-01-27 23:30:06,3661
False,Price,decimal,7,单价,80,True,True,False,numberbox,False,False,True,,,,,,{0:G0},查看金额,,custom,True,,,,,,,WMS_ReceiptDetail,1203,,,,管理员,2026-01-27 23:30:06,3642
False,Remark1,nvarchar,7,采购员,85,True,False,False,textbox,False,False,False,,,,,,,,,custom,True,,,,,,,Dev_Supplier,1198,,,,管理员,2025-12-25 11:26:29,3469
False,Code,varchar,7,物料编码,80,True,False,False,textbox,False,False,True,升序,,True,左匹配,,,,,custom,True,,,,,,,V_WMS_Stock,76,,,,管理员,2025-11-26 13:24:10,3130
False,QPA,decimal,7,用量,50,True,False,False,numberbox,False,False,True,,,False,,1,,,,custom,True,,,,,,,V_APS_MaterialBOM,1185,,,,管理员,2026-03-02 11:21:54,3230
False,Price,decimal,7,单价,80,True,True,False,numberbox,False,False,True,,,False,,,,查看金额,,custom,True,,,,,,,V_Wages_DayWages,1191,,,,管理员,2026-01-27 23:30:06,3321
False,Code,varchar,7,物料编码,150,True,True,False,textbox,False,False,True,,,,,,,,,custom,True,,,,,,,V_MES_OrderOutputForOrder,5082,,,,江科,2025-09-09 09:17:09,6767
False,Code,varchar,7,物料编码,150,True,True,False,textbox,False,False,True,,,True,,,,,,custom,True,,,,,,,V_MES_OrderOutputPersonsForAudit,5123,False,,,江科,2025-09-09 09:17:09,7714
False,Code,varchar,7,物料编码,150,True,True,False,textbox,False,False,True,,,False,,,,,,custom,True,,,,,,,V_MES_OrderOutputPersonsForGroup,5124,False,,,江科,2025-09-09 09:17:09,7763
False,ProcessName,nvarchar,7,工序,100,True,False,False,textbox,False,False,False,,,False,,,,,,custom,True,,,,,,,V_APS_ProcessMaterialError,5126,False,,,江老师,2026-03-06 08:12:11,7770
False,MaterialName,nvarchar,7,物料名称,150,True,False,False,textbox,False,False,False,,,False,,,,,,custom,True,,,,,,,V_MES_OrderOutputPersonsForAuditAll,5131,False,,,江科,2025-09-09 09:18:45,8025
False,Code,varchar,7,物料编码,150,True,True,False,textbox,False,False,True,,,True,,,,,,custom,True,,,,,,,V_MES_OrderOutputPersonsForAuditHour,5129,False,,,江科,2025-09-09 09:17:09,7894
False,ProductName,nvarchar,7,物料名称,150,True,False,False,textbox,False,False,False,,,,,,,,,custom,True,,,,,,,APS_OrderPlanMaterialForm,5157,,,,江科,2025-09-09 09:18:46,8879
False,Code,varchar,7,物料编码,150,True,False,False,textbox,False,False,False,,,False,,,,,,custom,True,,,,,,,V_APS_DayPlanFeeding,5164,False,,,江科,2025-09-09 09:17:09,9026
False,Code,varchar,7,物料编码,100,True,True,False,textbox,False,False,True,,False,False,,,,,,custom,True,,,,,False,,V_APS_ProcessPlanProductionRecord,5589,False,,,江科,2025-09-09 09:17:09,9515
False,ProductName,nvarchar,7,物料名称,150,True,False,False,textbox,False,False,False,,,,,,,,,custom,True,,,,,,,V_APS_OrderPlanMaterialFormAbnormal,7766,,,,江科,2025-09-09 09:18:45,13413
False,MaterialName,nvarchar,7,物料名称,200,True,True,False,textbox,False,False,True,,False,False,,,,,,custom,True,,,,,False,,V_APS_GoodsPlanPre,6711,False,,,江科,2025-09-09 09:18:47,12708
False,Code,varchar,7,物料编码,150,True,False,False,textbox,False,False,False,,,True,,,,,,custom,True,,,,,,,V_APS_SalesPlanMaterial,6681,,,,吴鑫鹏,2025-11-12 15:00:39,12135
False,Code,varchar,7,物料编码,150,True,True,False,textbox,False,False,True,,False,False,,,,,,custom,True,,,,,,,V_APS_SalesPlanProcessMaterialDay,6709,False,,,江科,2025-09-09 09:17:09,12655
False,Qty,decimal,7,工单目标,80,True,False,False,numberbox,False,False,False,,,,,,{0:G0},,,,True,,,,,,,V_APS_DayPlanForActive,6688,,,,江科,2025-09-09 16:56:36,12274
False,Code,varchar,7,物料编码,150,True,True,False,textbox,False,False,True,,False,True,,,,,,custom,True,,,,,False,,APS_GoodsPlanPre,5613,False,,,江科,2025-09-09 09:17:09,10094
False,Code,varchar,7,物料编码,150,True,False,False,textbox,False,False,False,,False,True,,,,,,custom,True,,,,,,,APS_GoodsPlanPreDetail,5614,False,,,江科,2025-09-09 09:17:09,10112
False,Code,varchar,7,物料编码,180,True,False,False,textbox,False,False,False,,False,True,,,,,,custom,True,,,,,,,V_MES_OrderOutputPersons,1189,False,,,江科,2025-09-09 09:17:09,9894
False,Code,varchar,7,物料编码,150,True,False,False,textbox,False,False,False,,,,,,,,,custom,True,,,,,,,APS_AppointmentProductionRecord,5629,,,,江科,2025-09-09 09:16:22,10726
False,LineNum,varchar,7,行号,50,True,False,False,textbox,False,False,False,,,False,,,,,,custom,True,,,,,,,V_APS_OrderPicking,3010,,,,管理员,2026-01-19 14:56:36,10310
False,MaterialName,nvarchar,7,物料名称,150,True,False,False,textbox,False,False,False,,,,,,,,,custom,True,,,,,,,APS_AppointmentInventory,5632,,,,江科,2025-09-09 09:18:47,10750
False,Code,varchar,7,物料编码,150,True,False,False,textbox,False,False,False,,,,,,,,,custom,True,,,,,,,V_APS_OrderBomDayProduction,5634,,,,江科,2025-09-09 09:17:09,10816
False,MaterialName,nvarchar,7,物料名称,150,True,False,False,textbox,False,False,False,,,,,,,,,custom,True,,,,,,,APS_AppointmentDetails,5627,,,,江科,2025-09-09 09:18:47,10956
False,Remark1,nvarchar,7,备注,80,True,True,False,textarea,False,False,,,,,,,,,,custom,True,,,,,,,APS_InterfaceSAPOutputField,9033,,,,陈坤和,2026-01-14 15:16:34,39187
False,LineNum,varchar,7,行号,50,True,False,False,textbox,False,False,,,,,,,,,,,True,,,,,,,V_APS_SalesOrderDetail_JDY,27538,,,,system,2025-12-05 10:35:31,39411
False,LineNum,varchar,7,行号,50,True,False,False,textbox,False,False,,,,,,,,,,,True,,,,,,,APS_SalesOrder_JDY,27537,,,,陈坤和,2026-04-14 15:36:07,39467
False,ModifiedBy,varchar,7,修改账号,100,True,False,False,,False,False,,,,,,,,,,,True,,,,,,,APS_QualityAbnormalityCase,27559,,,,system,2026-01-07 11:06:32,40564
False,MaterialName,nvarchar,7,物料名称,100,True,False,False,textbox,False,False,,,,,,,,,,,True,,,,,,,V_APS_Report59,19319,,,,陈坤和,2026-03-23 17:33:51,40333
False,ModifiedBy,varchar,7,修改账号,100,True,False,False,,False,False,,,,,,,,,,,True,,,,,,,APS_NewProductTrial,27560,,,,system,2026-01-07 11:06:32,40529
False,RequestDateTime,datetime,7,需求发起时间,110,True,False,False,datebox,False,False,,,,,,,,,,,True,,,,,,,APS_TempChangeRequest,27558,,,,陈坤和,2026-01-31 11:57:17,40612
False,SourceRefNo,nvarchar,7,质量异常信息来源记录编号,150,True,False,False,textbox,False,False,,,,,,,,,,,True,,,,,,,V_APS_QualityAbnormalityCase,27562,,,,陈坤和,2026-01-31 11:56:56,40679
False,CreateDateTime,datetime,7,日期时间,80,True,False,False,datebox,False,False,,,,True,,,,,,,True,,,,,,,V_APS_NewProductTrial,27561,,,,陈坤和,2026-01-31 11:56:28,40642
False,CountPercent,numeric,7,占比,80,True,False,False,,False,False,,,,,,,{0:P2},,,,True,,,,,,,V_APS_PrepareView15,7870,,,,温广燕,2026-01-31 16:13:07,42187
False,Extend6,nvarchar,7,类型,50,True,False,False,textbox,False,False,,,,,,,,,,,True,,,,,,,V_APS_SalesOrderWarning,28571,,,,陈坤和,2026-01-27 15:42:14,42012
False,CreatedByName,nvarchar,7,创建姓名,100,True,False,False,,False,False,,,,,,,,,,,True,,,,,,,APS_AssessmentHR,27574,,,,system,2026-01-22 15:16:30,41579
False,UnIssuedQty2,decimal,7,预测需求,50,True,False,False,numberbox,False,False,,,,,,,,,,,True,,,,,,,V_APS_MaterialOrg,25481,,,,管理员,2026-01-26 11:28:02,41800
False,APSStartDate,datetime,7,APS开工期,110,True,False,False,datebox,False,False,,,,,,,,,,,True,,,,,,,V_APS_Report41,19337,,,,温广燕,2026-01-16 11:45:56,41467
False,CreatedBy,varchar,7,创建账号,100,True,False,False,,False,False,,,,,,,,,,,True,,,,,,,APS_AssessmentMachine,27575,,,,system,2026-01-22 15:16:30,41599
False,CreatedByName,nvarchar,7,创建姓名,100,True,False,False,,False,False,,,,,,,,,,,True,,,,,,,APS_AssessmentResources,27576,,,,system,2026-01-22 15:16:30,41620
False,CreatedByName,nvarchar,7,创建姓名,100,True,False,False,,False,False,,,,,,,,,,,True,,,,,,,APS_ProcessPosition,27565,,,,system,2026-01-12 20:35:49,40785
False,CreatedByName,nvarchar,7,创建姓名,100,True,False,False,,False,False,,,,,,,,,,,True,,,,,,,Dev_PositionAccountMap,27564,,,,system,2026-01-12 20:35:49,40804
False,CreatedByName,nvarchar,7,创建姓名,100,True,False,False,,False,False,,,,,,,,,,,True,,,,,,,Dev_PositionLevelMap,27563,,,,system,2026-01-12 20:35:49,40830
False,CreatedByName,nvarchar,7,创建姓名,100,True,False,False,,False,False,,,,,,,,,,,True,,,,,,,APS_MaterialLadderLossConfig,26501,,,,system,2025-10-14 17:50:24,36289
False,CreatedByName,nvarchar,7,创建姓名,100,True,False,False,,False,False,,,,,,,,,,,True,,,,,,,APS_MaterialLadderLossRelated,26502,,,,system,2025-10-14 17:50:24,36310
False,Qty,decimal,7,数量,80,True,False,False,numberbox,False,False,,,,,,,,,,,True,,,,,,,V_APS_SalesOrderDeliveryReplyInfo,26495,,,,管理员,2025-10-21 13:42:52,35243
False,CreatedByName,nvarchar,7,创建姓名,100,True,False,False,,False,False,,,,,,,,,,,True,,,,,,,APS_OrderDeliveryReply,26494,,,,system,2025-09-26 17:44:00,35127
False,Ico,varchar,7,ICO图标,100,True,True,False,textbox,False,False,,,,,,,,,,,True,,,,,,,V_APS_Report51,19326,,,,吴鑫鹏,2025-09-17 10:36:48,34371
False,ModifiedByName,nvarchar,7,修改姓名,100,True,False,False,,False,False,,,,,,,,,,,True,,,,,,,APS_MaterialOrg,25480,,,,system,2025-09-09 10:09:42,33932
False,CreatedOn,datetime,7,创建日期,160,True,False,False,,False,False,,,,,,,,,,,True,,,,,,,APS_DutyDepartment,19294,,,,江科,2025-09-10 11:00:21,34155
False,UnIssuedQty,decimal,7,未领用量,80,True,False,False,numberbox,False,False,,,,False,,,{0:G0},,,custom,True,,,,,,,V_APS_OrderBOMNoIssueQty,5121,,,,江科,2025-10-21 19:58:25,34623
False,DepartmentName,nvarchar,7,组织名称,800,True,False,False,textbox,False,False,,,,,,,,,,,True,,,,,,,V_PWS_WageTrendReport,3049,,,,江老师,2026-03-03 10:19:58,38389
False,Spec,nvarchar,7,规格,100,True,False,False,textbox,False,False,,,,,,,,,,,True,,,,,,,V_APS_MaterialBalanceHistory,26523,,,,陈坤和,2025-11-03 08:31:13,38301
False,OnloadQty,decimal,7,PO未交数,80,True,False,False,numberbox,False,False,,,,,,,,,,,True,,,,,,,V_APS_OrderPlanMaterialFormListForBoardSum,15204,,,,管理员,2025-11-06 10:53:20,38863
False,ReportQty,decimal,7,报工数,80,True,False,False,numberbox,False,False,,,,,,,,,,,True,,,,,,,V_APS_Report29,7912,,,,管理员,2025-12-20 09:53:14,38932
False,CreatedOnDate,date,7,保存日期(日),110,True,False,False,datebox,False,False,,,,,,,,,,,True,,,,,,,V_APS_MaterialBalanceHistoryReason,26522,,,,system,2025-10-29 20:30:04,38060
False,CreatedByName,nvarchar,7,创建姓名,100,True,False,False,,False,False,,,,,,,,,,,True,,,,,,,APS_MaterialBalanceTotalHistory,26518,,,,system,2025-10-29 20:30:04,37994
False,SignleCapacity,decimal,7,人均产能,80,True,False,False,numberbox,False,False,,,,,,,,,,,True,,,,,,,APS_ProcessMaterialHistory,26519,,,,system,2025-10-29 20:30:04,38015
False,OutTimeCount,int,7,未按时结案数,120,True,False,False,numberbox,False,False,,,,,,,,,SUM,,True,,,,,,,V_APS_Report53,19325,,,,江科,2025-10-27 15:28:52,37283
False,OutTimeCount,int,7,未按时结案数,110,True,False,False,numberbox,False,False,,,,,,,,,,,True,,,,,,,V_APS_OrderAchievedRate,26508,,,,江科,2025-10-27 14:51:27,37290
False,MaterialType,nvarchar,7,分类,100,True,False,False,textbox,False,False,,升序,,True,,,,,,,True,,,,,,,V_APS_Report42,19335,,,,陈坤和,2026-03-23 17:48:57,37019
False,CreatedByName,nvarchar,7,创建姓名,100,True,False,False,,False,False,,,,,,,,,,,True,,,,,,,APS_MaterialBalanceHistory,26517,,,,system,2025-10-29 20:30:04,37967
False,MaterialName,nvarchar,7,物料名称,100,True,False,False,textbox,False,False,,,,True,,,,,,,True,,,,,,,V_APS_Report43,19336,,,,管理员,2026-04-14 18:58:44,45266
False,MaterialName,nvarchar,7,物料名称,90,True,False,False,textbox,False,False,,,,,,,,,,,True,,,,,,,V_APS_Report36,11153,,,,管理员,2026-04-13 09:19:59,45100
False,ProcessName,nvarchar,7,工序,110,True,False,False,textbox,False,False,,,,,,,,,,,True,,,,,,,V_APS_MOPlanStep2V1,7943,,,,system,2026-03-31 16:50:16,44818
False,IsScheduling,int,7,是否排产,80,True,False,False,combobox,False,False,,,,True,,选择项1,,,,,True,0和1,,,,,,V_APS_ProcessMaterial,15,,,,范龙生,2026-03-19 17:18:04,44520
False,TotalWorkHours,decimal,7,总工时,80,True,False,False,numberbox,False,False,,,,,,,,,,,True,,,,,,,V_APS_SalesOrderDetailDeliver3Total,27540,,,,温广燕,2026-03-13 13:20:48,44121
False,CreatedByName,nvarchar,7,创建姓名,100,True,False,False,,False,False,,,,,,,,,,,True,,,,,,,APS_MaterialForecastBom,28599,,,,system,2026-03-16 14:51:03,44289
False,StockQty,decimal,7,库存,50,True,False,False,numberbox,False,False,,,,,,,,,,,True,,,,,,,V_APS_MaterialForecastBom,28597,,,,温广燕,2026-05-20 08:38:57,44410
False,CreatedByName,nvarchar,7,创建姓名,100,True,False,False,,False,False,,,,,,,,,,,True,,,,,,,APS_MaterialForecastForm,28600,,,,system,2026-03-16 14:51:03,44312
False,TransitTime,int,7,运输时间,80,True,True,False,numberbox,False,False,,,,,,,,,,,True,,,,,,,V_APS_PrepareView17,7869,,,,温广燕,2026-01-28 11:44:09,42321
False,TargetNumber,decimal,7,产能目标,80,True,False,False,numberbox,False,False,,,,,,,,,,,True,,,,,,,Dev_PositionExamRecord,28587,,,,温广燕,2026-03-05 18:03:20,42796
False,UnReceivedQty,decimal,7,采购未交,100,True,False,False,numberbox,False,False,,,,,,,,,,,True,,,,,,,V_APS_PrepareView26,7976,,,,江老师,2026-03-10 11:04:16,42731
False,WorkTimeAfternoon,decimal,7,下午时长,80,True,True,False,numberbox,False,False,,,,,,,,,,,True,,,,,,,V_APS_LineAttendanceDetail,10118,,,,温广燕,2026-03-12 11:40:05,43651
False,UnReceivedQty,decimal,7,采购未交,100,True,False,False,numberbox,False,False,,,,,,,,,,,True,,,,,,,V_APS_Report33,7907,,,,江老师,2026-03-10 11:07:26,43045
False,AttendanceTimes,decimal,7,实际出勤,80,True,False,False,numberbox,False,False,,,,,,,,,,,True,,,,,,,V_APS_LineAttendance,10113,,,,江老师,2026-03-11 15:37:06,43628
False,WeekAttendanceDays,int,7,平日出勤天数,90,True,False,False,numberbox,False,False,,,,,,,,,,,True,,,,,,,V_APS_SchedulingOutByOrder,73,,,,江老师,2026-03-12 15:27:23,43828
False,Remark1,nvarchar,7,工序,120,True,False,False,textbox,False,False,,,,True,,,,,,,True,,,,,,,V_MES_RouteReport,28591,,,,江老师,2026-03-24 12:04:13,44081
False,Spec,nvarchar,7,规格,480,True,False,False,textbox,False,False,,,,,,,,,,,True,,,,,,,V_APS_SalesOrderDetailDeliverFreeze,24395,,,,管理员,2026-04-13 13:25:22,44034
False,FrocastQty,decimal,7,本月预测数量,100,True,False,False,numberbox,False,False,,,,,,,,,,,True,,,,,,,V_APS_OrderForCheck,5053,,,,江老师,2026-03-16 10:55:09,44038
False,GroupName,nvarchar,7,群组,100,True,False,False,textbox,False,False,,,,,,,,,,,True,,,,,,,MES_RouteReport,28592,,,,system,2026-03-13 09:12:04,44052
False,OweQty,decimal,7,未完工数量,60,True,False,False,numberbox,False,False,,,,,,,,,,,True,,,,,,,V_APS_OrderForPrepare2,7974,,,,廖尚华,2026-06-04 16:45:08,47801
False,LineName,nvarchar,7,生产线别,100,True,False,False,textbox,False,False,,,,True,,,,,,,True,,,,,,,V_APS_PrepareView5,7789,,,,温广燕,2026-05-19 18:03:59,47442
False,ToltalPointQty,int,7,机种点数,80,True,False,False,numberbox,False,False,,,,,,,,,,,True,,,,,,,V_APS_Report24,7916,,,,温广燕,2026-05-20 16:57:26,47543
False,ForecastStartDate,datetime,7,预计开工,110,True,False,False,datebox,False,False,,,,True,,,,,,,True,,,,,,,V_APS_OrderForPrepare,7973,,,,温广燕,2026-05-27 11:50:33,47720
False,GroupID,int,7,群组ID,80,True,False,False,numberbox,False,False,,,,,,,,,,,True,,,,,,,MES_OrderRouteReport,28639,,,,system,2026-05-05 16:31:34,46907
False,Remark1,nvarchar,7,工序,120,True,False,False,textbox,False,False,,,,True,,,,,,,True,,,,,,,V_MES_OrderRouteReport,28638,,,,system,2026-05-05 16:31:34,46940
False,WorkShopID,int,7,车间,100,True,False,False,combobox,False,False,,,True,True,,,,,,,True,工厂车间,,,,,,V_APS_MaterialDeliveryConfig,25477,,,,陈坤和,2026-05-06 09:11:45,46968
False,UnIssuedQty1,decimal,7,工单需求,100,True,False,False,numberbox,False,False,,,,,,,,,,,True,,,,,,,V_APS_Report45,19333,,,,温广燕,2026-05-21 14:39:53,46745
False,DiffHours,decimal,7,差异工时,80,True,False,False,numberbox,False,False,,,,,,,,,,,True,,,,,,,V_APS_PrepareView20,7866,,,,范龙生,2026-04-27 12:24:14,46532
False,TotalPeoples,int,7,现有人数,80,True,False,False,numberbox,False,False,,,,,,,,,,,True,,,,,,,V_APS_Report18,7922,,,,范龙生,2026-04-27 12:17:24,46524
False,TrayCode,varchar,7,托盘编码,100,True,False,False,textbox,False,False,,升序,True,True,,,,,,,True,,,,,,,V_APS_Report39,10122,,,,管理员,2026-04-24 18:01:19,46355
False,Extend6,nvarchar,7,类型,80,True,False,False,textbox,False,False,,,,,,,,,,,True,,,,,,,V_APS_Report47,19331,,,,陈坤和,2026-04-24 14:47:05,46228
False,Spec,nvarchar,7,物料规格,360,True,False,False,textbox,False,False,,,,,,,,,,,True,,,,,,,V_APS_Report14,7848,,,,管理员,2026-04-28 20:36:08,45991
False,SalesOrderNo,varchar,7,销售订单,80,True,False,False,textbox,False,False,,,,True,,,,,,,True,,,,,,,V_APS_Report56,19322,,,,管理员,2026-05-05 17:52:13,46022
False,MaterialType,nvarchar,7,物料组,80,True,False,False,textbox,False,False,,,False,,,,,,,,True,,,,,,,V_APS_Report46,19332,,,,陈坤和,2026-04-29 09:35:26,46161
False,Extend14,int,8,手帖,50,True,True,True,checkbox,False,False,,,,,,,,,,,True,,,,,,,V_APS_MOPlanStep1V12,9021,,,,廖尚华,2026-05-28 10:16:03,46379
False,YearDifference,decimal,8,累计消耗差异,80,True,False,True,numberbox,False,False,,,,,,,,,,,True,,,,,,,V_APS_SalesOrderDetailPlanLine,12192,,,,温广燕,2026-05-29 11:27:28,47865
False,ProcessName,nvarchar,8,工序,140,True,False,True,textbox,False,False,,,,,,,,,,,True,,,,,,,V_APS_PrepareView4,7790,,,,江老师,2026-03-12 10:49:32,43638
False,ActualNumber,decimal,8,实际完成,50,True,True,True,numberbox,False,False,True,,,,,,,,,,True,,,,,,,V_Dev_PositionExamRecord,28584,,,,管理员,2026-04-28 10:59:48,42879
False,CompletionQty,decimal,8,投产,50,True,False,True,numberbox,False,False,,,,,,,,,,,True,,,,,,,V_APS_ProductionReportMt,28573,,,,温广燕,2026-03-13 13:40:31,42450
False,Remark2,nvarchar,8,MC备注,105,True,True,True,,False,False,,,,True,,,,,,,True,,right,,,,,V_APS_MaterialForecast,8978,,,,温广燕,2026-04-24 09:57:03,44346
False,MaterialName,nvarchar,8,物料名称,100,True,False,True,textbox,False,False,,,,,,,,,,,True,,,,,,,V_APS_MaterialForecastForm,28598,,,,管理员,2026-04-13 11:35:19,44721
False,AllUnIssuedQty,decimal,8,需求汇总(分配数),100,True,False,True,numberbox,False,False,,,,,,,,,,custom,True,,,,,,,V_APS_MaterialBalancePlan,27524,,,,江科,2025-11-08 11:53:14,38490
False,PlanQty,decimal,8,计划数,60,True,False,True,numberbox,False,False,,,,,,,,,,,True,,,,,,,V_APS_MOPlanStep4V9,9016,,,,廖尚华,2026-03-18 16:21:29,35979
False,ProductName,nvarchar,8,机种名称,90,True,False,True,textbox,False,False,,,,,,,,,,,True,,,,,,,APS_ProductCheck_JDY,27536,,,,管理员,2025-12-24 08:25:50,39342
False,MachineNum,int,8,治具/设备数量,100,True,True,True,numberbox,False,False,True,,,,,,,,,,True,,,,,,,V_APS_ProcessMaterial,15,,,,范龙生,2026-03-19 17:16:33,39554
False,ParentID,int,8,上级组织,150,True,True,True,combobox,False,False,True,,,False,,,,,,,True,全部组织,,,,,,V_Dev_Organize,3026,False,,,管理员,2025-11-26 08:17:35,5651
False,Code,varchar,8,物料编码,100,True,False,True,textbox,False,False,,,,True,,,,,,custom,True,,,,,,,V_APS_DayPlanForOrder,6665,,,,江科,2025-09-09 09:16:22,26817
False,MaterialName,nvarchar,8,物料名称,90,True,False,True,textbox,False,False,False,,,,,,,,,custom,True,,,,,,,V_APS_PrepareView12Histroy,161,,,,江科,2025-09-09 09:18:47,16759
False,PlanQty,decimal,8,计划数,80,True,False,True,numberbox,False,False,True,,,,,,,,,custom,True,,,,,,,V_APS_MOPlanStep4V11,9019,,,,温广燕,2026-04-27 11:04:02,18712
False,Qty,decimal,8,数量,50,True,False,True,numberbox,False,False,True,,,,,,,,,custom,True,,,,,,,V_APS_MOPlanStep4V11,9019,,,,温广燕,2026-04-27 11:03:29,18767
False,SourceOrderNo,varchar,8,销售单,60,True,False,True,textbox,False,False,False,,,True,,,,,,custom,True,,,,,,,V_APS_MOPlanStep4,6734,,,,管理员,2026-06-16 09:55:22,13826
False,DemandQty,decimal,8,需求,60,True,False,True,numberbox,False,False,False,,False,False,,,{0:G0},,,custom,True,,,,,False,,V_APS_Report17,7843,False,,,廖尚华,2026-05-22 11:39:23,14946
False,Code,varchar,8,物料编码,80,True,False,True,textbox,False,False,,,,True,,,,,,,True,,,,,False,,V_APS_MOPlanStep1V10,9013,,,,管理员,2025-12-09 22:39:14,22397
False,Code,varchar,8,货品编码,80,True,False,True,textbox,False,False,,,,True,,,,,,,True,,,,,,,V_APS_Report10,7833,,,,管理员,2026-04-14 09:29:08,23822
False,RemarkField,nvarchar,8,条件字段（显示）,300,True,True,False,textbox,False,False,True,,,True,,,,,,custom,True,,,,,,,Dev_ColorConfig,127,,,,管理员,2026-04-24 13:37:55,21835
False,CreatedOn,datetime,8,创建时间,150,True,False,False,,False,False,,,,,,,,,,,True,,,,,,,V_APS_SchedulingSpecial,125,,,,温广燕,2026-01-07 10:12:59,21462
False,Remark2,nvarchar,8,状态,80,True,False,False,textbox,False,False,,,,,,,,,,custom,True,,,,,,,V_Dev_Customer,11139,,,,陈坤和,2026-01-23 14:59:18,21151
False,OweQty,decimal,8,总欠数,70,True,False,False,numberbox,False,False,False,,,,,,{0:G0},,,,True,,,,,,,V_APS_PrepareView2,7792,,,,管理员,2026-01-23 08:37:32,14087
False,MaterialName,nvarchar,8,物料名称,130,True,False,False,textbox,False,False,False,,,,,,,,,custom,True,,,,,,,V_APS_PrepareView11History,160,,,,江科,2025-09-09 09:18:47,16712
False,Spec,nvarchar,8,规格,55,True,False,False,textbox,False,False,,,,False,,,,,,,True,,,,,,,V_APS_Report19,7920,,,,管理员,2025-11-06 16:31:20,27120
False,Code,varchar,8,物料编码,60,True,False,False,textbox,False,False,,,,False,,,,,,custom,True,,,,,,,V_APS_DayPlanForMaterial,6664,,,,江科,2025-09-09 09:16:22,27350
False,OnloadQty,decimal,8,PO未交,100,True,False,False,numberbox,False,False,,,,,,,,,,,True,,,,,,,V_APS_DeliveryData2,17277,,,,温广燕,2026-06-01 14:25:05,27511
False,MaterialName,nvarchar,8,产品描述,180,True,False,False,textbox,False,False,False,,False,True,模糊匹配,,,,,,True,,,,,False,,V_APS_PrepareView13,7872,False,,,温广燕,2026-05-20 16:54:52,26491
False,CompletionQty,decimal,8,入库数,60,True,False,False,numberbox,False,False,,,,,,,,,,,True,,,,,,,V_APS_OrderForToDo,5139,,,,江科,2025-09-22 15:52:20,25840
False,MesQtyP,decimal,8,产出达成率,110,True,False,False,numberbox,False,False,,,,,,,{0:P0},,,,True,,,,,,,V_APS_PrepareView8,7851,,,,管理员,2026-06-16 13:47:06,29107
False,FreezeCompletionOrderCount,int,8,投产订单,90,True,False,False,numberbox,False,False,,,,,,,,,,,True,,,,,,,V_APS_PrepareView9,7852,,,,管理员,2026-06-16 13:46:28,29141
False,Buyer,nvarchar,8,采购员,60,True,False,False,textbox,False,False,,,,,,,,,,,True,,,,,,,V_APS_WeekDeliveryDataDetail,18288,,,,管理员,2026-04-28 11:38:37,33134
False,CreatedOn,datetime,8,创建时间,150,True,False,False,,False,False,False,,,,,,,,,,True,,,,,,,V_APS_MaterialForSpecial,5055,,,,江科,2025-10-15 20:48:38,5980
False,Remark2,nvarchar,8,状态,70,True,False,False,textbox,False,False,False,,,,,,,,,custom,True,,,,,,,Dev_Supplier,1198,,,,管理员,2025-12-25 11:26:29,3470
False,TotalPrice,decimal,8,金额,80,True,True,False,numberbox,False,False,True,,,,,,{0:G0},查看金额,,custom,True,,,,,,,WMS_ReceiptDetail,1203,,,,管理员,2026-01-27 23:30:06,3643
False,Remark2,nvarchar,8,dicID,80,True,True,False,textbox,False,False,True,,,True,模糊匹配,,,,,custom,True,,,,,,,Dev_Menu,1,,,,陈坤和,2026-04-24 09:09:03,4198
False,Code,varchar,8,物料编码,80,True,False,False,textbox,False,False,False,,,True,,,,,,custom,True,,,,,,,V_APS_OrderPicking,3010,,,,温广燕,2026-02-28 15:12:51,3955
False,Unit,varchar,8,单位,50,True,False,False,textbox,False,False,False,,,False,,,,,,custom,True,,,,,,,V_APS_MaterialBOM,1185,,,,管理员,2026-03-02 11:23:59,3967
False,PageSize,int,8,默认页数,80,True,True,False,numberbox,False,False,True,,,,,,,,,,True,,,,,,,Dev_Dictionary,33,,,,管理员,2026-04-24 10:52:04,1700
False,WorkingTimesID,varchar,8,班别,100,True,True,False,combobox,False,False,False,,,,,,,,,custom,True,班别,,,,,,V_APS_OrganizeWorkingTimesDetail,97,,,,管理员,2025-11-06 09:49:32,1515
False,MaterialName,nvarchar,8,物料名称,140,True,False,False,textbox,False,False,False,,,True,,,,,,custom,True,,,,,,,V_WMS_Stock,76,,,,管理员,2025-11-26 13:24:10,1191
False,IsFrozen,bit,8,固定,50,True,True,False,checkbox,False,False,True,倒序,,False,,,,,,custom,True,,left,,,,,V_DictionaryField,35,False,,,温广燕,2026-03-16 14:26:59,733
False,MaterialName,nvarchar,8,物料名称,150,True,False,False,textbox,False,False,False,,,,,,,,,custom,True,,,,,,,APS_AppointmentProductionRecord,5629,,,,江科,2025-09-09 09:18:47,10727
False,MaterialName,nvarchar,8,物料名称,200,True,False,False,textbox,False,False,False,,False,True,,,,,,custom,True,,,,,False,,V_APS_OrderDistribution,6657,False,,,江科,2025-09-09 09:18:45,11491
False,MaterialName,nvarchar,8,物料名称,240,True,False,False,textbox,False,False,False,,False,False,,,,,,custom,True,,,,,,,V_APS_OrderProgress,5587,False,,,江科,2025-09-09 09:18:45,9460
False,QualifiedQty,decimal,8,合格数,80,True,False,False,numberbox,False,False,,,,,,,,,,,True,,,,,,,V_APS_Report29,7912,,,,管理员,2025-12-20 09:53:14,39534
False,ToolingSpec,nvarchar,8,型号,200,True,False,False,textbox,False,False,,,False,True,,,,,,,True,,,,,,,APS_ToolingRegister_JDY,27556,,,,管理员,2026-04-29 10:37:28,39802
False,ModifiedByName,nvarchar,8,修改姓名,100,True,False,False,,False,False,,,,,,,,,,,True,,,,,,,APS_NewProductTrial,27560,,,,system,2026-01-07 11:06:32,40530
False,ModifiedByName,nvarchar,8,修改姓名,100,True,False,False,,False,False,,,,,,,,,,,True,,,,,,,APS_QualityAbnormalityCase,27559,,,,system,2026-01-07 11:06:32,40565
False,ModifiedBy,varchar,8,修改账号,100,True,False,False,,False,False,,,,,,,,,,,True,,,,,,,Dev_PositionLevelMap,27563,,,,system,2026-01-12 20:35:49,40831
False,ModifiedBy,varchar,8,修改账号,100,True,False,False,,False,False,,,,,,,,,,,True,,,,,,,Dev_PositionAccountMap,27564,,,,system,2026-01-12 20:35:49,40805
False,ModifiedBy,varchar,8,修改账号,100,True,False,False,,False,False,,,,,,,,,,,True,,,,,,,APS_ProcessPosition,27565,,,,system,2026-01-12 20:35:49,40786
False,ModifiedBy,varchar,8,修改账号,100,True,False,False,,False,False,,,,,,,,,,,True,,,,,,,APS_AssessmentResources,27576,,,,system,2026-01-22 15:16:30,41621
False,CreatedByName,nvarchar,8,创建姓名,100,True,False,False,,False,False,,,,,,,,,,,True,,,,,,,APS_AssessmentMachine,27575,,,,system,2026-01-22 15:16:30,41600
False,PlanQty,decimal,8,计划数,80,True,False,False,numberbox,False,False,,,,,,,,,,,True,,,,,,,V_APS_Report41,19337,,,,温广燕,2026-01-16 11:45:56,41424
False,ModifiedBy,varchar,8,修改账号,100,True,False,False,,False,False,,,,,,,,,,,True,,,,,,,APS_AssessmentHR,27574,,,,system,2026-01-22 15:16:30,41580
False,StockQty,decimal,8,库存数,80,True,False,False,numberbox,False,False,,,,,,,,,,,True,,,,,,,V_APS_SalesOrderBom,26496,,,,温广燕,2026-01-22 18:37:35,41755
False,DataSource,nvarchar,8,数据来源,100,True,False,False,textbox,False,False,,,,,,,,,,,True,,,,,,,V_APS_OrderSplitLog,16234,,,,吴鑫鹏,2025-10-25 10:56:02,36219
False,ModifiedBy,varchar,8,修改账号,100,True,False,False,,False,False,,,,,,,,,,,True,,,,,,,APS_MaterialLadderLossRelated,26502,,,,system,2025-10-14 17:50:24,36311
False,ModifiedBy,varchar,8,修改账号,100,True,False,False,,False,False,,,,,,,,,,,True,,,,,,,APS_MaterialLadderLossConfig,26501,,,,system,2025-10-14 17:50:24,36290
False,Qty,decimal,8,订单数,80,True,False,False,numberbox,False,False,,,,,,,,,,,True,,,,,,,V_APS_SalesOrderDetailDelivery,26509,,,,温广燕,2025-10-28 15:07:39,36897
False,Rate,numeric,8,按时结案率,90,True,False,False,textbox,False,False,,,,,,,{0:P0},,,,True,,,,,,,V_APS_OrderAchievedRate,26508,,,,江科,2025-10-28 13:40:20,36860
False,DeliveryDate,datetime,8,计划交期,90,True,False,False,datebox,False,False,,,,,,,{0:yyyy-MM-dd},,,,True,,,,,,,V_APS_SalesOrderDeliveryReplyInfo,26495,,,,江科,2025-10-21 15:52:33,36828
False,Status,int,8,状态,80,True,True,False,combobox,True,False,,,,,,,,,,,True,数据状态,,,,,,V_APS_DayPlanReachList,12195,,,,system,2025-10-16 08:42:40,36511
False,Extend1,varchar,8,物料属性,80,True,False,False,textbox,False,False,,,,True,,,,,,custom,True,,,,,,,V_APS_OrderBOMNoIssueQty,5121,,,,江科,2025-10-21 19:58:25,34632
False,ModifyedOn,datetime,8,修改日期,160,True,False,False,,False,False,,,,,,,,,,,True,,,,,,,APS_DutyDepartment,19294,,,,江科,2025-09-10 11:00:21,34156
False,ModifiedBy,varchar,8,修改账号,100,True,False,False,,False,False,,,,,,,,,,,True,,,,,,,APS_OrderDeliveryReply,26494,,,,system,2025-09-26 17:44:00,35128
False,Spec,nvarchar,8,规格,100,True,False,False,textbox,False,False,,,,,,,,,,,True,,,,,,,V_APS_ProcessMaterialHistory,26520,,,,陈坤和,2025-10-29 21:02:18,38107
False,SyncDatetime,datetime,8,同步日期,110,True,False,False,datebox,False,False,,,,,,,,,,,True,,,,,,,APS_OrganizeDemandOrder,26524,,,,system,2025-10-30 16:15:32,38183
False,UpdateDate,nvarchar,8,更新时间,100,True,False,False,textbox,False,False,,,,,,,,,,,True,,,,,,,V_APS_OrderPlanMaterialFormListForBoardSum,15204,,,,管理员,2025-11-06 10:53:20,38867
False,CurrentIndex,int,8,层级,50,True,False,False,numberbox,False,False,,升序,,,,,,,,,True,,,,,,,V_APS_SalesPlanMaterial,6681,,,,吴鑫鹏,2025-11-12 16:12:44,39071
False,ModifiedBy,varchar,8,修改账号,100,True,False,False,,False,False,,,,,,,,,,,True,,,,,,,APS_MaterialBalanceHistory,26517,,,,system,2025-10-29 20:30:04,37968
False,Status,int,8,状态,80,True,True,False,combobox,True,False,,,,,,,,,,,True,数据状态,,,,,,APS_ManualForecastDetail,9003,,,,system,2025-10-29 09:41:02,37928
False,CreatedOn1,datetime,8,创建日期,110,True,False,False,datebox,False,False,,,,,,,,,,,True,,,,,,,V_APS_MaterialLadderLossConfig,26504,,,,温广燕,2025-10-22 16:08:09,37169
False,Priority,int,8,优先级,80,True,False,False,numberbox,False,False,,,,,,,,,,,True,,,,,,,APS_ProcessMaterialHistory,26519,,,,system,2025-10-29 20:30:04,38016
False,ModifiedBy,varchar,8,修改账号,100,True,False,False,,False,False,,,,,,,,,,,True,,,,,,,APS_MaterialBalanceTotalHistory,26518,,,,system,2025-10-29 20:30:04,37995
False,OrganizeName,nvarchar,8,组织,100,True,False,False,textbox,False,False,,,,,,,,,,,True,,,,,,,V_APS_MaterialBalanceHistoryReason,26522,,,,system,2025-10-29 20:30:04,38061
False,Spec,nvarchar,8,规格,320,True,False,False,textbox,False,False,,,,,,,,,,,True,,,,,,,V_APS_Report36,11153,,,,管理员,2026-04-13 09:19:59,45101
False,OncheckQty,decimal,8,待检,50,True,False,False,numberbox,False,False,,,,,,,,,,,True,,,,,,,V_APS_MaterialForecastBom,28597,,,,温广燕,2026-05-20 08:38:57,44862
False,ModifiedBy,varchar,8,修改账号,100,True,False,False,,False,False,,,,,,,,,,,True,,,,,,,APS_MaterialForecastForm,28600,,,,system,2026-03-16 14:51:03,44313
False,ModifiedBy,varchar,8,修改账号,100,True,False,False,,False,False,,,,,,,,,,,True,,,,,,,APS_MaterialForecastBom,28599,,,,system,2026-03-16 14:51:03,44290
False,MachineName,nvarchar,8,治具/设备名称,100,True,False,False,textbox,False,False,,,,,,,,,,,True,,,,,,,V_APS_ProcessMaterialError,5126,,,,江老师,2026-03-06 08:12:11,42544
False,Remark1,nvarchar,8,备注,300,True,True,False,,False,False,,,,,,,,,,,True,,,,,,,V_APS_PrepareView17,7869,,,,温广燕,2026-01-28 11:44:09,42312
False,PositionLevelStr,nvarchar,8,岗位,400,True,False,False,textbox,False,False,,,,True,,,,,,,True,,,,,,,V_Dev_AccountEmployee,28585,,,,江老师,2026-03-10 08:17:50,42940
False,ActualNumber,decimal,8,实际完成,80,True,False,False,numberbox,False,False,,,,,,,,,,,True,,,,,,,Dev_PositionExamRecord,28587,,,,温广燕,2026-03-05 18:03:20,42797
False,WorkTimeEvening,decimal,8,晚上时长,80,True,True,False,numberbox,False,False,,,,,,,,,,,True,,,,,,,V_APS_LineAttendanceDetail,10118,,,,温广燕,2026-03-12 11:40:05,43652
False,CompletionQty,decimal,8,入库数,60,True,False,False,numberbox,False,False,False,,,,,,,,,,True,,,,,,,V_APS_PrepareView1,7793,,,,江老师,2026-03-12 11:52:29,43728
False,AttendanceRace,numeric,8,出勤率,100,True,False,False,,False,False,,,,,,,{0:P0},,AVG,,True,,,,,,,V_APS_SalesOrderDetailDeliver3Total,27540,,,,温广燕,2026-03-13 13:20:22,43806
False,Price,decimal,8,单价,80,True,False,False,numberbox,False,False,,,,,,,,,,,True,,,,,,,V_APS_PrepareView26,7976,,,,范龙生,2026-03-11 16:29:03,43631
False,Price,decimal,8,单价,80,True,False,False,numberbox,False,False,,,,,,,,,,,True,,,,,,,V_APS_Report33,7907,,,,范龙生,2026-03-11 16:28:39,43632
False,TotalHours,decimal,8,排班工时,80,True,False,False,numberbox,False,False,,,,,,,,,,,True,,,,,,,V_APS_LineAttendance,10113,,,,管理员,2026-03-11 15:37:01,43614
False,Status,int,8,状态,80,True,True,False,combobox,True,False,,,,,,,,,,,True,数据状态,,,,,,MES_RouteReport,28592,,,,system,2026-03-13 09:12:04,44053
False,Extend5,nvarchar,8,备注,450,True,False,False,textbox,False,False,,,,,,,,,,,True,,,,,,,V_APS_OrderWarning,28588,,,,江老师,2026-03-12 17:00:04,44035
False,Remark2,nvarchar,8,工序描述,150,True,False,False,textbox,False,False,,,,False,,,,,,,True,,,,,,,V_MES_RouteReport,28591,,,,管理员,2026-04-29 11:56:31,44082
False,ActualQty,decimal,8,实际下单数量,100,True,False,False,numberbox,False,False,,,,,,,,,,,True,,,,,,,V_APS_OrderForCheck,5053,,,,江老师,2026-03-16 10:55:09,44041
False,WeekendAttendanceDays,int,8,周末出勤天数,90,True,False,False,numberbox,False,False,,,,,,,,,,,True,,,,,,,V_APS_SchedulingOutByOrder,73,,,,江老师,2026-03-12 15:27:23,43829
False,StockQtyAll,decimal,8,库存汇总,80,True,False,False,numberbox,False,False,,,,,,,,,,,True,,,,,,,V_APS_Report45,19333,,,,温广燕,2026-05-27 12:06:27,47818
False,Capacity,decimal,8,标准产能,50,True,False,False,numberbox,False,False,,,,,,,,,,,True,,,,,,,V_APS_OrderForPrepare2,7974,,,,廖尚华,2026-06-04 16:45:08,47802
False,Code,varchar,8,物料代码,100,True,False,False,textbox,False,False,,,,True,,,,,,,True,,,,,,,V_APS_ProcessPlanHistoryForWeek3,28646,,,,廖尚华,2026-06-04 17:40:15,48219
False,Extend20,nvarchar,8,晚下单,100,True,False,False,textbox,False,False,,,,,,,,,,,True,,,,,,,V_APS_Report1,7842,,,,廖尚华,2026-06-03 09:38:45,48185
False,SalesDemandQty,decimal,8,订单需求,80,True,False,False,numberbox,False,False,,,,,,,,,,,True,,,,,,,V_APS_OrderForPrepare,7973,,,,温广燕,2026-05-27 11:50:33,47730
False,ProcessPartName,nvarchar,8,生产工段,100,True,False,False,textbox,False,False,True,,,,,,,,,,True,,,,,,,V_APS_PrepareView5,7789,,,,温广燕,2026-05-20 16:09:37,47441
False,OwePeoples,int,8,缺口人数,80,True,False,False,numberbox,False,False,,,,,,,,,SUM,,True,,,,,,,V_APS_Report18,7922,,,,管理员,2026-04-27 14:30:49,46525
False,DiffDays,decimal,8,差异天数,80,True,False,False,numberbox,False,False,,,,,,,,,,,True,,,,,,,V_APS_PrepareView20,7866,,,,范龙生,2026-04-27 12:24:14,46533
False,Remark2,nvarchar,8,工序描述,150,True,False,False,textbox,False,False,,,,False,,,,,,,True,,,,,,,V_MES_OrderRouteReport,28638,,,,system,2026-05-05 16:31:34,46941
False,GroupName,nvarchar,8,群组,100,True,False,False,textbox,False,False,,,,,,,,,,,True,,,,,,,MES_OrderRouteReport,28639,,,,system,2026-05-05 16:31:34,46908
False,Qty,decimal,8,数量,80,True,False,False,numberbox,False,False,,,,,,,,,,,True,,,,,,,V_APS_MOPlanStep5,7769,,,,温广燕,2026-05-13 16:37:50,47291
False,CompletionQty,decimal,9,入库,50,True,False,True,numberbox,False,False,True,,,,,,,,,,True,,,,,,,V_APS_MOPlanStep4V11,9019,,,,温广燕,2026-04-27 11:04:02,46483
False,YearDifferenceRace,numeric,9,累计差异率,80,True,False,True,,False,False,,,,,,,{0:P0},,,,True,,,,,,,V_APS_SalesOrderDetailPlanLine,12192,,,,温广燕,2026-05-29 11:27:28,47866
False,PCDeliveryDate,datetime,9,要求开工,110,True,True,True,datebox,False,False,,,,True,,,,,,,True,,,,,,,V_APS_MOPlanStep2V10,9018,,,,廖尚华,2026-05-25 11:34:03,42752
False,DefectiveNumber,decimal,9,不良统计,50,True,True,True,numberbox,False,False,True,,,,,,,,,,True,,,,,,,V_Dev_PositionExamRecord,28584,,,,管理员,2026-04-28 10:59:48,42880
False,Remark2,nvarchar,9,工序,95,True,False,True,textbox,False,False,,,,True,,,,,,,True,,,,,,,V_APS_ProductionReportMt,28573,,,,温广燕,2026-03-13 13:40:31,42412
False,BomTye,nvarchar,9,展BOM,70,True,True,True,combobox,False,False,True,,,,,,,,,,True,Bom方式,,,,,,V_APS_MaterialForecast,8978,,,,管理员,2026-04-28 11:04:49,44337
False,Code,varchar,9,物料编码,80,True,False,True,textbox,False,False,,,,True,,,,,,,True,,,,,,,V_APS_MaterialForecastForm,28598,,,,管理员,2026-04-13 11:35:19,44406
False,MaterialName,nvarchar,9,物料描述,100,True,False,True,textbox,False,False,,升序,,True,模糊匹配,,,,,custom,True,,,,,,,V_APS_ProcessMaterialPartError,28601,,,,system,2026-03-16 17:37:29,44426
False,AllOnload,decimal,9,在途汇总,120,True,False,True,numberbox,False,False,,,,,,,,,,,True,,,,,,,V_APS_MaterialBalanceTotalHistory,26521,,,,江老师,2026-03-12 10:53:30,38064
False,FID,bigint,9,ID,50,True,False,True,numberbox,False,True,,,,,精确匹配,,,,,custom,True,,,,,,,APS_InterfaceSAP,9030,,,,廖尚华,2026-05-21 16:54:38,39093
False,OweQty,decimal,9,未完成,60,True,False,True,numberbox,False,False,,,,,,,,,,,True,,,,,,,V_APS_MOPlanStep4V9,9016,,,,廖尚华,2026-03-18 16:21:29,35992
False,AllUnIssuedQty,decimal,9,需求汇总,50,True,False,True,numberbox,False,False,,,,,,,,,,,True,,,,,,,V_APS_PrepareView6,7788,,,,管理员,2026-03-02 08:33:45,41916
False,POLineNo,varchar,9,行号,50,True,False,True,textbox,False,False,,,,False,,,,,,,True,,,,,,,V_APS_POSummary,25460,,,,管理员,2026-01-27 23:28:16,42201
False,Spec,nvarchar,9,规格型号,500,True,False,True,textbox,False,False,,,,,,,,,,,True,,,,,,,APS_ProductAgingCondition_JDY,27555,,,,管理员,2025-12-25 15:08:35,39774
False,Extend5,varchar,9,物料编码,80,True,False,True,textbox,False,False,,,,True,,,,,,,True,,,,,,,APS_SalesOrder_JDY,27537,,,,陈坤和,2026-04-14 15:36:07,39491
False,Spec,nvarchar,9,规格型号,300,True,False,True,textbox,False,False,,,,,,,,,,,True,,,,,,,APS_ProductCheck_JDY,27536,,,,管理员,2025-12-24 08:25:50,39339
False,ProcessName,nvarchar,9,工序,80,True,False,True,textbox,False,False,False,升序,True,True,,,,,,,True,,,,,False,,V_APS_ProcessPlanForSchedinng,5168,False,,,江科,2025-10-15 20:24:40,9205
False,Seconds,decimal,9,标准工时,80,True,True,True,numberbox,False,False,True,,False,False,,,,,,,True,,,,,False,,V_APS_ProcessMaterial,15,False,,,管理员,2026-01-15 17:33:21,9709
False,Code,varchar,9,物料编码,90,True,False,True,textbox,False,False,False,,False,True,,,,,,custom,True,,,,,False,,V_APS_OrderPlanMaterialFormByItem,5158,False,,,江科,2025-09-09 09:16:22,8910
False,Code,varchar,9,物料编码,80,True,False,True,textbox,False,False,True,,,True,模糊匹配,,,,,,True,,,,,,,V_APS_Order,49,,,,陈坤和,2026-04-27 19:17:27,653
False,MaterialName,nvarchar,9,物料名称,150,True,False,True,textbox,False,False,,,,True,,,,,,custom,True,,,,,,,V_APS_DayPlanForOrder,6665,,,,江科,2025-09-09 09:18:47,26819
False,Code,varchar,9,物料编码,90,True,False,True,textbox,False,False,,,,True,模糊匹配,,,,,custom,True,,,,,,,V_APS_SalesPlanProcessMaterialDayTotal,6723,,,,江科,2025-09-09 09:16:22,26684
False,POLineNo,varchar,9,行号,50,True,False,True,textbox,False,False,False,升序,,,,,,,,,True,,,,,,,V_APS_PO,6751,,,,陈坤和,2026-01-27 16:16:40,13969
False,OrderNo,varchar,9,工单,60,True,False,True,textbox,False,False,False,,,True,精确匹配,,,,,custom,True,,,,,,,V_APS_MOPlanStep4,6734,,,,管理员,2026-06-16 09:50:32,13797
False,MaterialName,nvarchar,9,物料名称,100,True,False,True,textbox,False,False,False,,,,,,,,,custom,True,,left,,,,,V_APS_OrderPrepareReport,7804,,,,江老师,2026-03-03 10:23:16,13761
False,UnIssuedQty,decimal,9,未领,60,True,False,True,numberbox,False,False,False,,False,False,,,{0:G0},,,custom,True,,,,,False,,V_APS_Report17,7843,False,,,廖尚华,2026-05-22 11:39:23,14980
False,OrganizeID,int,9,组织名称,80,True,False,True,combobox,False,False,,,,True,,,,,,custom,True,全部组织,,,,,,APS_PR,7898,,,,江科,2025-09-26 20:12:26,21490
False,MaterialName,nvarchar,9,物料描述,100,True,False,True,textbox,False,False,,升序,,True,模糊匹配,,,,,custom,True,,,,,,,V_APS_MaterialMaintain,10110,,,,陈坤和,2026-01-27 15:42:48,21515
False,Extend6,nvarchar,9,类型,50,True,False,True,textbox,False,False,,,,,,,,,,custom,True,,,,,,,V_APS_SalesOrderDetailALL,6694,,,,陈坤和,2026-01-27 15:41:15,21285
False,MaterialName,nvarchar,9,物料名称,100,True,False,True,textbox,False,False,,,,True,,,,,,,True,,,,,,,V_APS_MOPlanStep1V10,9013,,,,江科,2025-09-09 09:18:47,22396
False,MaterialName,nvarchar,9,物料名称,200,True,False,True,textbox,False,False,,,,True,模糊匹配,,,,,custom,True,,,,,,,V_APS_MOPlanWeekday,10115,,,,江科,2025-09-09 09:18:47,22722
False,MaterialName,nvarchar,9,机种名称,100,True,False,True,textbox,False,False,,,,True,,,,,,,True,,,,,,,V_APS_Report10,7833,,,,管理员,2026-04-14 09:29:08,23824
False,OrderNo,varchar,9,工单号,60,True,False,True,textbox,False,False,True,,,True,,,,,,custom,True,,,,,,,V_APS_MOPlanStep1V12,9021,,,,廖尚华,2026-05-28 10:16:03,24650
False,OrderNo,varchar,9,返工单号,100,True,False,False,textbox,False,False,True,,,True,,,,,,,True,,,,,,,V_APS_OrderRework,17254,,,,温广燕,2026-03-10 13:18:25,24107
False,ModifyedOn,datetime,9,更新时间,700,True,False,False,,False,False,,倒序,,,,,,,,,True,,,,,,,V_APS_SchedulingSpecial,125,,,,江老师,2026-03-04 10:44:57,21463
False,MaterialName,nvarchar,9,托盘名称,100,True,False,False,textbox,False,False,False,,,True,,,,,,custom,True,,,,,,,V_APS_Report39,10122,,,,管理员,2026-04-24 18:01:19,19198
False,Qty,decimal,9,工单数量,80,True,False,False,numberbox,False,False,False,,,,,,{0:G0},,,custom,True,,,,,,,V_APS_PrepareView4,7790,,,,江老师,2026-03-12 10:45:27,14164
False,OnloadQty,decimal,9,在途数,70,True,False,False,numberbox,False,False,False,,,,,,{0:G0},,,,True,,,,,,,V_APS_PrepareView2,7792,,,,管理员,2026-01-23 08:37:32,14101
False,SchedulingDays,int,9,排产天数,90,True,True,False,numberbox,False,False,True,,,,,,,,,,True,,,,,,,V_Dev_Organize,3026,,,,管理员,2025-11-26 08:17:35,16252
False,MaterialName,nvarchar,9,物料名称,190,True,False,False,textbox,False,False,,,,False,,,,,,custom,True,,,,,,,V_APS_DayPlanForMaterial,6664,,,,江科,2025-09-09 09:18:47,27352
False,Remark2,nvarchar,9,dicID,200,True,True,False,,False,False,,,,True,,,,,,,True,,,,,,,V_APS_Report51,19326,,,,吴鑫鹏,2026-02-05 16:47:01,31563
False,FreezeCompletionOrderCountP,numeric,9,投产达成率,110,True,False,False,numberbox,False,False,,,,,,,{0:P0},,,,True,,,,,,,V_APS_PrepareView9,7852,,,,管理员,2026-06-16 13:46:28,29142
False,OrderCount,int,9,计划订单,90,True,False,False,numberbox,False,False,,,,,,,,,,,True,,,,,,,V_APS_PrepareView10,7853,,,,管理员,2026-06-16 13:49:04,29124
False,CreatedByName,nvarchar,9,拆单人,80,True,False,False,,False,False,,,,,,,,,,,True,,,,,,,V_APS_OrderSplitLog,16234,,,,吴鑫鹏,2025-10-25 10:56:03,28807
False,ModifyedOn,datetime,9,修改日期,120,True,False,False,datebox,False,False,True,倒序,,,,,,,,custom,True,,,,,,,Dev_Role,40,,,,江科,2025-10-15 16:29:50,590
False,ControlType,varchar,9,控件类型,80,True,True,False,combobox,False,False,True,,,False,精确匹配,,,,,custom,True,控件类型,,,,,,V_DictionaryField,35,False,,,温广燕,2026-03-16 14:26:59,727
False,Price,decimal,9,单价,80,True,True,False,numberbox,False,False,True,,,False,,,,查看金额,,custom,True,,,,,,,V_APS_SchedulingOutByWorkStationPrice,128,,,,管理员,2026-01-27 23:30:06,2174
False,Spec,nvarchar,9,规格,400,True,False,False,textbox,False,False,True,,,True,,,,,,custom,True,,,,,,,V_WMS_Stock,76,,,,管理员,2025-11-26 13:24:10,4136
False,MaterialName,nvarchar,9,物料描述,130,True,False,False,textbox,False,False,False,,,False,,,,,,custom,True,,,,,,,V_APS_OrderPicking,3010,,,,管理员,2026-01-19 14:57:06,3954
False,Priority,int,9,序号,60,True,True,False,numberbox,False,False,True,升序,,False,,,,,,,True,,,,,,,V_APS_Process,1182,False,,,廖尚华,2026-05-22 14:05:26,3141
False,ModifiedByName,nvarchar,9,更新人,100,True,False,False,,False,False,False,,,,,,,,,,True,,,,,,,V_APS_MaterialForSpecial,5055,False,,,江科,2025-10-15 20:48:38,5979
False,Price,real,9,单价,80,True,True,False,numberbox,False,False,True,,,False,,,,查看金额,,custom,True,,,,,,,V_WMS_DeliveryPlanForNewByNO,5066,False,,,管理员,2026-01-27 23:30:06,6287
False,Price,real,9,单价,80,True,True,False,numberbox,False,False,True,,,,,,,查看金额,,custom,True,,,,,,,V_WMS_ReceiptDetailByNO,5065,,,,管理员,2026-01-27 23:30:06,6274
False,ProductCode,varchar,9,产品编码,80,True,False,False,textbox,False,False,True,,False,False,,,,,,custom,True,,left,,,,,V_APS_OrderBOMNew,5021,,,,陈坤和,2026-04-23 16:50:18,5760
False,ProductName,varchar,9,物料名称,150,True,True,False,textbox,False,False,True,,,,,,,,,custom,True,,,,,,,PWS_UserReportDetail,3035,,,,江科,2025-09-09 09:18:45,5346
False,Region,varchar,9,查询显示数,90,True,True,False,textbox,False,False,True,,,False,,,,,,,True,,,,,,,Dev_Dictionary,33,,,,管理员,2026-04-24 10:52:38,5178
False,MaterialName,nvarchar,9,物料名称,150,True,False,False,textbox,False,False,False,,,False,,,,,,custom,True,,,,,,,V_APS_DayPlanFeeding,5164,False,,,江科,2025-09-09 09:18:45,9027
False,Code,varchar,9,物料编码,150,True,False,False,textbox,False,False,False,,False,False,,,,,,custom,True,,,,,,,V_APS_ProcessPlanProduction,5588,False,,,江科,2025-09-09 09:17:09,9506
False,Code,varchar,9,物料编码,150,True,True,False,textbox,False,False,True,,,True,模糊匹配,,,,,custom,True,,,,,,,APS_DayProduction,5586,,,,江科,2025-09-09 09:17:09,9424
False,Code,varchar,9,物料编码,150,True,True,False,textbox,False,False,True,,,False,,,,,,custom,True,,,,,,,V_APS_OrderForMakeByOrderMould,5127,False,,,江科,2025-09-09 09:17:09,7796
False,Price,decimal,9,单价,80,True,False,False,numberbox,False,False,False,,,False,,,,查看金额,,custom,True,,,,,,,V_MES_OrderOutputPersonsForAuditAll,5131,False,,,管理员,2026-01-27 23:30:06,8008
False,Code,varchar,9,物料编码,150,True,False,False,textbox,False,False,False,,,,,,,,,custom,True,,,,,,,V_APS_AppSetGoodsList,5630,,,,江科,2025-09-09 09:17:09,10509
False,Code,varchar,9,物料编码,150,True,False,False,textbox,False,False,False,,,,,,,,,custom,True,,,,,,,APS_AppointmentOutPutRecord,5628,,,,江科,2025-09-09 09:16:22,10981
False,MaterialName,nvarchar,9,物料名称,140,True,False,False,textbox,False,False,False,,False,True,,,,,,custom,True,,,,,,,V_MES_OrderOutputPersons,1189,False,,,江科,2025-09-09 09:18:45,9902
False,MaterialName,nvarchar,9,物料名称,150,True,False,False,textbox,False,False,False,,False,True,,,,,,custom,True,,,,,,,APS_GoodsPlanPreDetail,5614,False,,,江科,2025-09-09 09:18:47,10135
False,MaterialName,nvarchar,9,物料名称,150,True,True,False,textbox,False,False,True,,False,False,,,,,,custom,True,,,,,False,,APS_GoodsPlanPre,5613,False,,,江科,2025-09-09 09:18:47,10129
False,MaterialName,nvarchar,9,物料名称,240,True,False,False,textbox,False,False,False,,False,True,,,,,,custom,True,,,,,False,,V_OrderPlan2V2,5616,False,,,江科,2025-09-09 09:18:47,10230
False,Extend5,varchar,9,物料编码,80,True,False,False,textbox,False,False,,,,True,,,,,,,True,,,,,,,V_APS_SalesOrderDetail_JDY,27538,,,,system,2025-12-05 10:35:31,39435
False,Status,int,9,状态,50,True,True,False,combobox,False,False,,,,,,,,,,custom,True,数据状态,,,,,,APS_InterfaceSAPOutputField,9033,,,,陈坤和,2026-01-14 15:16:34,39180
False,Extend4,varchar,9,位号,50,True,False,False,textbox,False,False,,,,,,,,,,,True,,,,,,,V_APS_MaterialBOM,1185,,,,管理员,2026-03-02 11:23:46,39737
False,Code,varchar,9,物料编码,80,True,False,False,textbox,False,False,,,,True,,,,,,,True,,,,,,,APS_ToolingRegister_JDY,27556,,,,管理员,2026-04-29 10:40:08,39869
False,Spec,nvarchar,9,规格,180,True,False,False,textbox,False,False,,,,,,,,,,,True,,,,,,,V_APS_Report59,19319,,,,陈坤和,2026-03-23 17:33:51,40334
False,Requestor,nvarchar,9,需求发起人员,100,True,False,False,textbox,False,False,,,,,,,,,,,True,,,,,,,APS_TempChangeRequest,27558,,,,陈坤和,2026-01-31 11:57:17,40613
False,Initiator,varchar,9,发起人员,100,True,False,False,textbox,False,False,,,,,,,,,,,True,,,,,,,V_APS_NewProductTrial,27561,,,,陈坤和,2026-01-31 11:56:28,40643
False,OccurrenceDate,datetime,9,日期,110,True,False,False,datebox,False,False,,,,,,,,,,,True,,,,,,,V_APS_QualityAbnormalityCase,27562,,,,陈坤和,2026-01-31 11:56:56,40680
False,CustomerName,nvarchar,9,客户,210,True,False,False,textbox,False,False,,,,True,,,,,,,True,,,,,,,V_APS_SalesOrderWarning,28571,,,,陈坤和,2026-01-27 15:42:14,42041
False,DemandQty,decimal,9,需求数,80,True,False,False,numberbox,False,False,,,,,,,,,,,True,,,,,,,V_APS_SalesOrderBom,26496,,,,温广燕,2026-01-22 18:37:35,41756
False,ModifiedByName,nvarchar,9,修改姓名,100,True,False,False,,False,False,,,,,,,,,,,True,,,,,,,APS_AssessmentHR,27574,,,,system,2026-01-22 15:16:30,41581
False,AllUnIssuedQty,decimal,9,需求汇总,50,True,False,False,numberbox,False,False,,,,,,,,,,,True,,,,,,,V_APS_MaterialOrg,25481,,,,管理员,2026-01-26 11:28:16,41802
False,ProcessCapacity,decimal,9,工序标准小时产能,80,True,False,False,numberbox,False,False,,,,,,,,,,,True,,,,,,,V_APS_Report41,19337,,,,温广燕,2026-01-16 11:45:56,41471
False,ModifiedBy,varchar,9,修改账号,100,True,False,False,,False,False,,,,,,,,,,,True,,,,,,,APS_AssessmentMachine,27575,,,,system,2026-01-22 15:16:30,41601
False,ModifiedByName,nvarchar,9,修改姓名,100,True,False,False,,False,False,,,,,,,,,,,True,,,,,,,APS_AssessmentResources,27576,,,,system,2026-01-22 15:16:30,41622
False,ModifiedByName,nvarchar,9,修改姓名,100,True,False,False,,False,False,,,,,,,,,,,True,,,,,,,APS_ProcessPosition,27565,,,,system,2026-01-12 20:35:49,40787
False,ModifiedByName,nvarchar,9,修改姓名,100,True,False,False,,False,False,,,,,,,,,,,True,,,,,,,Dev_PositionAccountMap,27564,,,,system,2026-01-12 20:35:49,40806
False,StockQty,decimal,9,结余库存数,80,True,False,False,numberbox,False,False,,,,,,,,,,,True,,,,,,,V_APS_Report45,19333,,,,温广燕,2026-05-27 13:34:41,40372
False,ModifiedByName,nvarchar,9,修改姓名,100,True,False,False,,False,False,,,,,,,,,,,True,,,,,,,Dev_PositionLevelMap,27563,,,,system,2026-01-12 20:35:49,40832
False,ModifiedByName,nvarchar,9,修改姓名,100,True,False,False,,False,False,,,,,,,,,,,True,,,,,,,APS_MaterialLadderLossConfig,26501,,,,system,2025-10-14 17:50:24,36291
False,ModifiedByName,nvarchar,9,修改姓名,100,True,False,False,,False,False,,,,,,,,,,,True,,,,,,,APS_MaterialLadderLossRelated,26502,,,,system,2025-10-14 17:50:24,36312
False,Qty,decimal,9,工单数,80,True,False,False,numberbox,False,False,,,,,,,,,,,True,,,,,,,V_APS_Report19,7920,,,,管理员,2025-11-06 16:31:20,36637
False,ModifiedByName,nvarchar,9,修改姓名,100,True,False,False,,False,False,,,,,,,,,,,True,,,,,,,APS_OrderDeliveryReply,26494,,,,system,2025-09-26 17:44:00,35129
False,DocLineNo,varchar,9,行号,50,True,False,False,textbox,False,False,,升序,,,,,,,,custom,True,,,,,,,V_APS_Report49,19329,,,,管理员,2025-12-25 15:46:59,35537
False,UnCompletionQty,decimal,9,未完成数,80,True,False,False,numberbox,False,False,,,,,,,,,SUM,,True,,,,,,,V_APS_OrderForToDo,5139,,,,吴鑫鹏,2025-09-29 10:52:31,35875
False,Code,varchar,9,物料编码,80,True,False,False,textbox,False,False,,,,True,,,,,,,True,,,,,,,V_APS_Report46,19332,,,,廖尚华,2026-05-13 13:49:22,34750
False,UnqualifiedQty,decimal,9,不良数,80,True,False,False,numberbox,False,False,,,,,,,,,,,True,,,,,,,V_APS_Report29,7912,,,,管理员,2025-12-20 09:53:14,38933
False,Status,int,9,状态,80,True,True,False,combobox,True,False,,,,,,,,,,,True,数据状态,,,,,,APS_OrganizeDemandOrder,26524,,,,system,2025-10-30 16:15:32,38184
False,LossProportion,decimal,9,阶梯损耗值,90,True,False,False,numberbox,False,False,,,,,,,,,,,True,,,,,,,V_APS_MaterialBalancePlan,27524,,,,江科,2025-11-08 11:53:14,38512
False,Rate1,numeric,9,按时结案率,0,True,False,False,,False,False,,,,,,,,,,,True,,,,,,,V_APS_OrderAchievedRate,26508,,,,温广燕,2025-10-30 14:35:54,38173
False,ModifiedByName,nvarchar,9,修改姓名,100,True,False,False,,False,False,,,,,,,,,,,True,,,,,,,APS_MaterialBalanceTotalHistory,26518,,,,system,2025-10-29 20:30:04,37996
False,StandardPeoples,int,9,标准人力,80,True,False,False,numberbox,False,False,,,,,,,,,,,True,,,,,,,APS_ProcessMaterialHistory,26519,,,,system,2025-10-29 20:30:04,38017
False,ModifiedByName,nvarchar,9,修改姓名,100,True,False,False,,False,False,,,,,,,,,,,True,,,,,,,APS_MaterialBalanceHistory,26517,,,,system,2025-10-29 20:30:04,37969
False,ModifiedByName,nvarchar,9,修改姓名,100,True,False,False,,False,False,,,,,,,,,,,True,,,,,,,APS_MaterialForecastForm,28600,,,,system,2026-03-16 14:51:03,44314
False,ModifiedByName,nvarchar,9,修改姓名,100,True,False,False,,False,False,,,,,,,,,,,True,,,,,,,APS_MaterialForecastBom,28599,,,,system,2026-03-16 14:51:03,44291
False,Remark1,nvarchar,9,类型,60,True,False,False,,False,False,,,,,,,,,,,True,,,,,,,V_APS_LineAttendanceDetailByMonth,28589,,,,陈坤和,2026-03-14 09:50:07,44129
False,Spec,nvarchar,9,规格,350,True,False,False,textbox,False,False,,,,,,,,,,,True,,,,,,,V_APS_Report43,19336,,,,陈坤和,2026-04-14 10:30:50,45299
False,MachineNum,int,9,治具/设备数量,100,True,False,False,numberbox,False,False,,,,,,,,,,,True,,,,,,,V_APS_ProcessMaterialError,5126,,,,江老师,2026-03-06 08:12:11,42545
False,DefectiveNumber,decimal,9,不良统计,80,True,False,False,numberbox,False,False,,,,,,,,,,,True,,,,,,,Dev_PositionExamRecord,28587,,,,温广燕,2026-03-05 18:03:20,42798
False,WeekAttendanceTimes,decimal,9,平日出勤工时,90,True,False,False,numberbox,False,False,,,,,,,,,,,True,,,,,,,V_APS_SchedulingOutByOrder,73,,,,江老师,2026-03-12 15:27:23,43830
False,MonthDifference,decimal,9,消耗差异,80,True,False,False,numberbox,False,False,,,,,,,,,,,True,,,,,,,V_APS_OrderForCheck,5053,,,,温广燕,2026-03-12 18:41:57,44042
False,CreatedOn,datetime,9,同步日期,1000,True,False,False,datebox,False,False,,,,,,,,,,,True,,,,,,,V_MES_RouteReport,28591,,,,管理员,2026-04-24 16:55:01,44079
False,CreatedBy,varchar,9,创建账号,100,True,False,False,,False,False,,,,,,,,,,,True,,,,,,,MES_RouteReport,28592,,,,system,2026-03-13 09:12:04,44054
False,EditRow,int,9,操作(针对整天的状态),200,True,False,False,numberbox,False,False,,,,,,,,,,,True,,,"[{""name"":""出勤"",""methods"":""attendance"",""type"":""success""},{""name"":""请假"",""methods"":""leave"",""type"":""warning""},{""name"":""旷工"",""methods"":""absenteeism"",""type"":""danger""},{""name"":""休息"",""methods"":""rest"",""type"":""primary""}]",,,,V_APS_LineAttendance,10113,,,,管理员,2026-03-11 15:37:01,43615
False,UnReceivedQtyPrice,decimal,9,合计金额,100,True,False,False,numberbox,False,False,,,,,,,,,,,True,,,,,,,V_APS_PrepareView26,7976,,,,范龙生,2026-03-11 16:29:03,43629
False,UnReceivedQtyPrice,decimal,9,合计金额,100,True,False,False,numberbox,False,False,,,,,,,,,,,True,,,,,,,V_APS_Report33,7907,,,,范龙生,2026-03-11 16:28:32,43630
False,TotalLeavePeoples,int,9,请假,100,True,False,False,numberbox,False,False,,,,,,,,,SUM,,True,,,,,,,V_APS_SalesOrderDetailDeliver3Total,27540,,,,温广燕,2026-03-13 13:20:22,43807
False,CompletionDate,datetime,9,完工日期,80,True,False,False,datebox,False,False,True,,,True,,,{0:yyyy-MM-dd},,,,True,,,,,,,V_APS_PrepareView1,7793,,,,江老师,2026-03-12 11:52:29,43691
False,AttendanceTimes,decimal,9,实际出勤,80,True,False,False,numberbox,False,False,,,,,,,,,,,True,,,,,,,V_APS_LineAttendanceDetail,10118,,,,温广燕,2026-03-12 11:40:05,43653
False,ExpectTime,decimal,9,需求工时,50,True,False,False,numberbox,False,False,,,,,,,,,,,True,,,,,,,V_APS_OrderForPrepare2,7974,,,,廖尚华,2026-06-04 16:45:08,47807
False,ProductionDemandQty,decimal,9,工单需求,80,True,False,False,numberbox,False,False,,,,,,,,,,,True,,,,,,,V_APS_OrderForPrepare,7973,,,,温广燕,2026-05-27 11:50:33,47729
False,Extend21,nvarchar,9,无采购单料号,100,True,False,False,textbox,False,False,,,,,,,,,,,True,,,,,,,V_APS_Report1,7842,,,,廖尚华,2026-06-03 09:38:45,48186
False,MaterialName,nvarchar,9,物料名称,100,True,False,False,textbox,False,False,,,,,,,,,,,True,,,,,,,V_APS_ProcessPlanHistoryForWeek3,28646,,,,廖尚华,2026-06-04 17:40:15,48220
False,PCPlanQty,decimal,9,排产数,60,True,False,False,numberbox,False,False,,,,,,,,,,,True,,,,,,,V_APS_OrderPlanMaterialForm,5165,,,,廖尚华,2026-06-04 14:28:53,48207
False,TotalQty,decimal,9,累计生产数,80,True,False,False,numberbox,False,False,,,,,,,,,,,True,,,,,,,V_APS_PrepareView5,7789,,,,温广燕,2026-05-19 17:55:33,47444
False,CreatedByName,nvarchar,9,提交人员,100,True,False,False,,False,False,,,,,,,,,,,True,,,,,,,V_APS_Report24,7916,,,,温广燕,2026-05-20 15:58:20,47545
False,CapacityLoad,decimal,9,产能负荷,80,True,False,False,numberbox,False,False,,,,,,,{0:P0},,,,True,,,,,,,V_APS_PrepareView20,7866,,,,范龙生,2026-04-27 12:25:51,46534
False,OrderNo,varchar,9,工单号,60,True,False,False,textbox,False,False,,,,True,,,,,,,True,,,,,,,V_APS_Report57,19321,,,,管理员,2026-05-06 09:47:46,46566
False,RemainingStockQty,decimal,9,结余库存+在途,100,True,False,False,numberbox,False,False,,,,,,,,,,,True,,,,,,,V_APS_Report45,19333,,,,温广燕,2026-05-27 13:34:41,46746
False,WorkTime,decimal,9,上班时长,80,True,True,False,numberbox,False,False,True,,,,,,,,,,True,,,,,,,V_APS_OrganizeWorkingTimesDetail,97,,,,廖尚华,2026-05-25 08:25:15,46747
False,OnloadQty,decimal,9,PO在途,70,True,False,False,numberbox,False,False,,,,,,,,,,,True,,,,,,,V_APS_MaterialForecastBom,28597,,,,温广燕,2026-05-20 08:38:57,46727
False,ProducedQty,decimal,9,已生产,80,True,False,False,numberbox,False,False,,,,,,,,,,,True,,,,,,,V_APS_MOPlanStep5,7769,,,,温广燕,2026-05-13 16:38:04,47292
False,LineID,int,9,生产线,100,True,False,False,combobox,False,False,,,,True,,,,,,,True,拉线,,,,,,V_APS_MaterialDeliveryConfig,25477,,,,陈坤和,2026-05-06 09:06:32,46967
False,Status,int,9,状态,80,True,True,False,combobox,True,False,,,,,,,,,,,True,数据状态,,,,,,MES_OrderRouteReport,28639,,,,system,2026-05-05 16:31:34,46909
False,CreatedOn,datetime,9,同步日期,150,True,False,False,datebox,False,False,,,,,,,,,,,True,,,,,,,V_MES_OrderRouteReport,28638,,,,管理员,2026-05-05 17:32:02,46938
False,SalesOrderNo,varchar,9,销售订单,80,True,False,False,textbox,False,False,,,,True,,,,,,,True,,,,,,,V_APS_Report47,19331,,,,管理员,2026-04-24 15:20:26,46209
False,MaterialType,nvarchar,9,物料组,80,True,False,False,textbox,False,False,,,,,,,,,,,True,,,,,,,V_APS_Report56,19322,,,,陈坤和,2026-04-23 17:12:47,46027
False,Code,varchar,10,货品编码,80,True,False,True,textbox,False,False,,,False,True,,,,,,,True,,,,,,,V_APS_ProcessPlanHistoryForWeek2,28636,,,,廖尚华,2026-06-04 16:35:01,45842
False,PCDeliveryDate,datetime,10,计划交期,80,True,False,True,datebox,False,False,,升序,,True,,,,,,,True,,,,,,,V_APS_ProcessPlanHistoryForMonth,28633,,,,管理员,2026-04-21 08:43:10,45779
False,SalesOrderNo,varchar,10,销售单,80,True,False,True,textbox,False,False,,升序,False,True,,,,,,,True,,,,,,,V_APS_Report55,19324,,,,管理员,2026-04-24 15:55:44,46307
False,SalesOrderNo,varchar,10,销售单,80,True,False,True,textbox,False,False,,升序,False,True,,,,,,,True,,,,,,,V_APS_PrepareView3,7791,,,,管理员,2026-04-24 16:32:15,46327
False,OrderDate,datetime,10,单据日期,80,True,False,True,datebox,False,False,True,倒序,,True,范围,,{0:yyyy-MM-dd},,,,True,,,,,,,V_APS_PrepareView1,7793,,,,江老师,2026-03-12 11:53:05,43681
False,ReportQty,decimal,10,MES报工,80,True,False,True,numberbox,False,False,,,,,,,,,SUM,,True,,,,,,,V_APS_ProductionReportMt,28573,,,,温广燕,2026-03-13 13:40:31,42428
False,Code,varchar,10,货品编码,80,True,False,True,textbox,False,False,,,False,True,,,,,,,True,,,,,,,V_APS_ProcessPlanHistoryForWeek,28634,,,,管理员,2026-04-21 09:57:27,45765
False,Spec,nvarchar,10,规格型号,100,True,False,True,textbox,False,False,,,,,,,,,,,True,,,,,,,V_APS_MaterialForecastForm,28598,,,,管理员,2026-04-13 11:35:19,44722
False,ComponentCount,int,10,元件数量,80,True,False,True,numberbox,False,False,,,,,,,,,,,True,,,,,,,V_APS_Report20,7921,,,,管理员,2026-04-13 11:11:21,44576
False,MaterialName,nvarchar,10,产品描述,80,True,False,True,textbox,False,False,,,,True,,,,,,,True,,,,,,,V_APS_MaterialForecast,8978,,,,温广燕,2026-04-24 09:57:03,44347
False,DataSource,nvarchar,10,来源系统,80,True,True,True,textbox,True,False,,升序,True,True,,,,,,custom,True,,,,,,,APS_InterfaceSAP,9030,,,,廖尚华,2026-05-21 16:54:38,39110
False,LineNum,int,10,行号,50,True,False,True,numberbox,False,False,,升序,,True,,,,,,,True,,,,,,,V_APS_SalesOutStock,24409,,,,范龙生,2026-04-15 15:56:26,41523
False,DefaultLineID,int,10,生产线,85,True,True,True,combobox,False,False,,,,,,,,,,,True,拉线,,,,,,V_APS_MOPlanStep2V10,9018,,,,廖尚华,2026-05-25 11:34:03,41571
False,CheckQty,decimal,10,报检数量,80,True,False,True,numberbox,False,False,,,,,,,,,,,True,,,,,,,APS_ProductCheck_JDY,27536,,,,管理员,2025-12-24 08:25:50,39343
False,LineID,bigint,10,生产线,100,True,True,True,combobox,False,False,False,升序,,,,,,,,,True,工序线别,,,,,,V_APS_ProcessPlanForSchedinng,5168,False,,,江科,2025-10-15 20:23:37,9206
False,StartDate,datetime,10,要求齐料,80,True,False,True,datebox,False,False,False,升序,True,True,范围,,{0:yyyy-MM-dd},,,,True,,,,,False,,V_APS_OrderPlanMaterialFormList,5594,False,,,管理员,2026-06-16 13:50:26,9678
False,DocDate,datetime,10,过账日期,90,True,False,True,datebox,False,False,,倒序,True,True,,,,,,,True,,,,,,,V_APS_OrderInStock,10103,,,,管理员,2026-01-19 14:54:58,29372
False,Code,varchar,10,物料编码,80,True,False,True,textbox,False,False,,升序,,True,,,,,,,True,,,,,,,V_APS_Report54,19323,,,,管理员,2026-04-27 16:43:06,33895
False,Code,varchar,10,物料编码,80,True,False,True,textbox,False,False,True,,,True,模糊匹配,,,,,custom,True,,,,,,,V_APS_MOPlanStep1V12,9021,,,,廖尚华,2026-05-28 10:16:03,24764
False,HasQty,decimal,10,报工,50,True,False,True,numberbox,False,False,,,,,,,,,,custom,True,,,,,,,V_APS_MOPlanStep4V11,9019,,,,温广燕,2026-04-27 11:04:02,18713
False,Code,varchar,10,物料编码,80,True,False,True,textbox,False,False,False,升序,,True,,,,,,custom,True,,,,,,,V_APS_MOPlanStep4,6734,,,,管理员,2026-06-16 09:49:04,13798
False,OweQty,decimal,10,欠数,60,True,False,True,combobox,False,False,False,,False,False,小于,选择项2,{0:G0},,,custom,True,欠料,,,,False,,V_APS_Report17,7843,False,,,廖尚华,2026-05-22 11:39:23,14948
False,Code,varchar,10,物料编码,100,True,False,True,textbox,False,False,,,,True,,,,,,custom,True,,,,,,,V_OrderPlan5,11181,,,,江科,2025-09-09 09:16:22,19864
False,Code,varchar,10,物料编码,80,True,False,True,textbox,False,False,,,,True,,,,,,custom,True,,,,,,,V_APS_Report38,11151,,,,范龙生,2026-04-29 17:41:36,20027
False,Spec,nvarchar,10,规格,120,True,False,True,textbox,False,False,,,,,,,,,,,True,,,,,,,V_APS_Report10,7833,,,,管理员,2026-04-14 09:29:08,23825
False,OverTime,decimal,10,加班时长,80,True,True,False,numberbox,False,False,True,,,,,,,,,custom,True,,,,,,,V_APS_OrganizeWorkingTimesDetail,97,,,,廖尚华,2026-05-25 08:25:15,24463
False,ReducedValue,nvarchar,10,条件,300,True,True,False,textbox,False,False,True,,,True,,,,,,custom,True,,,,,,,Dev_ColorConfig,127,,,,管理员,2026-04-24 13:38:22,21838
False,Qty,decimal,10,排产数量,90,True,False,False,numberbox,False,False,False,,,,,,{0:G0},,,,True,,,,,,,V_APS_PrepareView9,7852,,,,管理员,2026-06-16 13:46:28,14335
False,MaterialName,nvarchar,10,物料名称,120,True,False,False,textbox,False,False,False,,,True,,,,,,custom,True,,,,,,,V_APS_Report2,7840,,,,范龙生,2026-03-12 18:45:10,15368
False,ProcessGroupName,nvarchar,10,工艺,90,True,False,False,textbox,False,False,,,,,,,,,,,True,,,,,,,V_APS_OrderForToDo,5139,,,,吴鑫鹏,2025-09-29 10:52:02,25903
False,DemandDay,datetime,10,要求齐料(最早),80,True,False,False,datebox,False,False,,升序,,,,,,,,custom,True,,,,,,,V_APS_DeliveryDataDetail,8998,,,,管理员,2026-04-28 11:40:37,26232
False,CreatedOn,datetime,10,创建日期,80,True,False,False,,False,False,,倒序,True,True,,,{0:yyyy-MM-dd},,,,True,,,,,,,V_APS_Report60,19318,,,,管理员,2025-12-31 11:50:30,32728
False,FreezeCompletionOrderCount,int,10,投产订单,90,True,False,False,numberbox,False,False,,,,,,,,,,,True,,,,,,,V_APS_PrepareView10,7853,,,,管理员,2026-06-16 13:49:04,29125
False,MaterialName,nvarchar,10,物料名称,150,True,True,False,textbox,False,False,True,,,True,模糊匹配,,,,,custom,True,,,,,,,APS_DayProduction,5586,,,,江科,2025-09-09 09:18:45,9425
False,Code,varchar,10,物料编码,150,True,False,False,textbox,False,False,False,,False,False,,,,,,custom,True,,,,,,,V_APS_DayPlanWorkReported,5583,False,,,江科,2025-09-09 09:17:09,9319
False,Code,varchar,10,物料编码,180,True,False,False,textbox,False,False,False,,False,True,,,,,,custom,True,,,,,,,V_APS_DayPlanWorkReport,5167,False,,,江科,2025-09-09 09:17:09,9160
False,MaterialName,nvarchar,10,物料名称,150,True,False,False,textbox,False,False,False,,,,,,,,,custom,True,,,,,,,APS_AppointmentOutPutRecord,5628,,,,江科,2025-09-09 09:18:47,10982
False,PlanQty,decimal,10,排产数量,80,True,False,False,numberbox,False,False,False,,,,,,{0:G0},,,,True,,,,,,,V_APS_DayPlanForActive,6688,,,,江科,2025-09-09 16:56:37,12234
False,TotalPrice,real,10,金额,80,True,True,False,numberbox,False,False,True,,,,,,,查看金额,,custom,True,,,,,,,V_WMS_ReceiptDetailByNO,5065,,,,管理员,2026-01-27 23:30:06,6275
False,TotalPrice,decimal,10,金额,150,True,True,False,numberbox,False,False,True,,,False,,,,查看金额,,custom,True,,,,,,,V_WMS_DeliveryPlanForNewByNO,5066,False,,,管理员,2026-01-27 23:30:06,6288
False,ModifyedOn,datetime,10,更新时间,150,True,False,False,,False,False,False,,,,,,,,,,True,,,,,,,V_APS_MaterialForSpecial,5055,,,,江科,2025-10-15 20:49:00,5981
False,Unit,varchar,10,单位,60,True,False,False,textbox,False,False,True,,,False,,,,,,custom,True,,,,,,,V_WMS_Stock,76,,,,管理员,2025-11-26 13:24:10,4137
False,Spec,nvarchar,10,规格,300,True,False,False,textbox,False,False,False,,,False,,,,,,custom,True,,,,,,,V_APS_OrderPicking,3010,,,,管理员,2026-01-19 14:57:06,3956
False,Code,varchar,10,物料编码,150,True,True,False,textbox,False,False,True,,,,,,,,,custom,True,,,,,,,V_APS_OrderBOM,102,,,,江科,2025-09-09 09:17:09,1697
False,Code,varchar,10,物料编码,150,True,True,False,textbox,False,False,True,,,True,,,,,,custom,True,,,,,,,V_APS_OrderSchedulingDeliveryPlan,104,,,,江科,2025-09-09 09:17:09,1774
False,Required,bit,10,必填,50,True,True,False,checkbox,False,False,True,,,False,,,,,,custom,True,,,,,,,V_DictionaryField,35,False,,,温广燕,2026-03-16 14:26:59,739
False,Remark1,nvarchar,10,底部备注,100,True,True,False,textbox,False,False,True,,,False,,,,,,,True,,,,,,,Dev_Dictionary,33,,,,管理员,2026-04-24 10:52:38,346
False,MaterialName,nvarchar,10,物料名称,100,True,False,False,textbox,False,False,,,,False,,,,,,,True,,,,,,,APS_ToolingRegister_JDY,27556,,,,管理员,2026-06-16 11:35:24,39870
False,Extend6,varchar,10,备选物料,80,True,False,False,textbox,False,False,,,,False,,,,,,,True,,,,,,,V_APS_MaterialBOM,1185,,,,江老师,2026-03-03 10:06:55,39739
False,OweQty,decimal,10,欠数,80,True,False,False,numberbox,False,False,,升序,False,,,,,,,,True,,,,,,,V_APS_SalesOrderBom,26496,,,,温广燕,2026-01-22 19:24:13,41757
False,SurplusQty,decimal,10,采购申请,50,True,False,False,numberbox,False,False,,,,,,,,,,,True,,,,,,,V_APS_MaterialOrg,25481,,,,管理员,2026-01-26 11:28:16,41803
False,SurplusQty,decimal,10,采购申请,50,True,False,False,numberbox,False,False,,,,,,,,,,,True,,,,,,,V_APS_PrepareView6,7788,,,,管理员,2026-03-02 08:33:45,41917
False,TotalWorkHours,decimal,10,总工时,80,True,False,False,numberbox,False,False,,,,,,,,,SUM,,True,,,,,,,V_APS_Report41,19337,,,,温广燕,2026-01-16 11:45:56,41472
False,ModifiedByName,nvarchar,10,修改姓名,100,True,False,False,,False,False,,,,,,,,,,,True,,,,,,,APS_AssessmentMachine,27575,,,,system,2026-01-22 15:16:30,41602
False,Remark2,nvarchar,10,操作,80,True,False,False,,False,False,,,,,,,,,,custom,True,,right,"[{name: '输出字段表', type: ""warning"", icon: '',methods:'outputField', condition: (row) => { return (row) } }]",,,,APS_InterfaceSAPOutput,9032,,,,陈坤和,2026-01-14 15:11:42,39168
False,Status,int,10,状态,80,True,True,False,combobox,True,False,,,,,,,,,,,True,数据状态,,,,,,V_APS_DayPlanForPlanName,11148,,,,system,2025-11-05 16:17:27,38539
False,Status,int,10,状态,80,True,True,False,combobox,True,False,,,,,,,,,,,True,数据状态,,,,,,V_APS_MOPlanStep4V2,7956,,,,system,2025-11-05 16:17:27,38607
False,ViewSort,int,10,排序,50,True,True,False,numberbox,False,False,,,,,,,,,,,True,,,,,,,V_Dev_Organize,3026,,,,廖尚华,2026-06-01 09:28:23,38974
False,PurchaseQty,decimal,10,总需求(含损耗),80,True,False,False,numberbox,False,False,,,,,,,,,,,True,,,,,,,V_APS_MaterialBalancePlan,27524,,,,江科,2025-11-08 11:57:15,38513
False,CompletionQty,decimal,10,入库数,80,True,False,False,numberbox,False,False,,,,,,,,,,,True,,,,,,,V_APS_SalesOrderDetailDelivery,26509,,,,温广燕,2025-10-28 15:07:39,37130
False,OldQty,decimal,10,原数量,80,True,False,False,numberbox,False,False,,,,,,,,,,,True,,,,,,,V_APS_OrderSplitLog,16234,,,,吴鑫鹏,2025-10-25 10:56:03,37359
False,Points,decimal,10,点数,80,True,False,False,numberbox,False,False,,,,,,,,,,,True,,,,,,,APS_ProcessMaterialHistory,26519,,,,system,2025-10-29 20:30:04,38018
False,ProcessName,nvarchar,10,工序,100,True,False,False,textbox,False,False,,,,,,,,,,,True,,,,,,,V_APS_ProcessMaterialHistory,26520,,,,陈坤和,2025-10-29 21:02:18,38106
False,Status,int,10,状态,80,True,True,False,combobox,True,False,,,,,,,,,,,True,数据状态,,,,,,APS_MaterialOrg,25480,,,,system,2025-09-09 10:09:42,33935
False,IsEnable,bit,10,启用,80,True,True,False,checkbox,False,False,,,,,,,,,,,True,,,,,,,V_APS_Report51,19326,,,,吴鑫鹏,2025-09-19 10:57:37,34365
False,UnCompletionQty,decimal,10,未入库,70,True,False,False,numberbox,False,False,,,,,,,,,,,True,,,,,,,V_APS_OrderInfo,13,,,,管理员,2025-12-06 15:58:02,35889
False,Code,varchar,10,物料编码,80,True,False,False,textbox,False,False,,,,True,,,,,,custom,True,,,,,,,V_APS_Report49,19329,,,,管理员,2025-12-25 15:48:04,35538
False,APSDeliveryReplyStartDate,datetime,10,开始交货(计算),110,True,False,False,datebox,False,False,,,,,,,,,,,True,,,,,,,V_APS_SalesOrderDeliveryReplyInfo,26495,,,,江科,2025-10-21 15:53:23,35244
False,CompletionQty,decimal,10,进仓数量,80,True,False,False,numberbox,False,False,,,,,,,,,,,True,,,,,,,V_APS_Report19,7920,,,,管理员,2025-11-06 16:31:20,36661
False,ModifiedByName1,nvarchar,10,更新人,100,True,False,False,textbox,False,False,,,,,,,,,,,True,,,,,,,V_APS_MaterialLadderLossRelated,26503,,,,江科,2025-10-21 18:06:21,36993
False,Capacity,numeric,10,标准产能,60,True,False,False,numberbox,False,False,,,,,,,,,,,True,,,,,,,V_APS_MOPlanStep4V9,9016,,,,廖尚华,2026-03-18 16:21:29,36003
False,IsScheduling,varchar,10,是否排产,60,True,False,False,checkbox,False,False,,,,,,,,,,,True,,,,,,,V_PWS_ProcessMaterial,5096,,,,范龙生,2026-03-17 12:08:31,44510
False,ProcessPartName,nvarchar,10,工段,100,True,False,False,textbox,False,False,,,,True,,,,,,,True,,,,,,,V_APS_ProcessPartMaterial2,28595,,,,管理员,2026-04-24 13:30:16,44255
False,ProcessPartName,nvarchar,10,工段名称,80,True,True,False,textbox,False,False,,,,True,,,,,,,True,,,,,,,APS_ProcessPartMaterialImport,28596,,,,江老师,2026-03-17 14:36:42,44230
False,ProcessPartName,nvarchar,10,工段名称,100,True,True,False,textbox,False,False,,,,,,,,,,,True,,,,,,,APS_ProcessPartMaterial,28594,,,,system,2026-03-14 16:32:12,44162
False,Month1Forecast,decimal,10,1月预测,80,True,False,False,numberbox,False,False,,,,,,,,,,,True,,,,,,,V_APS_SalesOrderDetailPlanLine,12192,,,,温广燕,2026-05-29 11:26:33,44093
False,ProcessPartName,nvarchar,10,工段名称,80,True,False,False,textbox,False,False,,,,True,,,,,,,True,,,,,,,V_APS_ProcessPartMaterial,28593,,,,江老师,2026-03-17 14:38:24,44201
False,ActualTime,decimal,10,实测工时,80,True,False,False,numberbox,False,False,,,,,,,,,,,True,,,,,,,V_APS_ProcessMaterialError,5126,,,,江老师,2026-03-06 08:12:12,42546
False,Assessor,nvarchar,10,考核人,100,True,False,False,textbox,False,False,,,,,,,,,,,True,,,,,,,Dev_PositionExamRecord,28587,,,,温广燕,2026-03-05 18:03:21,42801
False,CreatedOn,datetime,10,创建日期,130,True,False,False,,False,False,,,,,,,,,,,True,,,,,,,V_Dev_PositionDetail,28586,,,,江老师,2026-03-06 12:06:22,42844
False,Assessor,nvarchar,10,考核人,60,True,True,False,textbox,False,False,True,,,,,,,,,,True,,,,,,,V_Dev_PositionExamRecord,28584,,,,管理员,2026-04-28 10:56:08,42883
False,LevelPath,varchar,10,层级,60,True,False,False,textbox,False,False,,升序,,False,,,,,,,True,,,,,,,V_APS_Report32,7909,,,,江老师,2026-03-10 10:34:09,43012
False,OrganizeName,nvarchar,10,所属组织,100,True,False,False,textbox,False,False,,,False,,,,,,,,True,,,,,,,V_APS_LineAttendance,10113,,,,管理员,2026-03-11 15:37:01,43617
False,TotalAbsenteeismPeoples,int,10,旷工,100,True,False,False,numberbox,False,False,,,,,,,,,SUM,,True,,,,,,,V_APS_SalesOrderDetailDeliver3Total,27540,,,,温广燕,2026-03-13 13:20:22,43808
False,ReportQty,decimal,10,MES报工,80,True,False,False,numberbox,False,False,,,,,,,,,,,True,,,,,,,V_APS_PrepareView4,7790,,,,江老师,2026-03-12 10:45:27,43639
False,ERPStatus,nvarchar,10,ERP状态,80,True,False,False,textbox,False,False,,,,,,,,,,,True,,,,,,,V_APS_OrderWarning,28588,,,,system,2026-03-12 11:34:05,43671
False,OutOrganizeName,nvarchar,10,调出组织,100,True,False,False,textbox,False,False,,,,,,,,,,,True,,,,,,,V_APS_LineAttendanceDetail,10118,,,,温广燕,2026-03-12 11:40:05,43663
False,CreatedByName,nvarchar,10,创建姓名,100,True,False,False,,False,False,,,,,,,,,,,True,,,,,,,MES_RouteReport,28592,,,,system,2026-03-13 09:12:04,44055
False,MonthDifferenceRace,numeric,10,差异率,70,True,False,False,,False,False,,,,,,,{0:P2},,,,True,,,,,,,V_APS_OrderForCheck,5053,,,,江老师,2026-03-16 10:55:09,44043
False,WeekAttendanceOverTimes,decimal,10,平日加班工时,90,True,False,False,numberbox,False,False,,,,,,,,,,,True,,,,,,,V_APS_SchedulingOutByOrder,73,,,,江老师,2026-03-12 15:27:23,43831
False,Qty,decimal,10,订单数,100,True,False,False,numberbox,False,False,,,,,,,,,,,True,,,,,,,V_APS_Report14,7848,,,,管理员,2026-04-28 20:36:08,45866
False,CreatedBy,varchar,10,创建账号,100,True,False,False,,False,False,,,,,,,,,,,True,,,,,,,MES_OrderRouteReport,28639,,,,system,2026-05-05 16:31:34,46910
False,CompletionQty,decimal,10,入库,80,True,False,False,numberbox,False,False,,,,,,,,,,,True,,,,,,,V_APS_MOPlanStep5,7769,,,,温广燕,2026-05-13 16:38:05,47293
False,DefaultLineID,int,10,生产线,80,True,False,False,combobox,False,False,,,,False,,,,,,,True,线体,,,,,,V_APS_OrderPlanChange,7970,,,,范龙生,2026-05-15 09:26:23,47095
False,FormQty,decimal,10,齐套数,60,True,False,False,numberbox,False,False,,,,,,,{0:G0},,,,True,,,,,,,V_APS_Report1,7842,,,,廖尚华,2026-06-03 09:38:45,46728
False,SumOpenCreAmount,int,10,当月产值,80,True,False,False,numberbox,False,False,,,,,,,"{0: #,##0}",,SUM,,True,,,,,,,V_APS_Report18,7922,,,,管理员,2026-04-27 16:52:05,46546
False,CreatedOn,datetime,10,提交时间,100,True,False,False,,False,False,,,,,,,,,,,True,,,,,,,V_APS_Report24,7916,,,,温广燕,2026-05-20 15:58:20,47546
False,DailyQty,decimal,10,当日MES产出,80,True,False,False,numberbox,False,False,,,,,,,,,,,True,,,,,,,V_APS_PrepareView5,7789,,,,温广燕,2026-05-19 17:55:33,47445
False,DetailInfo,nvarchar,10,计划明细,150,True,False,False,textbox,False,False,,,,,,,,,,,True,,,,,,,V_APS_OrderPlanMaterialForm,5165,,,,廖尚华,2026-06-04 14:41:55,48208
False,Spec,nvarchar,10,物料描述,200,True,False,False,textbox,False,False,,,,,,,,,,,True,,,,,,,V_APS_ProcessPlanHistoryForWeek3,28646,,,,廖尚华,2026-06-04 17:40:58,48221
False,Qty,decimal,10,订单数量,80,True,False,False,numberbox,False,False,,,,,,,,,,,True,,,,,,,V_APS_OrderForPrepare3,7975,,,,温广燕,2026-06-01 14:32:52,47894
False,PCB,varchar,10,PCB板,80,True,False,False,textbox,False,False,,,,True,,,,,,,True,,,,,,,V_APS_OrderForPrepare2,7974,,,,廖尚华,2026-06-04 16:45:08,47812
False,StockQtyAll,decimal,10,库存数,80,True,False,False,numberbox,False,False,,,,,,,,,,,True,,,,,,,V_APS_OrderForPrepare,7973,,,,温广燕,2026-05-27 13:35:04,47817
False,SalesOrderNo,varchar,11,销售订单,90,True,False,True,textbox,False,False,False,,,True,,,,,,,True,,,,,,,V_APS_Report21,7919,,,,江老师,2026-03-10 09:58:41,42971
False,ConfirmedQty,decimal,11,确认数量,80,True,True,True,numberbox,False,False,,,,,,,,,SUM,,True,,,,,,,V_APS_ProductionReportMt,28573,,,,温广燕,2026-03-13 13:40:31,42516
False,Spec,nvarchar,11,规格型号,400,True,False,True,textbox,False,False,,,,True,模糊匹配,,,,,custom,True,,,,,,,V_APS_ProcessMaterialPartError,28601,,,,管理员,2026-04-21 15:27:24,44427
False,Spec,nvarchar,11,规格型号,100,True,False,True,textbox,False,False,,,,,,,,,,,True,,,,,,,V_APS_MaterialForecast,8978,,,,温广燕,2026-04-24 09:57:03,44348
False,QPA,decimal,11,用量,70,True,False,True,numberbox,False,False,,,,,,,,,,,True,,,,,,,V_APS_MaterialForecastForm,28598,,,,管理员,2026-04-13 11:35:19,44392
False,DeliveryDate,datetime,11,订单交期,80,True,False,True,datebox,False,False,,倒序,,True,,当前月,{0:yyyy-MM-dd},,,,True,,,,,,,V_APS_SalesOrderDetailDelivery,26509,,,,江科,2025-11-06 10:02:39,36903
False,ViewSort,int,11,顺序,50,True,False,True,numberbox,False,False,,升序,,,,,,,,,True,,,,,,,V_APS_ProcessPlanForSchedinng,5168,,,,江科,2025-10-15 20:22:44,36266
False,StockQtyAll,decimal,11,库存汇总,120,True,False,True,numberbox,False,False,,,,,,,,,,,True,,,,,,,V_APS_MaterialBalanceTotalHistory,26521,,,,江老师,2026-03-12 10:53:30,38065
False,Extend1,varchar,11,交互系统,80,True,True,True,textbox,False,False,True,升序,True,,,,,,,custom,True,,,,,,,APS_InterfaceSAP,9030,,,,廖尚华,2026-05-21 16:54:38,39113
False,Code,varchar,11,物料编码,80,True,False,True,textbox,False,False,,,,True,,,,,,,True,,,,,,,V_APS_POSummary,25460,,,,管理员,2026-01-27 23:28:16,42199
False,Voltage,nvarchar,11,老化电压,80,True,False,True,textbox,False,False,,,,,,,,,,,True,,,,,,,APS_ProductAgingCondition_JDY,27555,,,,管理员,2025-12-25 15:07:45,39775
False,ApplyCheckMan,nvarchar,11,报检人,70,True,False,True,textbox,False,False,,,,,,,,,,,True,,,,,,,APS_ProductCheck_JDY,27536,,,,管理员,2025-12-24 08:25:50,39345
False,SalesOrderNo,varchar,11,销售订单,80,True,False,True,textbox,False,False,False,倒序,False,True,,,,,,,True,,,,,,,V_APS_SalesOrderDetailALL,6694,,,,陈坤和,2026-01-27 15:41:15,12405
False,APSDemandDay,datetime,11,送货日期,80,True,False,True,datebox,False,False,,升序,,True,范围,,{0:yyyy-MM-dd},,,custom,True,,,,,,,V_APS_DeliveryDataDetail,8998,,,,管理员,2026-04-27 14:23:25,26256
False,MaterialName,nvarchar,11,物料名称,90,True,False,True,textbox,False,False,True,,,True,,,,,,custom,True,,,,,,,V_APS_MOPlanStep1V12,9021,,,,廖尚华,2026-05-28 10:16:04,24763
False,ItemCode,varchar,11,物料编码,90,True,False,True,textbox,False,False,,升序,,True,,,,,,custom,True,,,,,,,APS_DeliveryData,8993,,,,廖尚华,2026-01-07 14:13:50,25228
False,MaterialName,nvarchar,11,物料名称,100,True,False,True,textbox,False,False,,,,True,,,,,,custom,True,,,,,,,V_APS_SalesPlanProcessMaterialDayTotal,6723,,,,江科,2025-09-09 09:18:47,26685
False,StockQty,decimal,11,库存,60,True,False,True,numberbox,False,False,False,,False,False,,,{0:G0},,,custom,True,,,,,False,,V_APS_Report17,7843,False,,,廖尚华,2026-05-22 11:39:23,14950
False,MaterialName,nvarchar,11,物料名称,90,True,False,True,textbox,False,False,False,,,,,,,,,custom,True,,,,,,,V_APS_MOPlanStep4,6734,,,,管理员,2026-06-16 09:50:23,13799
False,Spec,nvarchar,11,物料规格,220,True,False,True,textbox,False,False,False,,,,,,,,,custom,True,,,,,,,V_APS_OrderPrepareReport,7804,,,,江老师,2026-03-03 10:23:16,13762
False,MaterialName,nvarchar,11,物料名称,220,True,False,True,textbox,False,False,,,,True,,,,,,custom,True,,,,,,,V_OrderPlan5,11181,,,,江科,2025-09-09 09:18:48,19911
False,DocNo,varchar,11,单号,80,True,False,True,textbox,False,False,,,,True,,,,,,custom,True,,,,,,,APS_PR,7898,,,,江科,2025-09-26 20:12:26,21484
False,Spec,nvarchar,11,规格型号,150,True,False,True,textbox,False,False,,,,True,模糊匹配,,,,,custom,True,,,,,,,V_APS_MaterialMaintain,10110,,,,陈坤和,2026-01-27 15:42:48,21516
False,Code,varchar,11,物料编码,150,True,False,False,textbox,False,False,,,,,,,,,,custom,True,,,,,,,V_APS_BusinessOrderDetailV2,10117,,,,江科,2025-09-09 09:16:22,19623
False,Code,varchar,11,物料编码,80,True,False,False,textbox,False,False,,,,True,,,,,,custom,True,,,,,,,V_APS_BusinessOrderTask,11184,,,,江科,2025-09-09 09:16:22,19786
False,AbnormalReason,nvarchar,11,异常描述,400,True,True,False,textbox,False,False,True,,,False,,,,,,custom,True,,,,,,,APS_AbnormalReason,7770,,,,江科,2025-09-28 09:48:34,20058
False,ModifiedByName,nvarchar,11,维护人员,100,True,False,False,,False,False,,,,,,,,,,,True,,,,,,,V_APS_LineAttendanceDetail,10118,,,,温广燕,2026-03-12 11:40:05,21625
False,Qty,decimal,11,工单数,65,True,False,False,numberbox,False,False,,,,,,,,,SUM,,True,,,,,,,V_APS_Report10,7833,,,,管理员,2026-04-14 09:29:08,23721
False,Extend16,nvarchar,11,物料编码,150,True,True,False,textbox,True,False,True,,,True,,,,,,,True,,,,,,,V_APS_OrderRework,17254,,,,温广燕,2026-03-10 13:39:36,24173
False,HistoryOweQty,decimal,11,历史需求,100,True,False,False,numberbox,False,False,,,,,,,,,SUM,,True,,,,,,,V_APS_DeliveryData2,17277,,,,温广燕,2026-06-01 14:25:05,26645
False,ProcessGroupName,nvarchar,11,订单工艺,550,True,False,False,textbox,False,False,True,,,True,,,,,,,True,,,,,,,V_APS_OrderInfo,13,,,,江老师,2026-03-06 11:44:43,27643
False,SuplierCode,varchar,11,代码,80,True,False,False,textbox,False,False,,,,True,模糊匹配,,,,,custom,True,,,,,,center,V_APS_DeliveryRule,8992,,,,温广燕,2026-01-28 10:56:49,25198
False,FreezeCompletionOrderCountP,numeric,11,投产达成率,110,True,False,False,numberbox,False,False,,,,,,,{0:P0},,,,True,,,,,,,V_APS_PrepareView10,7853,,,,管理员,2026-06-16 13:49:04,29126
False,MesQty,decimal,11,报工数量,90,True,False,False,numberbox,False,False,,,,,,,,,,,True,,,,,,,V_APS_PrepareView9,7852,,,,管理员,2026-06-16 13:46:28,29143
False,Code,varchar,11,物料编码,70,True,False,False,textbox,False,False,,,,True,,,,,,custom,True,,,,,,,V_APS_OrderProductionCollect,3015,,,,江科,2025-09-09 09:16:22,32873
False,F10,nvarchar,11,物料名称,140,True,True,False,textbox,False,False,True,,False,False,,,,,,custom,True,,,,,False,,APS_Renewal,6716,False,,,江科,2025-09-09 09:18:47,12920
False,MaterialName,nvarchar,11,物料名称,150,True,False,False,textbox,False,False,False,,,,,,,,,custom,True,,,,,,,APS_AbnomalRecord,6661,,,,江科,2025-09-09 09:18:47,11741
False,Code,varchar,11,物料编码,150,True,False,False,textbox,False,False,False,,,,,,,,,custom,True,,,,,,,V_APS_InputOrder,5623,,,,江科,2025-09-09 09:17:09,10347
False,Price,decimal,11,单价,70,True,False,False,combobox,False,False,False,,False,True,大于0,,,查看金额,,custom,True,是否10,,,,,,V_PWS_WJProcessMaterial,5605,False,,,管理员,2026-01-27 23:30:06,9966
False,StockQty,decimal,11,库存,60,True,False,False,numberbox,False,False,False,,False,False,,,,,,,True,,,,,False,,V_APS_OrderPlanMaterialForm,5165,False,,,廖尚华,2026-06-04 14:42:05,9076
False,Code,varchar,11,物料编码,180,True,False,False,textbox,False,False,False,,False,True,,,,,,custom,True,,,,,,,V_OrderPlanProcess,5169,False,,,江科,2025-09-09 09:17:09,9257
False,Seconds,decimal,11,标准工时,80,True,False,False,numberbox,False,False,False,,,,,,,,,custom,True,,,,,,,V_APS_ProcessMaterialError,5126,,,,江老师,2026-03-06 08:12:12,9710
False,Price,decimal,11,单价,80,True,True,False,numberbox,True,False,True,,,,,,{0:G0},查看金额,,custom,True,,,,,,,V_MES_OrderOutputPersonsForGroup,5124,,,,管理员,2026-01-27 23:30:06,7754
False,Price,decimal,11,单价,80,True,True,False,numberbox,False,False,True,,,False,,,,查看金额,,custom,True,,,,,,,V_MES_OrderOutputPersonsForAuditHour,5129,False,,,管理员,2026-01-27 23:30:06,7886
False,TotalHours,decimal,11,总工时,80,True,True,False,numberbox,False,False,False,,,,,,,,,custom,True,,,,,,,V_APS_OrganizeWorkingTimesDetail,97,,,,廖尚华,2026-05-25 08:25:15,8449
False,Price,decimal,11,单价,80,True,False,False,numberbox,True,False,False,,,False,,,,查看金额,,custom,True,,,,,,,V_MES_OrderOutputPersonsForAudit,5123,False,,,管理员,2026-01-27 23:30:06,7706
False,Remark2,nvarchar,11,默认编辑,80,True,True,False,textbox,False,False,True,,False,False,,选择项1,,,,,True,,,,,,,Dev_Dictionary,33,False,,,管理员,2026-04-24 10:52:38,347
False,IsKey,bit,11,主键,50,True,True,False,checkbox,False,False,False,,,False,,,,,,custom,True,,,,,,,V_DictionaryField,35,,,,温广燕,2026-03-16 14:26:59,734
False,Qty,real,11,数量,70,True,False,False,numberbox,False,False,False,,,False,,,,,,custom,True,,,,,,,V_APS_OrderPicking,3010,,,,管理员,2026-01-19 14:56:36,3944
False,ProcessName,nvarchar,11,工序名称,120,True,True,False,textbox,False,False,True,,False,True,,,,,,,True,,,,,False,,V_APS_Process,1182,False,,,管理员,2025-11-28 14:01:02,3137
False,Code,varchar,11,物料编码,150,True,True,False,textbox,False,False,True,,,True,,,,,,custom,True,,,,,,,V_APS_MaterialForFinished,1183,,,,江科,2025-09-09 09:17:09,3167
False,TotalPrices,decimal,11,总金额,150,True,True,False,numberbox,False,False,True,,,False,,,,查看金额,,custom,True,,,,,,,V_WMS_DeliveryPlanForNewByNO,5066,False,,,管理员,2026-01-27 23:30:06,6289
False,TotalPrices,float,11,总金额,150,True,True,False,numberbox,False,False,True,,,False,,,,查看金额,,custom,True,,,,,,,V_WMS_ReceiptDetailByNO,5065,False,,,管理员,2026-01-27 23:30:06,6276
False,Code,varchar,11,物料编码,150,True,True,False,textbox,False,False,True,,,False,,,,,,custom,True,,,,,,,V_APS_Material2,3066,,,,江科,2025-09-09 09:17:09,5130
False,Code,varchar,11,物料编码,150,True,True,False,textbox,False,False,True,,,,,,,,,custom,True,,,,,,,V_APS_Material2,5032,,,,江科,2025-09-09 09:17:09,4764
False,ModifiedByName,nvarchar,11,修改姓名,100,True,False,False,,False,False,,,,,,,,,,custom,True,,,,,,,APS_InterfaceSAPOutputField,9033,,,,陈坤和,2026-01-14 15:16:34,39184
False,Spec,nvarchar,11,规格型号,100,True,False,False,textbox,False,False,,,,,,,,,,,True,,,,,,,APS_ToolingRegister_JDY,27556,,,,管理员,2026-04-29 10:37:28,39872
False,CustomerName,nvarchar,11,客户名称,250,True,False,False,textbox,False,False,,,,,,,,,,,True,,,,,,,V_APS_Report60,19318,,,,管理员,2026-04-29 10:04:55,39919
False,CustomerName,nvarchar,11,客户,150,True,False,False,textbox,False,False,,,,,,,,,,,True,,,,,,,V_APS_QualityAbnormalityCase,27562,,,,陈坤和,2026-01-31 11:56:56,40681
False,CustomerCode,varchar,11,客户代码,100,True,False,False,textbox,False,False,,,,,,,,,,,True,,,,,,,V_APS_NewProductTrial,27561,,,,陈坤和,2026-01-31 11:56:28,40644
False,DemandQty,decimal,11,预测需求,100,True,False,False,numberbox,False,False,,,,,,,,,,,True,,,,,,,V_APS_Report45,19333,,,,温广燕,2026-05-27 12:09:22,40368
False,ProductCode,varchar,11,产品编号,130,True,False,False,textbox,False,False,,,,True,,,,,,,True,,,,,,,APS_TempChangeRequest,27558,,,,陈坤和,2026-01-31 11:57:17,40619
False,OnloadQty,decimal,11,采购在途,50,True,False,False,numberbox,False,False,,,,,,,,,,,True,,,,,,,V_APS_PrepareView6,7788,,,,管理员,2026-03-02 08:33:45,41912
False,SalesOrderNo,varchar,11,销售订单,80,True,False,False,textbox,False,False,,,,,,,,,,,True,,,,,,,V_APS_SalesOrderWarning,28571,,,,陈坤和,2026-01-27 15:42:14,42036
False,OnloadQty,decimal,11,采购在途,50,True,False,False,numberbox,False,False,,,,,,,,,,,True,,,,,,,V_APS_MaterialOrg,25481,,,,管理员,2026-01-26 11:29:00,41804
False,Explain,varchar,11,解析,100,True,False,False,textbox,False,False,,,,,,,,,,,True,,,,,,,V_APS_SalesOrderBom,26496,,,,温广燕,2026-01-22 18:37:35,41758
False,Status,int,11,状态,60,True,True,False,combobox,False,False,,,,,,,,,,custom,True,数据状态,,,,,,APS_InterfaceSAPInput,9031,,,,温广燕,2025-12-22 16:12:05,39131
False,CreatedBy,varchar,11,创建账号,100,True,False,False,,False,False,,,,,,,,,,,True,,,,,,,APS_ProcessMaterialHistory,26519,,,,system,2025-10-29 20:30:04,38019
False,Modifyedon1,datetime,11,需要日期,110,True,False,False,datebox,False,False,,,,,,,,,,,True,,,,,,,V_APS_MaterialLadderLossConfig,26504,,,,温广燕,2025-10-22 16:08:09,37172
False,ERPID,varchar,11,ERPID,100,True,False,False,textbox,False,False,,,,,,,,,,,True,,,,,,,APS_ManualForecastDetail,9003,,,,system,2025-10-29 09:41:02,37931
False,PCDayCapacity,decimal,11,日产能,80,True,True,False,numberbox,False,False,,,,,,,,,,,True,,,,,,,V_APS_ProcessPlan,5585,,,,system,2025-10-14 16:49:59,36245
False,StockInDate,datetime,11,最新入库日期,110,True,False,False,datebox,False,False,,,,,,,,,,,True,,,,,,,V_APS_Report19,7920,,,,管理员,2025-11-06 16:24:00,36668
False,SignleCapacity,decimal,11,人均产能,50,True,False,False,numberbox,False,False,,,,,,,,,,,True,,,,,,,V_APS_MOPlanStep4V9,9016,,,,廖尚华,2026-03-18 16:21:29,36819
False,ProcessName,nvarchar,11,工序,80,True,False,False,textbox,False,False,,,,,,,,,,,True,,,,,,,V_APS_MOPlanStep1V10,9013,,,,管理员,2025-12-19 16:20:05,36101
False,APSDeliveryReplyEndDate,datetime,11,交货完成(计算),110,True,False,False,datebox,False,False,,,,,,,,,,,True,,,,,,,V_APS_SalesOrderDeliveryReplyInfo,26495,,,,江科,2025-10-21 15:53:23,35245
False,MaterialName,nvarchar,11,物料描述,130,True,False,False,textbox,False,False,,,,True,,,,,,custom,True,,,,,,,V_APS_Report49,19329,,,,管理员,2025-12-25 15:48:04,35531
False,PCDayCapacity,decimal,11,日产能,80,True,True,False,numberbox,False,False,,,,,,,,,,,True,,,,,,,APS_ProcessPlan,5154,,,,system,2025-10-09 17:19:35,35924
False,Month1Actual,decimal,11,1月下单,80,True,False,False,numberbox,False,False,,,,,,,,,,,True,,,,,,,V_APS_SalesOrderDetailPlanLine,12192,,,,温广燕,2026-05-29 11:26:33,44094
False,FormCount,int,11,齐料项,60,True,False,False,numberbox,False,False,,,,,,,,,,,True,,,,,,,V_APS_Report1,7842,,,,廖尚华,2026-06-03 09:38:45,45334
False,MaterialSubstitute,nvarchar,11,BOM替代料,100,True,False,False,textbox,False,False,,,,,,,,,,,True,,,,,,,V_APS_Report36,11153,,,,温广燕,2026-04-13 17:53:25,45242
False,EfficiencyRate,decimal,11,效率值,60,True,False,False,numberbox,False,False,,,,,,,{0:G3},,,,True,,,,,,,V_Dev_PositionExamRecord,28584,,,,管理员,2026-04-28 10:58:28,42887
False,ModifyedOn,datetime,11,修改日期,130,True,False,False,,False,False,,,,,,,,,,,True,,,,,,,V_Dev_PositionDetail,28586,,,,江老师,2026-03-06 12:06:23,42845
False,WeekendAttendanceOverTimes,decimal,11,周末加班工时,90,True,False,False,numberbox,False,False,,,,,,,,,,,True,,,,,,,V_APS_SchedulingOutByOrder,73,,,,江老师,2026-03-12 15:27:23,43832
False,ModifiedBy,varchar,11,修改账号,100,True,False,False,,False,False,,,,,,,,,,,True,,,,,,,MES_RouteReport,28592,,,,system,2026-03-13 09:12:04,44056
False,ConfirmedQty,decimal,11,确认数量,80,True,False,False,numberbox,False,False,,,,,,,,,,,True,,,,,,,V_APS_PrepareView4,7790,,,,江老师,2026-03-12 10:45:27,43640
False,TotalRestPeoples,int,11,休息,100,True,False,False,numberbox,False,False,,,,,,,,,SUM,,True,,,,,,,V_APS_SalesOrderDetailDeliver3Total,27540,,,,温广燕,2026-03-13 13:20:22,43809
False,OutOrganizeID,int,11,调出组织,120,True,True,False,combobox,False,False,,,,,,,,,,,True,线体,,,,,,V_APS_LineAttendance,10113,,,,管理员,2026-03-11 15:37:01,43608
False,TotalUnCompletionQty,decimal,11,工单未入库,100,True,False,False,numberbox,False,False,,,,,,,,,,,True,,,,,,,V_APS_Report33,7907,,,,范龙生,2026-03-11 16:16:18,43158
False,TotalUnCompletionQty,decimal,11,工单未入库,100,True,False,False,numberbox,False,False,,,,,,,,,,,True,,,,,,,V_APS_PrepareView26,7976,,,,范龙生,2026-03-11 16:15:21,43362
False,StencilNO,varchar,11,钢网,150,True,False,False,textbox,False,False,,,,True,,,,,,,True,,,,,,,V_APS_OrderForPrepare2,7974,,,,廖尚华,2026-06-04 16:45:08,47813
False,Extend16,nvarchar,11,群组,90,True,False,False,textbox,False,False,,,,True,,,,,,,True,,,,,,,V_APS_OrderPlanMaterialFormList,5594,,,,管理员,2026-06-16 13:36:19,47767
False,DemandQty,decimal,11,需求数,80,True,False,False,numberbox,False,False,,,,,,,,,,,True,,,,,,,V_APS_ProcessPlanHistoryForWeek3,28646,,,,廖尚华,2026-06-04 17:42:18,48222
False,ConfirmQty,decimal,11,当日确认产出,80,True,False,False,numberbox,False,False,True,,,,,,,,,,True,,,,,,,V_APS_PrepareView5,7789,,,,温广燕,2026-05-19 18:02:56,47448
False,LeaveDate1,datetime,11,离职时间,110,True,False,False,textbox,False,False,,,,,,,,,,,True,,,,,,,V_Dev_AccountEmployee,28585,,,,温广燕,2026-05-19 14:35:31,47433
False,StockQty,decimal,11,结余库存数,80,True,False,False,numberbox,False,False,,,,,,,,,,,True,,,,,,,V_APS_OrderForPrepare,7973,,,,温广燕,2026-05-27 13:35:04,47731
False,FormRate8,varchar,11,齐套率,70,True,False,False,textbox,False,False,True,,,,,,,,,,True,,,,,,,V_APS_MOPlanStep4V11,9019,,,,温广燕,2026-04-27 11:04:22,46488
False,PlanQty,decimal,11,计划数,80,True,False,False,numberbox,False,False,,,,,,,,,,,True,,,,,,,V_APS_MOPlanStep5,7769,,,,温广燕,2026-05-13 16:37:50,47294
False,CreatedByName,nvarchar,11,创建姓名,100,True,False,False,,False,False,,,,,,,,,,,True,,,,,,,MES_OrderRouteReport,28639,,,,system,2026-05-05 16:31:34,46911
False,TotalOweQty,decimal,12,总欠数,60,True,False,True,numberbox,False,False,,,,,,,,,,,True,,,,,,,V_APS_Report17,7843,,,,廖尚华,2026-05-22 11:39:23,45595
False,TotalHours,decimal,12,出勤工时,80,True,False,True,numberbox,False,False,,,,,,,,,,,True,,,,,,,V_APS_ProductionReportMt,28573,,,,温广燕,2026-03-13 13:41:22,44122
False,DemandQty,decimal,12,物料需求,80,True,False,True,numberbox,False,False,,,,,,,,,,,True,,,,,,,V_APS_MaterialForecastForm,28598,,,,管理员,2026-04-13 11:35:19,44394
False,Code,varchar,12,物料编码,90,True,False,True,textbox,False,False,,,,True,,,,,,,True,,,,,,,V_APS_Report50,19328,,,,江科,2025-10-27 15:35:05,37246
False,InterfaceName,varchar,12,接口名称,100,True,True,True,textbox,True,False,,,False,True,模糊匹配,,,,,custom,True,,,,,,,APS_InterfaceSAP,9030,,,,廖尚华,2026-05-21 16:54:38,39094
False,AllOnload,decimal,12,在途在制汇总,60,True,False,True,numberbox,False,False,,,,,,,,,,custom,True,,,,,,,V_APS_MaterialBalancePlan,27524,,,,江科,2025-11-08 11:55:54,38495
False,CustomerName,nvarchar,12,客户名称,200,True,False,True,textbox,False,False,,,,True,,,,查看客户,,,True,,,,,,,APS_ProductCheck_JDY,27536,,,,管理员,2025-12-24 08:25:50,39338
False,OrderNo,varchar,12,生产单号,100,True,False,True,textbox,False,False,False,,False,True,,,,,,,True,,,,,False,,V_APS_ProcessPlanForSchedinng,5168,False,,,江科,2025-10-15 20:22:44,9202
False,MaterialName,nvarchar,12,物料名称,200,True,False,True,textbox,False,False,False,,False,True,,,,,,custom,True,,,,,False,,V_APS_OrderPlanMaterialFormByItem,5158,False,,,江科,2025-09-09 09:18:48,8911
False,DocNo,varchar,12,收货单号,80,True,False,True,textbox,False,False,,,,True,,,,,,,True,,,,,,,V_APS_OrderInStock,10103,,,,管理员,2026-01-19 14:54:58,29371
False,ItemName,nvarchar,12,物料名称,120,True,False,True,textbox,False,False,,,,,,,,,,custom,True,,,,,,,APS_DeliveryData,8993,,,,廖尚华,2026-01-07 14:13:50,25229
False,Code,varchar,12,物料编码,80,True,False,True,textbox,False,False,,升序,,True,,,,,,,True,,,,,,,V_APS_OrderPlanMaterialFormByItem1,18289,,,,管理员,2026-04-28 16:27:19,28563
False,Qty,decimal,12,数量,50,True,False,True,numberbox,False,False,True,,,,,,,,,custom,True,,,,,,,V_APS_MOPlanStep1V12,9021,,,,廖尚华,2026-05-28 10:16:04,24652
False,Code,varchar,12,物料编码,80,True,False,True,textbox,False,False,,,,True,,,,,,custom,True,,,,,,,V_APS_Report30,7910,,,,江科,2025-09-09 09:16:22,23906
False,Code,varchar,12,物料编码,90,True,False,True,textbox,False,False,,,,True,,,,,,custom,True,,,,,,,APS_PR,7898,,,,江科,2025-09-26 20:13:44,21506
False,ProcessName,nvarchar,12,工序,70,True,False,True,textbox,False,False,False,,,True,,,,,,custom,True,,,,,,,V_APS_MOPlanStep4,6734,,,,管理员,2026-06-16 13:20:18,13801
False,MaterialName,nvarchar,12,物料名称,150,True,False,False,textbox,False,False,,,,,,,,,,custom,True,,,,,,,V_APS_BusinessOrderDetailV2,10117,,,,江科,2025-09-09 09:18:48,19660
False,ProcessName,nvarchar,12,工序,70,True,False,False,textbox,False,False,,,,,,,,,,custom,True,,,,,,,V_APS_Report10,7833,,,,管理员,2026-05-06 12:57:10,23833
False,ModifyedOn,datetime,12,维护时间,120,True,False,False,,False,False,,,,,,,,,,,True,,,,,,,V_APS_LineAttendanceDetail,10118,,,,温广燕,2026-03-12 11:40:05,21627
False,OweQty,decimal,12,需求合计,100,True,False,False,numberbox,False,False,,,,,,,,,SUM,,True,,,,,,,V_APS_DeliveryData2,17277,,,,温广燕,2026-06-01 14:25:05,26644
False,Qty,decimal,12,工单数,70,True,False,False,numberbox,False,False,,,,,,,,,,,True,,,,,,,V_APS_MOPlanStep1V9,9014,,,,吴鑫鹏,2025-09-27 10:46:44,24953
False,Extend10,nvarchar,12,属性,60,True,False,False,textbox,False,False,,,,True,,,,,,custom,True,,,,,,,V_APS_MaterialBOM,1185,,,,管理员,2026-03-02 11:26:25,29931
False,MesQtyP,decimal,12,产出达成率,110,True,False,False,numberbox,False,False,,,,,,,{0:P0},,,,True,,,,,,,V_APS_PrepareView9,7852,,,,管理员,2026-06-16 13:46:28,29144
False,Qty,decimal,12,排产数量,90,True,False,False,numberbox,False,False,,,,,,,,,,,True,,,,,,,V_APS_PrepareView10,7853,,,,管理员,2026-06-16 13:49:23,29127
False,SyncRate,int,12,同步频率,80,True,True,False,numberbox,False,False,,,,,,,,,,,True,,,,,,,Dev_Dictionary,33,,,,管理员,2026-04-24 10:52:05,33460
False,OrderNo,varchar,12,生产单号,200,True,False,False,textbox,False,False,,,,True,,,,,,,True,,,,,,,V_APS_DeliveryDataDetail,8998,,,,廖尚华,2026-04-27 16:31:35,33393
False,MaterialName,nvarchar,12,物料名称,180,True,False,False,textbox,False,False,False,,False,True,,,,,,custom,True,,,,,,,V_OrderPlanProcess,5169,False,,,江科,2025-09-09 09:18:45,9258
False,MaterialName,nvarchar,12,物料名称,180,True,False,False,textbox,False,False,False,,False,True,,,,,,custom,True,,,,,,,V_APS_DayPlanWorkReport,5167,False,,,江科,2025-09-09 09:18:45,9161
False,MaterialName,nvarchar,12,物料名称,150,True,False,False,textbox,False,False,False,,False,False,,,,,,custom,True,,,,,,,V_APS_DayPlanWorkReported,5583,False,,,江科,2025-09-09 09:18:45,9320
False,Price,decimal,12,单价,80,True,True,False,numberbox,False,False,True,,,,,,{0:G0},查看金额,,custom,True,,,,,,,PWS_ProcessMaterial,5093,,,,管理员,2026-01-27 23:30:06,6968
False,Price,decimal,12,单价,80,True,True,False,numberbox,False,False,True,,,,,,{0:G0},查看金额,,custom,True,,,,,,,PWS_ProcessPrice,5094,,,,管理员,2026-01-27 23:30:06,6982
False,ItemCode,varchar,12,物料编码,150,True,False,False,textbox,False,False,False,,,,,,,,,custom,True,,,,,,,Item_OrderPickListDateInfo7,5603,,,,江科,2025-09-28 10:11:51,9774
False,Code,varchar,12,物料编码,90,True,False,False,textbox,False,False,False,,False,True,,,,,,custom,True,,,,,False,,V_APS_SalesOrderDetail,5646,False,,,江科,2025-09-09 09:17:09,11070
False,SourceOrderNo,varchar,12,销售单,60,True,False,False,textbox,False,False,False,,False,True,,,,,,,True,,,,,False,,V_APS_OrderPlanMaterialFormList,5594,False,,,管理员,2026-06-16 13:36:19,11328
False,OncheckQty,decimal,12,质检,60,True,False,False,numberbox,False,False,False,,False,False,,,,,,,True,,,,,False,,V_APS_OrderPlanMaterialForm,5165,False,,,廖尚华,2026-06-04 14:42:05,10465
False,Code,varchar,12,物料编码,150,True,False,False,textbox,False,False,False,,,,,,,,,custom,True,,,,,,,V_APS_EK002,7761,,,,江科,2025-09-09 09:17:09,13373
False,MaterialType,nvarchar,12,物料类型,80,True,False,False,textbox,False,False,,,,,,,,,,,True,,,,,,,APS_ToolingRegister_JDY,27556,,,,管理员,2026-04-29 10:40:08,39871
False,Spec,nvarchar,12,规格,100,True,False,False,textbox,False,False,,,,,,,,,,,True,,,,,,,V_APS_Report49,19329,,,,温广燕,2025-12-24 09:36:33,39607
False,Remark1,nvarchar,12,判定,300,True,True,False,,False,False,,,,,,,,,,,True,,,,,,,V_APS_AssessmentHR,27571,,,,吴鑫鹏,2026-01-22 15:47:40,41647
False,ERPID,varchar,12,ERPID,100,True,False,False,textbox,False,False,,,,,,,,,,,True,,,,,,,APS_OrganizeDemandOrder,26524,,,,system,2025-10-30 16:15:32,38187
False,Status,int,12,状态,60,True,True,False,combobox,False,False,,,,,,,,,,custom,True,数据状态,,,,,,APS_InterfaceSAPOutput,9032,,,,廖尚华,2025-11-28 16:07:04,39160
False,TotalPeoples,int,12,组织人数,80,True,False,False,numberbox,False,False,,,,,,,,,,,True,,,,,,,V_APS_OrganizeWorkingTimesDetail,97,,,,管理员,2025-11-26 08:20:44,38705
False,StartDate,datetime,12,计划开始,110,True,False,False,datebox,False,False,,,,,,,,,,,True,,,,,,,APS_ManualForecastDetail,9003,,,,system,2025-10-29 09:41:02,37932
False,CreatedByName,nvarchar,12,创建姓名,100,True,False,False,,False,False,,,,,,,,,,,True,,,,,,,APS_ProcessMaterialHistory,26519,,,,system,2025-10-29 20:30:04,38020
False,StandardPeoples1,int,12,直接人数,80,True,False,False,numberbox,False,False,,,,,,,,,,,True,,,,,,,V_APS_ProcessMaterialHistory,26520,,,,陈坤和,2025-10-29 21:02:18,38101
False,NoWorkHours,bit,12,忽略工时,80,True,True,False,checkbox,False,False,,,,,,,,,,,True,,,,,,,APS_ProcessPlan,5154,,,,system,2025-10-09 17:19:35,35922
False,Qty,decimal,12,工单数,60,True,False,False,numberbox,False,False,,,,,,,,,,,True,,,,,,,V_APS_MOPlanStep1V2,7961,,,,廖尚华,2026-05-18 09:09:12,35945
False,Qty,decimal,12,订单数,80,True,False,False,numberbox,False,False,,,,,,,,,,,True,,,,,,,V_APS_SalesOrderBom,26496,,,,温广燕,2026-01-22 18:37:35,35232
False,PCStartDate,datetime,12,指定日期,110,True,True,False,datebox,False,False,,,,,,,,,,,True,,,,,,,APS_ProcessPlan,5154,,,,system,2025-09-15 15:40:50,34267
False,IsUsable,int,12,供需平衡计算,100,True,False,False,checkbox,False,False,,,,,,,,,,,True,,,,,,,V_WMS_Stock,76,,,,管理员,2026-01-19 15:13:57,34617
False,StandardPeoples,decimal,12,标准人数,50,True,False,False,numberbox,False,False,,,,,,,,,,,True,,,,,,,V_APS_MOPlanStep4V9,9016,,,,廖尚华,2026-03-18 16:21:29,36081
False,NoWorkHours,bit,12,忽略工时,80,True,True,False,checkbox,False,False,,,,,,,,,,,True,,,,,,,V_APS_ProcessPlan,5585,,,,system,2025-10-14 16:49:59,36243
False,ReplyCount,int,12,评估次数,80,True,False,False,numberbox,False,False,,,,,,,,,,,True,,,,,,,V_APS_SalesOrderDeliveryReplyInfo,26495,,,,管理员,2025-10-21 13:49:28,36826
False,CompletionDate,datetime,12,完工日期,80,True,False,False,datebox,False,False,,,,,,,{0:yyyy-MM-dd},,,,True,,,,,,,V_APS_SalesOrderDetailDelivery,26509,,,,江科,2025-11-06 10:01:45,36902
False,PCStartDate,datetime,12,指定日期,110,True,True,False,datebox,False,False,,,,,,,,,,,True,,,,,,,V_APS_ProcessPlan,5585,,,,system,2025-10-14 16:49:59,36246
False,ProducedQty,decimal,12,已报工,80,True,False,False,numberbox,False,False,,,,,,,,,,,True,,,,,,,V_APS_Report19,7920,,,,管理员,2025-11-06 16:32:35,36655
False,Status,int,12,单别,80,True,True,False,combobox,True,False,,,,,,,,,,,True,数据状态,,,,,,APS_ProcessPartName,24422,,,,system,2026-03-14 16:32:12,44175
False,Month2Forecast,decimal,12,2月预测,80,True,False,False,numberbox,False,False,,,,,,,,,,,True,,,,,,,V_APS_SalesOrderDetailPlanLine,12192,,,,温广燕,2026-05-29 11:26:33,44095
False,AlternativeCode,varchar,12,替代料编码,250,True,True,False,textbox,False,False,,,,,,,,,,,True,,,,,,,V_APS_Report36,11153,,,,管理员,2026-04-13 14:45:43,45113
False,NoSchedulingWeek,bit,12,不排,80,True,True,False,checkbox,False,False,,,,,,,,,,,True,,,,,,,V_APS_MOPlanStep2V10,9018,,,,廖尚华,2026-05-25 11:34:03,44948
False,UnFormCount,int,12,欠料项,60,True,False,False,numberbox,False,False,,,,,,,,,,,True,,,,,,,V_APS_Report1,7842,,,,廖尚华,2026-06-03 09:38:45,45335
False,Codes,nvarchar,12,无答复交期,300,True,False,False,textbox,False,False,,,,,,,,,,,True,,,,,,,V_APS_MaterialForecast,8978,,,,温广燕,2026-04-24 09:57:03,44747
False,Qty,decimal,12,工单数,70,True,False,False,numberbox,False,False,,,,,,,,,,,True,,,,,,,V_APS_MOPlanStep2V1,7943,,,,system,2026-03-31 16:50:16,44814
False,PositionLevelStr,nvarchar,12,岗位,450,True,False,False,textbox,False,False,,,,,,,,,,,True,,,,,,,V_APS_LineAttendance,10113,,,,江老师,2026-03-11 15:39:50,43616
False,TotalOutPeoples,int,12,借出,100,True,False,False,numberbox,False,False,,,,,,,,,,,True,,,,,,,V_APS_SalesOrderDetailDeliver3Total,27540,,,,温广燕,2026-03-13 13:20:22,43810
False,SourceOrderNo,varchar,12,销售订单,80,True,False,False,textbox,False,False,False,,,True,,,,,,,True,,,,,,,V_APS_OrderWarning,28588,,,,system,2026-03-12 11:34:05,43672
False,ModifiedByName,nvarchar,12,修改姓名,100,True,False,False,,False,False,,,,,,,,,,,True,,,,,,,MES_RouteReport,28592,,,,system,2026-03-13 09:12:04,44057
False,MonthAttendanceTimes,decimal,12,月总工时,80,True,False,False,numberbox,False,False,,,,,,,,,,,True,,,,,,,V_APS_SchedulingOutByOrder,73,,,,江老师,2026-03-12 15:14:19,43833
False,EfficiencyScore,decimal,12,效率分(40分),80,True,False,False,numberbox,False,False,,,,,,,{0:G3},,,,True,,,,,,,V_Dev_PositionExamRecord,28584,,,,管理员,2026-04-28 10:58:29,42888
False,AverageTime,decimal,12,平均时间,80,True,False,False,numberbox,False,False,,,,,,,,,,,True,,,,,,,V_APS_ProcessMaterialError,5126,,,,江老师,2026-03-06 08:12:12,42548
False,ModifiedBy,varchar,12,修改账号,100,True,False,False,,False,False,,,,,,,,,,,True,,,,,,,MES_OrderRouteReport,28639,,,,system,2026-05-05 16:31:34,46912
False,TotalPeoples,int,12,生产人数,80,True,True,False,numberbox,False,False,True,,,,,,,,,,True,,,,,,,V_APS_PrepareView5,7789,,,,温广燕,2026-05-19 18:02:56,47450
False,IssuedQty,decimal,12,已发料,80,True,False,False,numberbox,False,False,,,,,,,,,,,True,,,,,,,V_APS_ProcessPlanHistoryForWeek3,28646,,,,廖尚华,2026-06-04 17:42:29,48223
False,StockAndOnloadQty,decimal,12,结余库存+在途,80,True,False,False,numberbox,False,False,,,,,,,,,,,True,,,,,,,V_APS_OrderForPrepare,7973,,,,温广燕,2026-05-27 13:35:04,47816
False,Amount1,decimal,13,库存金额,120,True,False,True,numberbox,False,False,,,,,,,,查看金额,,,True,,,,,,,V_APS_MaterialBalanceTotalHistory,26521,,,,江老师,2026-03-12 10:53:30,42364
False,Name,nvarchar,13,员工姓名,80,True,False,True,textbox,False,False,,升序,True,True,,,,,,,True,,,,,,,V_APS_LineAttendanceDetailByMonth,28589,,,,陈坤和,2026-03-14 09:49:04,43999
False,StockQtyAll,decimal,13,可用库存汇总,60,True,False,True,numberbox,False,False,,,,,,,,,,custom,True,,,,,,,V_APS_MaterialBalancePlan,27524,,,,江科,2025-11-08 11:55:54,38484
False,MaterialName,nvarchar,13,物料名称,95,True,False,True,textbox,False,False,,,,True,,,,,,,True,,,,,,,V_APS_POSummary,25460,,,,管理员,2026-01-27 23:28:16,42256
False,Extend4,nvarchar,13,产品名称,100,True,False,True,textbox,False,False,,,,True,,,,,,,True,,,,,,,APS_SalesOrder_JDY,27537,,,,陈坤和,2026-04-14 15:36:07,39490
False,OrderNo,varchar,13,生产单号,80,True,False,True,textbox,False,False,,,,True,精确匹配,,,,,,True,,,,,,,V_APS_OrderInStock,10103,,,,范龙生,2026-01-21 17:18:26,40261
False,LineNum,int,13,行号,50,True,False,True,textbox,False,False,False,升序,,,,,,,,,True,,,,,,,V_APS_SalesOrderDetailALL,6694,,,,陈坤和,2026-01-27 15:41:15,12906
False,OrderNo,varchar,13,工单号,60,True,False,True,textbox,False,False,False,升序,False,True,精确匹配,,,,,,True,,,,,False,,V_APS_OrderPlanMaterialFormList,5594,False,,,管理员,2026-06-16 13:36:19,9660
False,Code,varchar,13,物料编码,80,True,False,True,textbox,False,False,True,,,True,,,,,,custom,True,,,,,,,V_APS_OrderBOMNew,5021,False,,,陈坤和,2026-04-23 16:50:18,4832
False,MaterialName,nvarchar,13,物料描述,105,True,False,True,textbox,False,False,True,,,False,,,,,,,True,,,,,,,V_APS_Order,49,,,,管理员,2026-04-28 07:58:07,655
False,PlanQty,decimal,13,计划数,65,True,True,True,numberbox,False,False,True,,,,,,,,,custom,True,,,,,,,V_APS_MOPlanStep1V12,9021,,,,廖尚华,2026-05-28 10:16:04,24771
False,Spec,nvarchar,13,规格,200,True,False,True,textbox,False,False,,,,True,,,,,,custom,True,,,,,,,APS_DeliveryData,8993,,,,廖尚华,2026-01-07 14:13:50,25230
False,LineNum,varchar,13,行号,60,True,False,True,textbox,False,False,False,,,,,,,,,,True,,,,,,,V_APS_Report21,7919,,,,江老师,2026-03-10 09:58:41,25578
False,MaterialName,nvarchar,13,物料描述,80,True,False,True,textbox,False,False,,,,True,,,,,,,True,,,,,,,V_APS_OrderPlanMaterialFormByItem1,18289,,,,管理员,2026-04-28 16:27:19,28564
False,FixedDay,int,13,提前期,80,True,True,True,numberbox,False,False,,,,,,,,,,custom,True,,,,,,,V_APS_MaterialMaintain,10110,,,,陈坤和,2026-01-27 15:42:48,21559
False,OrderNo,varchar,13,工单号,60,True,False,True,textbox,False,False,,,,True,,,,,,,True,,,,,,,V_APS_MOPlanStep2V10,9018,,,,廖尚华,2026-05-26 12:05:58,23236
False,MaterialName,nvarchar,13,物料名称,150,True,False,True,textbox,False,False,,,,True,,,,,,custom,True,,,,,,,V_APS_Report30,7910,,,,江科,2025-09-09 09:18:48,23907
False,MaterialName,nvarchar,13,物料名称,150,True,False,True,textbox,False,False,,,,True,,,,,,custom,True,,,,,,,APS_PR,7898,,,,江科,2025-09-26 20:13:44,21486
False,Code,varchar,13,物料编码,80,True,False,True,textbox,False,False,False,,,True,精确匹配,,,,,,True,,,,,,,V_APS_PO,6751,,,,陈坤和,2026-06-16 11:58:01,13967
False,OnloadQty,decimal,13,在途,60,True,False,True,numberbox,False,False,False,,False,False,,,{0:G0},,,custom,True,,,,,False,,V_APS_Report17,7843,False,,,廖尚华,2026-05-22 11:39:23,14971
False,UnIssuedQty1,decimal,13,生产需求,80,True,False,True,numberbox,False,False,False,,,,,,,,,custom,True,,,,,,,V_APS_OrderPrepareReport,7804,,,,陈坤和,2026-01-28 09:05:59,16125
False,MaterialName,nvarchar,13,物料名称,190,True,False,False,textbox,False,False,,,,True,,,,,,custom,True,,,,,,,V_APS_BusinessOrderTask,11184,,,,江科,2025-09-09 09:18:48,19787
False,Spec,nvarchar,13,规格型号,400,True,False,False,textbox,False,False,False,,,True,,,,,,custom,True,,,,,,,V_APS_Report39,10122,,,,陈坤和,2026-04-24 16:11:30,19199
False,IsAdd,bit,13,新增,50,True,True,False,checkbox,False,False,True,,,,,,,,,custom,True,,,,,,,V_DictionaryField,35,,,,温广燕,2026-03-16 14:26:59,19211
False,MaterialName,nvarchar,13,物料名称,150,True,False,False,textbox,False,False,,,,,,,,,,,True,,,,,,,V_APS_OrderRework,17254,,,,江科,2025-09-09 10:13:38,24135
False,PlanQty,decimal,13,计划数,70,True,False,False,numberbox,False,False,,,,,,,,,,,True,,,,,,,V_APS_MOPlanStep1V10,9013,,,,吴鑫鹏,2025-10-10 17:33:12,22403
False,IsMating,int,13,APS齐套计算,100,True,False,False,checkbox,False,False,,,,True,,,,,,,True,,,,,,,V_WMS_Stock,76,,,,管理员,2026-01-19 15:13:57,28538
False,POOweQty,decimal,13,分配送货,100,True,False,False,numberbox,False,False,,,,,,,,,,,True,,,,,,,V_APS_DeliveryData2,17277,,,,温广燕,2026-06-01 14:25:05,27512
False,DataSource,nvarchar,13,数据来源,100,True,False,False,textbox,False,False,,,,,,,,,,,True,,,,,,,Dev_Dictionary,33,,,,管理员,2026-04-24 10:52:04,33459
False,ViewSort,int,13,顺序,80,True,True,False,numberbox,False,False,,,,,,,,,,,True,,,,,,,V_APS_Report58,19320,,,,吴鑫鹏,2025-09-17 10:46:59,33753
False,MesQty,decimal,13,报工数量,90,True,False,False,numberbox,False,False,,,,,,,,,,,True,,,,,,,V_APS_PrepareView10,7853,,,,管理员,2026-06-16 13:49:23,29128
False,POPeriod,int,13,采购周期,80,True,False,False,numberbox,False,False,,,,,,,,,,,True,,,,,,,V_APS_MaterialBOM,1185,,,,管理员,2026-03-02 11:24:08,29928
False,Price,decimal,13,单价,80,True,True,False,numberbox,False,False,True,,,,,,{0:G0},查看金额,,custom,True,,,,,,,V_APS_Material2,5032,,,,管理员,2026-01-27 23:30:06,4766
False,Price,decimal,13,单价,80,True,True,False,numberbox,False,False,True,,,False,,,,查看金额,,custom,True,,,,,,,V_APS_Material2,3066,,,,管理员,2026-01-27 23:30:06,5132
False,ProcessCount,int,13,已关联,80,True,False,False,numberbox,False,False,False,,,False,,,,,,,True,,,,,,,V_APS_Process,1182,,,,管理员,2025-11-28 13:16:05,3153
False,Status,int,13,状态,80,True,True,False,combobox,False,False,True,,,,,选择项1,,,,,True,数据状态,,,,,,V_APS_ProcessGroupInfo,1186,,,,管理员,2025-11-21 15:51:29,3264
False,MaterialName,nvarchar,13,物料名称,150,True,True,False,textbox,False,False,True,,,False,,,,,,custom,True,,,,,,,V_MES_SSNStatus,3005,,,,江科,2025-09-09 09:18:45,3809
False,MaterialName,nvarchar,13,物料名称,150,True,False,False,textbox,False,False,True,,,,,,,,,custom,True,,,,,,,V_APS_OrderProductionCollect,3015,,,,江科,2025-09-09 09:18:48,4103
False,Price,decimal,13,单价,80,True,True,False,numberbox,False,False,True,,,,,,{0:G0},查看金额,,custom,True,,,,,,,V_PWS_ProcessPriceMaterial,5095,,,,管理员,2026-01-27 23:30:06,7014
False,Remark2,nvarchar,13,计划备注,80,True,False,False,,False,False,False,,,,,,,,,,True,,,,,,,V_APS_DayPlanForActive,6688,,,,江科,2025-09-09 16:56:37,12244
False,PODocs,varchar,13,在途采购单,180,True,False,False,textbox,False,False,False,,False,False,,,,,,,True,,,,,False,,V_APS_OrderPlanMaterialForm,5165,False,,,温广燕,2026-06-16 11:03:09,11334
False,ERPID,varchar,13,ERP主键ID,100,True,False,False,textbox,False,False,,,,,,,,,,,True,,,,,,,APS_QualityAbnormalityCase,27559,,,,system,2026-01-07 11:06:32,40570
False,ProductName,nvarchar,13,产品名称,100,True,False,False,textbox,False,False,,,,True,,,,,,,True,,,,,,,APS_TempChangeRequest,27558,,,,陈坤和,2026-01-31 11:57:17,40620
False,OweQty,decimal,13,欠数,80,True,False,False,numberbox,False,False,,升序,,,,,,,,,True,,,,,,,V_APS_Report45,19333,,,,温广燕,2026-05-27 12:09:22,40370
False,ERPID,varchar,13,ERP主键ID,100,True,False,False,textbox,False,False,,,,,,,,,,,True,,,,,,,APS_NewProductTrial,27560,,,,system,2026-01-07 11:06:32,40535
False,OrderNo,varchar,13,生产单号,80,True,False,False,textbox,False,False,,,,True,,,,,,,True,,,,,,,V_APS_NewProductTrial,27561,,,,陈坤和,2026-01-31 11:56:28,40645
False,Extend4,nvarchar,13,产品名称,100,True,False,False,textbox,False,False,,,,True,,,,,,,True,,,,,,,V_APS_SalesOrderDetail_JDY,27538,,,,system,2025-12-05 10:35:31,39434
False,ModifyedOn,datetime,13,修改日期,100,True,False,False,datebox,False,False,,,,,,,,,,custom,True,,,,,,,APS_InterfaceSAPOutputField,9033,,,,陈坤和,2026-01-14 15:16:34,39186
False,Temperature,nvarchar,13,老化温度,80,True,False,False,textbox,False,False,,,,,,,,,,,True,,,,,,,APS_ProductAgingCondition_JDY,27555,,,,陈坤和,2025-12-25 11:28:43,39776
False,Department,nvarchar,13,工装所属,80,True,False,False,textbox,False,False,,,False,,,,,,,,True,,,,,,,APS_ToolingRegister_JDY,27556,,,,管理员,2026-04-29 10:38:23,39798
False,SyncDatetime,datetime,13,同步日期,150,True,False,False,datebox,False,False,,,,,,,,,,,True,,,,,,,APS_ProductAgingCondition_JDY,27555,,,,廖尚华,2025-12-30 16:26:07,39769
False,LineNum,varchar,13,行号,50,True,False,False,textbox,False,False,,,,,,,,,,,True,,,,,,,V_APS_SalesOrderWarning,28571,,,,陈坤和,2026-01-27 15:42:14,41987
False,Remark2,nvarchar,13,备注,200,True,True,False,,False,False,,,,,,,,,,,True,,,,,,,V_APS_AssessmentHR,27571,,,,吴鑫鹏,2026-01-22 15:47:40,41648
False,Remark1,nvarchar,13,判定,300,True,True,False,,False,False,,,,,,,,,,,True,,,,,,,V_APS_AssessmentMachine,27572,,,,吴鑫鹏,2026-01-22 15:46:35,41668
False,Code,varchar,13,物料编码,80,True,False,False,textbox,False,False,,,,True,,,,,,,True,,,,,,,V_APS_Report57,19321,,,,管理员,2026-04-29 18:53:32,41126
False,MaterialName,nvarchar,13,机种,100,True,False,False,textbox,False,False,,,,True,,,,,,,True,,,,,,,V_APS_QualityAbnormalityCase,27562,,,,陈坤和,2026-01-31 11:56:56,40699
False,StartDate,datetime,13,开始,110,True,False,False,datebox,False,False,,,,,,,,,,,True,,,,,,,APS_OrganizeDemandOrder,26524,,,,system,2025-10-30 16:15:32,38188
False,InterfaceDescription,nvarchar,13,接口描述,130,True,True,False,textbox,False,False,,,,True,模糊匹配,,,,,custom,True,,,,,,,APS_InterfaceSAP,9030,,,,廖尚华,2026-05-21 16:54:38,39095
False,AllUnIssuedQty,decimal,13,需求汇总,80,True,False,False,numberbox,False,False,,,,,,,,,,,True,,,,,,,V_APS_MaterialBalanceHistory,26523,,,,陈坤和,2025-11-03 08:31:13,38045
False,ModifiedBy,varchar,13,修改账号,100,True,False,False,,False,False,,,,,,,,,,,True,,,,,,,APS_ProcessMaterialHistory,26519,,,,system,2025-10-29 20:30:04,38021
False,EndDate,datetime,13,计划完成,110,True,False,False,datebox,False,False,,,,,,,,,,,True,,,,,,,APS_ManualForecastDetail,9003,,,,system,2025-10-29 09:41:02,37933
False,ActualDeliveryDate,date,13,订单实际交期,100,True,False,False,datebox,False,False,,,,,,,,,,,True,,,,,,,V_APS_SalesOrderDetailDelivery,26509,,,,江科,2025-11-06 10:01:45,37908
False,OweProducedQty,decimal,13,未完成数,80,True,False,False,numberbox,False,False,,,,,,,,,,,True,,,,,,,V_APS_Report19,7920,,,,管理员,2025-11-06 16:31:20,36656
False,Remark1,nvarchar,13,不达成原因,200,True,True,False,textarea,False,False,,,,,,,,,,,True,,,,,,,V_APS_Report19,7920,,,,管理员,2025-11-06 16:43:33,36605
False,ReplyStatus,varchar,13,更新状态,100,True,False,False,textbox,False,False,,,,,,,,,,,True,,,,,,,V_APS_SalesOrderDeliveryReplyInfo,26495,,,,管理员,2025-10-21 13:50:16,36827
False,NoScheduling,bit,13,不排,80,True,True,False,checkbox,False,False,,,,,,,,,,,True,,,,,,,V_APS_ProcessPlan,5585,,,,system,2025-10-14 16:49:59,36244
False,Code,varchar,13,物料编码,100,True,False,False,textbox,False,False,,,,True,,,,,,,True,,,,,,,V_APS_Orderfinish,24427,,,,吴鑫鹏,2025-10-14 15:24:41,36125
False,TotalPeoples,int,13,组织人数,50,True,False,False,numberbox,False,False,,,,,,,,,,,True,,,,,,,V_APS_MOPlanStep4V9,9016,,,,廖尚华,2026-03-18 16:21:29,36028
False,MaterialName,nvarchar,13,物料名称,100,True,False,False,textbox,False,False,,,,,,,,,,,True,,,,,,,V_APS_Report46,19332,,,,陈坤和,2026-04-29 09:35:26,34751
False,ERPID,varchar,13,ERPID,100,True,False,False,textbox,False,False,,,,,,,,,,,True,,,,,,,APS_MaterialOrg,25480,,,,system,2025-09-09 10:09:42,33938
False,Extend14,nvarchar,13,物料分组,100,True,False,False,textbox,False,False,,,,True,,,,,,,True,,,,,,,V_APS_Report42,19335,,,,陈坤和,2026-03-23 17:30:49,35281
False,ReqQty,decimal,13,所需数量,80,True,False,False,numberbox,False,False,,,,,,,,,,custom,True,,,,,,,V_APS_Report49,19329,,,,管理员,2025-12-25 15:45:17,35532
False,POPeriod,int,13,采购周期,80,True,False,False,numberbox,False,False,,,,,,,,,,,True,,,,,,,V_APS_SalesOrderBom,26496,,,,温广燕,2026-01-22 18:37:35,35213
False,NoScheduling,bit,13,不排,80,True,True,False,checkbox,False,False,,,,,,,,,,,True,,,,,,,APS_ProcessPlan,5154,,,,system,2025-10-09 17:19:35,35923
False,PlanQty,decimal,13,计划数,60,True,False,False,numberbox,False,False,,,,,,,,,,,True,,,,,,,V_APS_MOPlanStep1V2,7961,,,,管理员,2026-04-23 15:54:46,35929
False,TotalInPeoples,int,13,调入,100,True,False,False,numberbox,False,False,,,,,,,,,,,True,,,,,,,V_APS_SalesOrderDetailDeliver3Total,27540,,,,温广燕,2026-03-13 13:20:22,43813
False,AdjustmentSuggestion,varchar,13,后续预测调整建议,120,True,False,False,textbox,False,False,,,,,,,,,,,True,,,,,,,V_APS_OrderForCheck,5053,,,,江老师,2026-03-16 10:55:09,44044
False,DiffNumber,decimal,13,差异数,100,True,False,False,numberbox,False,False,,升序,,True,小于,,,,,,True,,,,,,,V_APS_Report33,7907,,,,范龙生,2026-03-11 16:16:18,43046
False,ProcessCapacity,decimal,13,工序标准小时产能,80,True,False,False,numberbox,False,False,,,,,,,,,,,True,,,,,,,V_APS_ProcessMaterialError,5126,,,,江老师,2026-03-06 08:12:12,42549
False,ProcessCapacity,decimal,13,标准产能,80,True,False,False,numberbox,False,False,,,,,,,,,,,True,,,,,,,V_APS_ProductionReportMt,28573,,,,温广燕,2026-03-13 13:40:31,42455
False,QualityRate,decimal,13,品质值,60,True,False,False,numberbox,False,False,,,,,,,,,,,True,,,,,,,V_Dev_PositionExamRecord,28584,,,,管理员,2026-04-28 10:59:02,42889
False,CreatedByName,nvarchar,13,创建姓名,80,True,False,False,,False,False,,,,,,,,,,,True,,,,,,,V_Dev_AccountEmployee,28585,,,,江老师,2026-03-11 13:56:19,42815
False,DiffNumber,decimal,13,差异数,100,True,False,False,numberbox,False,False,,升序,,True,,,,,,,True,,,,,,,V_APS_PrepareView26,7976,,,,范龙生,2026-03-11 16:15:21,42732
False,CodesDate,nvarchar,13,最迟答复交期(前三),350,True,False,False,textbox,False,False,,,,,,,,,,,True,,,,,,,V_APS_MaterialForecast,8978,,,,管理员,2026-04-28 11:05:44,44748
False,PlanQty,decimal,13,计划数,70,True,False,False,numberbox,False,False,,,,,,,,,,,True,,,,,,,V_APS_MOPlanStep1V9,9014,,,,system,2026-03-31 10:26:36,44751
False,PlanQty,decimal,13,计划数,70,True,False,False,numberbox,False,False,,,,,,,,,,,True,,,,,,,V_APS_MOPlanStep2V1,7943,,,,system,2026-03-31 16:50:16,44796
False,Extend9,varchar,13,物料类型,100,True,False,False,textbox,False,False,,,,,,,,,,,True,,,,,,,V_APS_Report59,19319,,,,陈坤和,2026-03-23 17:33:04,44668
False,OncheckQty,decimal,13,最新待检,80,True,False,False,numberbox,False,False,,,,,,,,,,,True,,,,,,,V_APS_Report43,19336,,,,陈坤和,2026-04-14 10:22:06,45284
False,FormRate8,varchar,13,齐套率,60,True,False,False,textbox,False,False,,,,,,,,,,,True,,,,,,,V_APS_Report1,7842,,,,廖尚华,2026-06-03 09:38:45,45378
False,Month2Actual,decimal,13,2月下单,80,True,False,False,numberbox,False,False,,,,,,,,,,,True,,,,,,,V_APS_SalesOrderDetailPlanLine,12192,,,,温广燕,2026-05-29 11:26:33,44096
False,PCDeliveryDate,datetime,13,计划交期,100,True,False,False,datebox,False,False,,,,,,,,,,,True,,,,,,,V_APS_OrderForPrepare2,7974,,,,廖尚华,2026-05-27 08:52:44,47806
False,TotalHour,decimal,13,总生产用时,80,True,True,False,numberbox,False,False,True,,,,,,,,,,True,,,,,,,V_APS_PrepareView5,7789,,,,温广燕,2026-05-19 18:02:56,47451
False,StockBeforeAllocQty,decimal,13,分配前库存+在途,80,True,False,False,numberbox,False,False,,,,,,,,,,,True,,,,,,,V_APS_OrderForPrepare,7973,,,,温广燕,2026-05-27 11:53:53,47732
False,ModifyedOn,datetime,13,更新时间,100,True,False,False,,False,False,,,,,,,,,,,True,,,,,,,V_APS_Report24,7916,,,,温广燕,2026-05-20 15:58:20,47549
False,UnIssuedQty,decimal,13,未发料,80,True,False,False,numberbox,False,False,,,,,,,,,,,True,,,,,,,V_APS_ProcessPlanHistoryForWeek3,28646,,,,廖尚华,2026-06-04 17:44:47,48228
False,ModifiedByName,nvarchar,13,修改姓名,100,True,False,False,,False,False,,,,,,,,,,,True,,,,,,,MES_OrderRouteReport,28639,,,,system,2026-05-05 16:31:34,46913
False,Remark3,nvarchar,13,计划备注,80,True,True,False,textbox,False,False,True,,,,,,,,,,True,,,,,,,V_APS_MOPlanStep4V11,9019,,,,温广燕,2026-04-27 11:04:22,46486
False,Code,varchar,13,物料编码,80,True,False,False,textbox,False,False,,,,True,,,,,,,True,,,,,,,V_APS_Report56,19322,,,,管理员,2026-05-05 17:52:13,46028
False,LineNum,varchar,13,行号,50,True,False,False,textbox,False,False,,,,,,,,,,,True,,,,,,,V_APS_Report47,19331,,,,管理员,2026-04-24 15:20:26,46229
False,MaterialName,nvarchar,14,物料名称,100,True,False,True,textbox,False,False,,,,True,,,,,,,True,,,,,,,V_APS_Report50,19328,,,,江科,2025-10-27 15:35:05,37248
False,E1,decimal,14,可用量1,90,True,False,True,numberbox,False,False,,升序,,True,大于,,,,,custom,True,,,,,,,V_APS_MaterialBalancePlan,27524,,,,江科,2025-11-08 11:55:54,38501
False,LineNum,nvarchar,14,行号,50,True,False,True,textbox,False,False,,,,True,,,,,,,True,,,,,,,V_APS_OrderInStock,10103,,,,管理员,2026-01-19 15:40:01,40243
False,ProductCode,varchar,14,产品编码,80,True,False,True,textbox,False,False,False,,False,True,模糊匹配,,,,,,True,,,,,False,,V_APS_OrderPlanMaterialFormList,5594,False,,,管理员,2026-06-16 13:36:19,9655
False,Code,varchar,14,物料编码,90,True,False,True,textbox,False,False,False,,False,True,,,,,,,True,,,,,False,,V_APS_ProcessPlanForSchedinng,5168,False,,,江科,2025-10-15 20:22:44,9203
False,ForeCastNo,varchar,14,预测单号,120,True,False,True,textbox,False,False,,升序,,True,,,,,,,True,,,,,,,V_APS_Report60,19318,,,,管理员,2026-04-29 10:04:55,33686
False,CompletionQty,decimal,14,入库,50,True,False,True,numberbox,False,False,True,,,,,,,,,custom,True,,,,,,,V_APS_MOPlanStep1V12,9021,,,,廖尚华,2026-05-28 10:16:04,24706
False,ItemCode,varchar,14,物料编码,90,True,False,True,textbox,False,False,,,,True,精确匹配,,,,,,True,,,,,,,V_APS_DeliveryDataDetail,8998,,,,管理员,2026-04-27 14:23:10,26226
False,Code,varchar,14,物料编码,80,True,False,True,textbox,False,False,,,,True,,,,,,,True,,,,,False,,V_APS_MOPlanStep2V10,9018,,,,管理员,2026-04-28 20:07:22,23276
False,ReqQty,decimal,14,申请数量,80,True,False,True,numberbox,False,False,,,,,,,,,,custom,True,,,,,,,APS_PR,7898,,,,江科,2025-09-26 20:12:26,21487
False,OncheckQty,decimal,14,待检,60,True,False,True,numberbox,False,False,False,,False,False,,,{0:G0},,,custom,True,,,,,False,,V_APS_Report17,7843,False,,,廖尚华,2026-05-22 11:39:23,14966
False,PlanQty,decimal,14,排产数,60,True,False,True,numberbox,False,False,True,,,,,,{0:G0},,,custom,True,,,,,,,V_APS_MOPlanStep4,6734,,,,管理员,2026-06-16 09:49:04,13775
False,Extend5,nvarchar,14,工单备注,100,True,False,False,textbox,False,False,,,,,,,,,,custom,True,,,,,,,V_APS_MOPlanStep4V11,9019,,,,温广燕,2026-04-27 11:04:22,18774
False,Code,varchar,14,物料编码,80,True,False,False,textbox,False,False,False,,False,True,,,,,,custom,True,备料发料方式,,,,False,,V_APS_MOPlanStep1,6736,False,,,江科,2025-09-09 09:17:10,18551
False,PlanQty,decimal,14,当日排产,75,True,False,False,numberbox,False,False,,,,,,,,,SUM,,True,,,,,,,V_APS_Report10,7833,,,,管理员,2026-04-14 09:29:08,23811
False,GapQty,decimal,14,送货缺口,100,True,False,False,numberbox,False,False,,,,,,,,,,,True,,,,,,,V_APS_DeliveryData2,17277,,,,温广燕,2026-06-01 14:25:05,27513
False,PlanRate,decimal,14,产出达成率,1000,True,False,False,numberbox,False,False,,,,,,,{0:P2},,,custom,True,,,,,,,V_APS_Report16,7844,,,,江科,2025-09-09 17:00:18,27468
False,PODeliveryDate,varchar,14,分配送货,80,True,False,False,textbox,False,False,,,,,,,,,,,True,,,,,,,V_APS_OrderPlanMaterialForm,5165,,,,廖尚华,2026-06-04 14:42:05,27963
False,SyncContent,nvarchar,14,底部同步提示文本,140,True,True,False,textbox,False,False,,,,,,,,,,,True,,,,,,,Dev_Dictionary,33,,,,管理员,2026-04-24 10:55:40,33462
False,MesQtyP,decimal,14,产出达成率,110,True,False,False,numberbox,False,False,,,,,,,{0:P0},,,,True,,,,,,,V_APS_PrepareView10,7853,,,,管理员,2026-06-16 13:49:04,29129
False,Spec,nvarchar,14,物料规格,80,True,False,False,textbox,False,False,,,,,,,,,,,True,,,,,,,V_APS_OrderPlanMaterialFormByItem1,18289,,,,管理员,2026-04-28 16:27:19,28605
False,Code,varchar,14,物料编码,150,True,True,False,textbox,False,False,True,,,,,,,,,custom,True,,,,,,,V_PWS_ProcessMaterialDetail,5098,,,,江科,2025-09-09 09:17:09,7064
False,Price,decimal,14,单价,80,True,True,False,numberbox,False,False,True,,,,,,{0:G0},查看金额,,custom,True,,,,,,,APS_SalesOrderDetail,5104,,,,管理员,2026-01-27 23:30:06,7155
False,Code,varchar,14,物料编码,80,True,False,False,textbox,False,False,False,,False,True,,,,,,custom,True,备料发料方式,,,,False,,V_APS_SalesPlan,6676,False,,,江科,2025-09-09 09:17:10,11996
False,Price,decimal,14,单价,80,True,False,False,numberbox,False,False,False,,,,,,{0:G0},查看金额,,custom,True,,,,,,,V_APS_SalesOrderSetProduction,6690,,,,管理员,2026-01-27 23:30:06,12319
False,Code,varchar,14,物料编码,100,True,True,False,textbox,False,False,True,,,True,,,,,,custom,True,,,,,,,V_MES_SSNStatus,3005,,,,江科,2025-09-09 09:17:09,3810
False,Capacity,decimal,14,标准小时产能,70,True,True,False,numberbox,False,False,True,,False,False,,,,,,,True,,,,,False,,V_APS_ProcessMaterial,15,False,,,廖尚华,2026-03-11 13:59:00,125
False,StockQty,decimal,14,库存数,70,True,False,False,numberbox,False,False,False,,,False,大于0,,,,SUM,custom,True,,,,,,,V_WMS_Stock,76,,,,管理员,2026-01-19 15:20:46,1193
False,Spents,float,14,耗时（秒）,100,True,True,False,numberbox,False,False,True,,,,,,,,,custom,True,,,,,,,Dev_SysLog,55,,,,廖尚华,2026-01-08 13:55:31,969
False,MaterialName,nvarchar,14,物料名称,150,True,True,False,textbox,False,False,True,,,,,,,,,custom,True,,,,,,,V_APS_MaterialUser,1171,,,,江科,2025-09-09 09:18:46,2974
False,Code,varchar,14,物料编码,150,True,True,False,textbox,False,False,True,,,,,,,,,custom,True,,,,,,,V_APS_MaterialUserForCheck,1172,,,,江科,2025-09-09 09:17:09,2990
False,ProcessCount,int,14,工序数,70,True,False,False,numberbox,False,False,False,,,False,,,,,,,True,,,,,,,V_APS_ProcessGroup,1177,,,,管理员,2025-11-21 15:50:11,3058
False,MainERPID,varchar,14,,100,True,False,False,textbox,False,False,,,,,,,,,,,True,,,,,,,APS_NewProductTrial,27560,,,,system,2026-01-07 11:06:32,40536
False,MainERPID,varchar,14,,100,True,False,False,textbox,False,False,,,,,,,,,,,True,,,,,,,APS_QualityAbnormalityCase,27559,,,,system,2026-01-07 11:06:32,40571
False,ERPID,varchar,14,ERP主键ID,100,True,False,False,textbox,False,False,,,,,,,,,,,True,,,,,,,Dev_PositionAccountMap,27564,,,,system,2026-01-12 20:35:49,40811
False,ERPID,varchar,14,ERP主键ID,100,True,False,False,textbox,False,False,,,,,,,,,,,True,,,,,,,APS_ProcessPosition,27565,,,,system,2026-01-12 20:35:49,40792
False,ERPID,varchar,14,ERP主键ID,100,True,False,False,textbox,False,False,,,,,,,,,,,True,,,,,,,Dev_PositionLevelMap,27563,,,,system,2026-01-12 20:35:49,40837
False,ERPID,varchar,14,ERP主键ID,100,True,False,False,textbox,False,False,,,,,,,,,,,True,,,,,,,APS_AssessmentResources,27576,,,,system,2026-01-22 15:16:30,41627
False,Remark2,nvarchar,14,方案,200,True,True,False,,False,False,,,,,,,,,,,True,,,,,,,V_APS_AssessmentMachine,27572,,,,吴鑫鹏,2026-01-22 15:46:20,41669
False,ERPID,varchar,14,ERP主键ID,100,True,False,False,textbox,False,False,,,,,,,,,,,True,,,,,,,APS_AssessmentHR,27574,,,,system,2026-01-22 15:16:30,41586
False,OnloadQty4,decimal,14,生产在制,50,True,False,False,numberbox,False,False,,,,,,,,,,,True,,,,,,,V_APS_MaterialOrg,25481,,,,管理员,2026-01-26 11:29:00,41807
False,Unit,varchar,14,计量单位,100,True,False,False,textbox,False,False,,,,,,,,,,,True,,,,,,,V_APS_Report45,19333,,,,温广燕,2026-05-27 12:09:23,42267
False,OnloadQty4,decimal,14,生产在制,50,True,False,False,numberbox,False,False,,,,,,,,,,,True,,,,,,,V_APS_PrepareView6,7788,,,,管理员,2026-03-02 08:33:45,41920
False,EndDate,datetime,14,结束,110,True,False,False,datebox,False,False,,,,,,,,,,,True,,,,,,,APS_OrganizeDemandOrder,26524,,,,system,2025-10-30 16:15:32,38189
False,Remark1,nvarchar,14,类型,40,True,True,False,textbox,False,False,,,,True,,,,,,custom,True,,,,,,,APS_InterfaceSAP,9030,,,,廖尚华,2026-05-21 16:54:38,39106
False,Extend10,nvarchar,14,属性,80,True,False,False,textbox,False,False,,,,,,,,,,,True,,,,,,,V_APS_SalesPlanMaterial,6681,,,,吴鑫鹏,2025-11-12 16:12:44,39077
False,ForeCastNo,varchar,14,单据编号,100,True,False,False,textbox,False,False,,,,,,,,,,,True,,,,,,,APS_ManualForecastDetail,9003,,,,system,2025-10-29 09:41:02,37934
False,ERPID,varchar,14,ERP主键ID,100,True,False,False,textbox,False,False,,,,,,,,,,,True,,,,,,,APS_MaterialBalanceHistory,26517,,,,system,2025-10-29 20:30:04,37974
False,ModifiedByName,nvarchar,14,修改姓名,100,True,False,False,,False,False,,,,,,,,,,,True,,,,,,,APS_ProcessMaterialHistory,26519,,,,system,2025-10-29 20:30:04,38022
False,ERPID,varchar,14,ERP主键ID,100,True,False,False,textbox,False,False,,,,,,,,,,,True,,,,,,,APS_MaterialBalanceTotalHistory,26518,,,,system,2025-10-29 20:30:04,38001
False,AllOnload,decimal,14,在途汇总,80,True,False,False,numberbox,False,False,,,,,,,,,,,True,,,,,,,V_APS_MaterialBalanceHistory,26523,,,,陈坤和,2025-11-03 08:31:13,38046
False,StandardPeoples2,int,14,间接人数,80,True,False,False,numberbox,False,False,,,,,,,,,,,True,,,,,,,V_APS_ProcessMaterialHistory,26520,,,,陈坤和,2025-10-29 21:02:18,38102
False,RemainQty,decimal,14,未清数量,80,True,False,False,numberbox,False,False,,,,,,,,,,,True,,,,,,,V_APS_Report49,19329,,,,管理员,2025-12-25 15:45:17,35550
False,Unit,varchar,14,单位,100,True,False,False,textbox,False,False,,,,,,,,,,,True,,,,,,,V_APS_SalesOrderBom,26496,,,,温广燕,2026-01-22 18:37:35,35217
False,ERPID,varchar,14,ERP主键ID,100,True,False,False,textbox,False,False,,,,,,,,,,,True,,,,,,,APS_OrderDeliveryReply,26494,,,,system,2025-09-26 17:44:00,35134
False,WorkOrderTypeName,nvarchar,14,单据类型,100,True,False,False,textbox,False,False,,,,,,,,,,,True,,,,,,,V_APS_SalesOrderDeliveryReplyInfo,26495,,,,管理员,2025-10-21 13:49:28,35249
False,DataSource,nvarchar,14,数据来源,100,True,False,False,textbox,False,False,,,,,,,,,,,True,,,,,,,APS_MaterialOrg,25480,,,,system,2025-09-09 10:09:42,33939
False,SignleCapacity,decimal,14,工序人均小时产能,80,True,False,False,numberbox,False,False,False,,,,,,,,,,True,,,,,,,V_APS_ProcessMaterialError,5126,,,,江老师,2026-03-06 08:12:12,33718
False,ExpectTime,decimal,14,用时,50,True,False,False,numberbox,False,False,,,,,,,{0:N4},,,,True,,,,,,,V_APS_MOPlanStep4V9,9016,,,,廖尚华,2026-03-18 16:21:29,36075
False,MaterialName,nvarchar,14,品名,100,True,False,False,textbox,False,False,,,,,,,,,,,True,,,,,,,V_APS_Orderfinish,24427,,,,system,2025-10-10 16:10:57,36126
False,ERPID,varchar,14,ERP主键ID,100,True,False,False,textbox,False,False,,,,,,,,,,,True,,,,,,,APS_MaterialLadderLossRelated,26502,,,,system,2025-10-14 17:50:24,36317
False,ERPID,varchar,14,ERP主键ID,100,True,False,False,textbox,False,False,,,,,,,,,,,True,,,,,,,APS_MaterialLadderLossConfig,26501,,,,system,2025-10-14 17:50:24,36296
False,Capacity,decimal,14,标准产能(UPH),80,True,False,False,numberbox,False,False,,,,,,,,,,,True,,,,,,,V_APS_Report19,7920,,,,管理员,2025-11-06 16:24:12,36610
False,DemandQty,decimal,14,预测需求,80,True,False,False,numberbox,False,False,,,,,,,,,,,True,,,,,,,V_APS_OrderForPrepare,7973,,,,温广燕,2026-05-27 11:50:33,47718
False,hours1,decimal,14,总损耗工时,80,True,False,False,numberbox,False,False,,,,,,,,,,,True,,,,,,,V_APS_PrepareView5,7789,,,,温广燕,2026-05-19 17:57:48,47454
False,Remark1,nvarchar,14,备注,100,True,False,False,,False,False,,,,,,,,,,,True,,,,,,,V_APS_OrderForPrepare2,7974,,,,廖尚华,2026-05-27 08:52:44,47803
False,OweQty,decimal,14,欠数,80,True,False,False,numberbox,False,False,,,,,,,,,,,True,,,,,,,V_APS_ProcessPlanHistoryForWeek3,28646,,,,廖尚华,2026-06-04 17:44:54,48224
False,StockQty,decimal,14,库存,80,True,False,False,numberbox,False,False,,,,,,,,,,,True,,,,,,,V_APS_ProcessPlanHistoryForWeek3,28646,,,,system,2026-06-04 17:34:36,48225
False,Month3Forecast,decimal,14,3月预测,80,True,False,False,numberbox,False,False,,,,,,,,,,,True,,,,,,,V_APS_SalesOrderDetailPlanLine,12192,,,,温广燕,2026-05-29 11:26:33,44097
False,ERPID,varchar,14,ERP主键ID,100,True,False,False,textbox,False,False,,,,,,,,,,,True,,,,,,,APS_MaterialForecastBom,28599,,,,system,2026-03-16 14:51:03,44296
False,StockQty,decimal,14,计算时库存,90,True,False,False,numberbox,False,False,,,,,,,,,,,True,,,,,,,V_APS_MaterialForecastForm,28598,,,,管理员,2026-04-13 11:46:21,44395
False,ERPID,varchar,14,ERP主键ID,100,True,False,False,textbox,False,False,,,,,,,,,,,True,,,,,,,APS_MaterialForecastForm,28600,,,,system,2026-03-16 14:51:03,44319
False,DeliveryRate,decimal,14,发料率,60,True,False,False,numberbox,False,False,,,,,,,{0:P0},,,,True,,,,,,,V_APS_Report1,7842,,,,廖尚华,2026-06-03 09:38:45,45360
False,QualityScore,decimal,14,品质分(60分),80,True,False,False,numberbox,False,False,,,,,,,,,,,True,,,,,,,V_Dev_PositionExamRecord,28584,,,,温广燕,2026-03-05 18:06:42,42890
False,DowntimeType,nvarchar,14,异常类型,80,True,True,False,textbox,False,False,,,,,,,,,,,True,,,,,,,V_APS_ProductionReportMt,28573,,,,温广燕,2026-03-13 13:40:31,42438
False,AdjustedForecastQty,numeric,14,下期备货建议量,120,True,False,False,,False,False,,,,,,,,,,,True,,,,,,,V_APS_OrderForCheck,5053,,,,江老师,2026-03-16 10:55:09,44045
False,WarehouseName,nvarchar,14,仓库,100,True,False,False,textbox,False,False,,,,True,,,,,,,True,,,,,,,WMS_StockAll,7929,,,,范龙生,2026-03-12 18:48:36,44023
False,PeriodOfTime,varchar,15,时段,60,True,False,True,textbox,False,False,,升序,,,,,,,,,True,,,,,,,V_APS_LineAttendanceDetailByMonth,28589,,,,陈坤和,2026-03-14 09:49:04,44012
False,Amount2,decimal,15,库存超订金额,120,True,False,True,numberbox,False,False,,,,,,,,查看金额,,,True,,,,,,,V_APS_MaterialBalanceTotalHistory,26521,,,,江老师,2026-03-12 10:53:30,42365
False,Spec,nvarchar,15,规格,100,True,False,True,textbox,False,False,,,,False,,,,,,,True,,,,,,,V_APS_POSummary,25460,,,,管理员,2026-04-14 11:44:54,42255
False,PoReplyDate,datetime,15,PO原交期,75,True,False,True,datebox,False,False,,,,,,,,,,,True,,,,,,,V_APS_Report17,7843,,,,廖尚华,2026-05-22 11:39:23,45592
False,MaterialName,nvarchar,15,机种名称,100,True,False,True,textbox,False,False,,,False,True,,,,,,,True,,,,,,,V_APS_ProcessPlanHistoryForWeek,28634,,,,管理员,2026-04-21 09:57:27,45766
False,LineNum,varchar,15,行号,50,True,False,True,textbox,False,False,,升序,False,False,,,,,,,True,,,,,,,V_APS_PrepareView3,7791,,,,管理员,2026-04-24 16:32:15,46328
False,LineNum,varchar,15,行号,50,True,False,True,textbox,False,False,,升序,False,True,,,,,,,True,,,,,,,V_APS_Report55,19324,,,,管理员,2026-04-24 15:55:44,46308
False,MaterialName,nvarchar,15,机种名称,100,True,False,True,textbox,False,False,,,False,True,,,,,,,True,,,,,,,V_APS_ProcessPlanHistoryForWeek2,28636,,,,廖尚华,2026-06-04 16:35:01,45843
False,ApproveQty,decimal,15,批准数量,80,True,False,True,numberbox,False,False,,,,,,,,,,,True,,,,,,,APS_PR,7898,,,,江科,2025-09-26 20:12:26,35064
False,Code,varchar,15,物料编码,80,True,False,True,textbox,False,False,,,,True,,,,,,,True,,,,,,,V_APS_SalesOutStock,24409,,,,范龙生,2026-04-15 15:56:26,41554
False,Extend6,nvarchar,15,规格型号,180,True,False,True,textbox,False,False,,,,,,,,,,,True,,,,,,,APS_SalesOrder_JDY,27537,,,,陈坤和,2026-04-14 15:36:07,39492
False,Spec,nvarchar,15,规格型号,100,True,False,True,textbox,False,False,False,,,False,,,,,,,True,,,,,,,V_APS_Order,49,,,,管理员,2026-04-28 07:58:07,658
False,MaterialName,nvarchar,15,物料名称,100,True,False,True,textbox,False,False,True,,,True,模糊匹配,,,,,custom,True,,,,,,,V_APS_OrderBOMNew,5021,False,,,陈坤和,2026-04-23 16:50:18,4833
False,ProductName,nvarchar,15,机种名称,80,True,False,True,textbox,False,False,False,,False,True,模糊匹配,,,,,,True,,,,,False,,V_APS_OrderPlanMaterialFormList,5594,False,,,管理员,2026-06-16 13:36:19,9656
False,MaterialName,nvarchar,15,物料名称,100,True,False,True,textbox,False,False,False,,False,True,,,,,,,True,,,,,False,,V_APS_ProcessPlanForSchedinng,5168,False,,,管理员,2025-12-06 16:04:53,9695
False,MaterialName,nvarchar,15,物料名称,100,True,False,True,textbox,False,False,,,,,,,,,,,True,,,,,,,V_APS_PO,6751,,,,陈坤和,2026-06-16 11:58:01,28667
False,MaterialName,nvarchar,15,物料描述,100,True,False,True,textbox,False,False,,,,True,,,,,,,True,,,,,,,V_APS_Report54,19323,,,,管理员,2026-04-24 11:45:20,33897
False,MasterMaterialName,nvarchar,15,产品描述,80,True,False,True,textbox,False,False,,,,False,,,,,,,True,,,,,,,V_APS_MaterialBOM,1185,,,,管理员,2026-03-02 11:27:24,30009
False,DemandQty,decimal,15,需求数,60,True,False,True,numberbox,False,False,,,,,,,,,,,True,,,,,,,V_APS_OrderPlanMaterialFormByItem1,18289,,,,廖尚华,2026-01-22 17:04:28,28567
False,ItemName,nvarchar,15,物料名称,100,True,False,True,textbox,False,False,,,,,,,,,,,True,,,,,,,V_APS_DeliveryDataDetail,8998,,,,管理员,2026-04-27 14:24:27,26227
False,MaterialName,nvarchar,15,物料名称,90,True,False,True,textbox,False,False,,,,True,,,,,,,True,,,,,,,V_APS_MOPlanStep2V10,9018,,,,温广燕,2026-05-20 08:46:58,23274
False,MaterialName,nvarchar,15,物料名称,100,True,False,True,textbox,False,False,,,,True,,,,,,custom,True,,,,,,,V_APS_Report38,11151,,,,管理员,2026-05-05 17:29:38,20028
False,Code,varchar,15,物料编码,80,True,False,True,textbox,False,False,False,升序,,True,,,,,,custom,True,,,,,,,V_APS_MOPlanStep4V12,9020,,,,江科,2025-09-09 09:17:10,18812
False,UnIssuedQty2,decimal,15,预测需求,80,True,False,True,numberbox,False,False,False,,,,,,,,,custom,True,,,,,,,V_APS_OrderPrepareReport,7804,,,,陈坤和,2026-01-28 09:05:59,16126
False,Spec,nvarchar,15,规格,350,True,False,False,textbox,False,False,False,,,True,,,,,,custom,True,,,,,,,V_APS_Report2,7840,,,,范龙生,2026-03-12 16:18:05,15370
False,ProductionQty,int,15,报工数,80,True,True,False,numberbox,True,False,True,,,,,,,,,,True,,,,,,,V_APS_DayPlanForActive,6688,,,,江科,2025-09-09 16:56:37,16331
False,SuplierReplyDate,datetime,15,答复交期,80,True,False,False,datebox,False,False,False,,,,,,,,,,True,,,,,,,V_APS_OrderPlanMaterialForm,5165,,,,廖尚华,2026-06-04 14:42:05,18530
False,OrderNo,varchar,15,工单号,100,True,False,False,textbox,False,False,,,,True,,,,,,custom,True,,,,,,,V_APS_OrderPlanChange,7970,,,,范龙生,2026-05-12 12:27:11,21381
False,ModifyedOn,datetime,15,修改日期,120,True,False,False,,False,False,,,,False,,,,,,custom,True,,,,,,,Dev_ColorConfig,127,,,,管理员,2026-04-24 13:37:55,21825
False,MOCount,int,15,工单,60,True,False,False,textbox,False,False,,,,False,,,,,,custom,True,工单判断,,,,,,V_APS_MaterialMaintain,10110,,,,陈坤和,2026-01-27 15:42:48,21573
False,HasQty,decimal,15,当日报工,75,True,False,False,numberbox,False,False,,,,,,,,,SUM,,True,,,,,,,V_APS_Report10,7833,,,,管理员,2026-04-14 09:29:08,23812
False,Qty,decimal,15,订单数,80,True,True,False,numberbox,True,False,True,,,,,,,,,,True,,,,,,,V_APS_OrderRework,17254,,,,温广燕,2026-03-10 13:19:15,24109
False,ProducedQty,decimal,15,报工,50,True,False,False,numberbox,False,False,True,,,,,,,,,custom,True,,,,,,,V_APS_MOPlanStep1V12,9021,,,,廖尚华,2026-05-28 10:16:04,24663
False,signName,varchar,15,标签显示,100,True,True,False,textbox,False,False,,,,,,,,,,,True,,,,,,,V_APS_Report58,19320,,,,吴鑫鹏,2025-09-17 10:46:59,33755
False,MCRemark,nvarchar,15,备注原因,80,True,True,False,textbox,False,False,,,,,,,,,,,True,,,,,,,V_APS_PrepareView2,7792,,,,管理员,2026-01-23 08:39:56,29261
False,ProductCode,varchar,15,产品编码,150,True,True,False,textbox,False,False,True,,,,,,,,,custom,True,,,,,,,Import_Material_BomDB,5045,,,,江科,2025-09-28 10:11:51,5812
False,OncheckQty,decimal,15,待检数,80,True,False,False,numberbox,False,False,False,,,,,,{0:N0},,,custom,True,,,,,,,V_WMS_Stock,76,,,,管理员,2026-01-19 15:20:46,11570
False,Price,decimal,15,单价,80,True,False,False,numberbox,False,False,False,,False,False,,,,查看金额,,custom,True,,,,,,,V_MES_OrderOutputPersons,1189,False,,,管理员,2026-01-27 23:30:06,9914
False,IssuedQty,real,15,已发料,70,True,False,False,numberbox,False,False,False,,,False,,,,,,custom,True,,,,,,,V_APS_OrderPicking,3010,,,,廖尚华,2026-04-20 17:31:40,3971
False,SortType,varchar,15,排序,50,True,True,False,combobox,False,False,True,,,False,,,,,,custom,True,排序类型,,,,,,V_DictionaryField,35,,,,温广燕,2026-03-16 14:26:59,742
False,MaterialCount,int,15,关联产品,80,True,False,False,numberbox,False,False,False,,,False,,,,,,,True,,,,,,,V_APS_ProcessGroup,1177,,,,管理员,2025-11-21 15:50:12,3086
False,Code,varchar,15,物料编码,150,True,True,False,textbox,False,False,True,,,,,,,,,custom,True,,,,,,,V_APS_MaterialUser,1171,,,,江科,2025-09-09 09:17:09,2975
False,Extend6,nvarchar,15,规格型号,180,True,False,False,textbox,False,False,,,,,,,,,,,True,,,,,,,V_APS_SalesOrderDetail_JDY,27538,,,,system,2025-12-05 10:35:31,39436
False,Remark2,nvarchar,15,操作,200,True,True,False,,False,False,,,,,,,,,,custom,True,,,"[{name: '输出字段表', type: ""warning"", icon: '',methods:'outputField', condition: (row) => { return (row) } }]",,,,APS_InterfaceSAPOutputField,9033,,,,陈坤和,2026-01-14 15:16:34,39188
False,Hours,decimal,15,老化时间(H),100,True,False,False,numberbox,False,False,,,,,,,,,,,True,,,,,,,APS_ProductAgingCondition_JDY,27555,,,,陈坤和,2025-12-25 11:27:54,39777
False,OnHandQty,decimal,15,存货量,70,True,False,False,numberbox,False,False,,,,,,,,,,,True,,,,,,,V_APS_Report49,19329,,,,管理员,2025-12-25 15:51:51,39569
False,ProcessGroupTime,decimal,15,工段总工时,70,True,False,False,numberbox,False,False,True,,,,,,,,,,True,,,,,,,V_APS_ProcessMaterial,15,,,,管理员,2025-12-24 10:04:28,39560
False,SyncDatetime,datetime,15,同步日期,110,True,False,False,datebox,False,False,,,,,,,,,,,True,,,,,,,APS_QualityAbnormalityCase,27559,,,,system,2026-01-07 11:06:32,40572
False,SyncDatetime,datetime,15,同步日期,110,True,False,False,datebox,False,False,,,,,,,,,,,True,,,,,,,APS_NewProductTrial,27560,,,,system,2026-01-07 11:06:32,40537
False,OrderLineNo,int,15,订单行号,80,True,False,False,numberbox,False,False,,,,,,,,,,,True,,,,,,,V_APS_NewProductTrial,27561,,,,陈坤和,2026-01-31 11:56:28,40646
False,SyncDatetime,datetime,15,同步日期,110,True,False,False,datebox,False,False,,,,,,,,,,,True,,,,,,,APS_AssessmentHR,27574,,,,system,2026-01-22 15:16:30,41587
False,AllOnload,decimal,15,在途/在制汇总,65,True,False,False,numberbox,False,False,,,,,,,,,,,True,,,,,,,V_APS_MaterialOrg,25481,,,,温广燕,2026-01-26 11:41:38,41808
False,AllOnload,decimal,15,在途/在制汇总,70,True,False,False,numberbox,False,False,,,,,,,,,,,True,,,,,,,V_APS_PrepareView6,7788,,,,管理员,2026-03-02 08:33:45,41921
False,POPeriod,int,15,采购周期,80,True,False,False,numberbox,False,False,,,,True,大于等于,,,,,,True,,,,,,,V_APS_Report45,19333,,,,温广燕,2026-05-27 12:09:23,42270
False,Code,varchar,15,物料编码,90,True,False,False,textbox,False,False,,,,True,,,,,,,True,,,,,,,V_APS_SalesOrderWarning,28571,,,,陈坤和,2026-01-27 15:42:14,42038
False,MaterialType,nvarchar,15,物料组,100,True,False,False,textbox,False,False,,,,,,,,,,,True,,,,,,,V_APS_SalesOrderDetailALL,6694,,,,陈坤和,2026-01-27 15:41:15,42191
False,SyncDatetime,datetime,15,同步日期,110,True,False,False,datebox,False,False,,,,,,,,,,,True,,,,,,,APS_AssessmentResources,27576,,,,system,2026-01-22 15:16:30,41628
False,ERPID,varchar,15,ERP主键ID,100,True,False,False,textbox,False,False,,,,,,,,,,,True,,,,,,,APS_AssessmentMachine,27575,,,,system,2026-01-22 15:16:30,41607
False,SyncDatetime,datetime,15,同步日期,110,True,False,False,datebox,False,False,,,,,,,,,,,True,,,,,,,Dev_PositionLevelMap,27563,,,,system,2026-01-12 20:35:49,40838
False,MaterialName,nvarchar,15,物料名称,80,True,False,False,textbox,False,False,,,,True,,,,,,,True,,,,,,,V_APS_Report57,19321,,,,温广燕,2026-05-20 08:45:29,41125
False,SyncDatetime,datetime,15,同步日期,110,True,False,False,datebox,False,False,,,,,,,,,,,True,,,,,,,APS_ProcessPosition,27565,,,,system,2026-01-12 20:35:49,40793
False,SyncDatetime,datetime,15,同步日期,110,True,False,False,datebox,False,False,,,,,,,,,,,True,,,,,,,Dev_PositionAccountMap,27564,,,,system,2026-01-12 20:35:49,40812
False,Spec,nvarchar,15,规格型号,150,True,False,False,textbox,False,False,,,,True,,,,,,,True,,,,,,,V_APS_QualityAbnormalityCase,27562,,,,陈坤和,2026-01-31 11:56:56,40700
False,OrderNo,varchar,15,生产单号,80,True,False,False,textbox,False,False,,,,True,,,,,,,True,,,,,,,APS_TempChangeRequest,27558,,,,陈坤和,2026-01-31 11:57:17,40622
False,Spec,nvarchar,15,规格,450,True,False,False,textbox,False,False,,,,,,,,,,,True,,,,,,,V_APS_Report46,19332,,,,陈坤和,2026-04-29 09:35:26,34752
False,Extend1,nvarchar,15,扩展,100,True,False,False,textbox,False,False,,,,,,,,,,,True,,,,,,,APS_MaterialOrg,25480,,,,system,2025-09-09 10:09:42,33940
False,SyncDatetime,datetime,15,同步日期,110,True,False,False,datebox,False,False,,,,,,,,,,,True,,,,,,,APS_OrderDeliveryReply,26494,,,,system,2025-09-26 17:44:00,35135
False,PlanQty,decimal,15,日排产数,80,True,False,False,numberbox,False,False,,,,,,,,,,,True,,,,,,,V_APS_Report19,7920,,,,管理员,2025-11-06 16:31:20,36597
False,SyncDatetime,datetime,15,同步日期,110,True,False,False,datebox,False,False,,,,,,,,,,,True,,,,,,,APS_MaterialLadderLossConfig,26501,,,,system,2025-10-14 17:50:24,36297
False,SyncDatetime,datetime,15,同步日期,110,True,False,False,datebox,False,False,,,,,,,,,,,True,,,,,,,APS_MaterialLadderLossRelated,26502,,,,system,2025-10-14 17:50:24,36318
False,Spec,nvarchar,15,规格,100,True,False,False,textbox,False,False,,,,,,,,,,,True,,,,,,,V_APS_Orderfinish,24427,,,,system,2025-10-10 16:10:57,36127
False,StockQtyAll,decimal,15,库存汇总,80,True,False,False,numberbox,False,False,,,,,,,,,,,True,,,,,,,V_APS_MaterialBalanceHistory,26523,,,,陈坤和,2025-11-03 08:31:13,38047
False,SyncDatetime,datetime,15,同步日期,110,True,False,False,datebox,False,False,,,,,,,,,,,True,,,,,,,APS_MaterialBalanceTotalHistory,26518,,,,system,2025-10-29 20:30:04,38002
False,SyncDatetime,datetime,15,同步日期,110,True,False,False,datebox,False,False,,,,,,,,,,,True,,,,,,,APS_MaterialBalanceHistory,26517,,,,system,2025-10-29 20:30:04,37975
False,LineNum,varchar,15,行号,100,True,False,False,textbox,False,False,,,,,,,,,,,True,,,,,,,APS_ManualForecastDetail,9003,,,,system,2025-10-29 09:41:02,37935
False,Code,varchar,15,物料编码,100,True,False,False,textbox,False,False,,,,True,,,,,,,True,,,,,,,V_APS_Report42,19335,,,,陈坤和,2026-03-23 17:30:49,37011
False,UsableQty2,decimal,15,可用量2(含损耗),90,True,False,False,numberbox,False,False,,,,,,,,,,,True,,,,,,,V_APS_MaterialBalancePlan,27524,,,,江科,2025-11-11 15:31:58,39034
False,FixDay,int,15,提前期,80,True,False,False,numberbox,False,False,,倒序,,,,,,,,,True,,,,,,,V_APS_SalesPlanMaterial,6681,,,,吴鑫鹏,2025-11-12 16:46:56,39091
False,APIUrl,varchar,15,API地址,100,True,True,False,textbox,False,False,True,,,,,,,,,custom,True,,,,,,,APS_InterfaceSAP,9030,,,,廖尚华,2026-05-21 16:54:38,39112
False,BillNo,varchar,15,单号,100,True,False,False,textbox,False,False,,,,,,,,,,,True,,,,,,,APS_OrganizeDemandOrder,26524,,,,system,2025-10-30 16:15:32,38190
False,MaterialName,nvarchar,15,物料名称,100,True,False,False,textbox,False,False,,,,True,,,,,,,True,,,,,,,V_APS_Report56,19322,,,,管理员,2026-05-05 17:52:13,46029
False,TraysNum,decimal,15,需求数量,80,True,False,False,numberbox,False,False,,,,,,,,,,,True,,,,,,,V_APS_Report39,10122,,,,陈坤和,2026-04-24 17:10:42,46357
False,Extend1,decimal,15,非待检数,80,True,False,False,numberbox,False,False,,,,,,,,,,,True,,,,,,,V_APS_Report43,19336,,,,陈坤和,2026-05-09 11:58:09,47004
False,OnloadQty,decimal,15,PO未交,80,True,False,False,numberbox,False,False,,,,,,,,,,,True,,,,,,,V_APS_ProcessPlanHistoryForWeek3,28646,,,,system,2026-06-04 17:34:36,48226
False,DataType,varchar,15,类型,50,True,False,False,textbox,False,False,,,,,,,,,,,True,,,,,,,V_APS_OrderForPrepare2,7974,,,,廖尚华,2026-05-27 08:48:54,47797
False,StandardPeoples,decimal,15,标准人数,80,True,False,False,numberbox,False,False,,,,,,,,,,,True,,,,,,,V_APS_PrepareView5,7789,,,,温广燕,2026-05-19 17:55:33,47447
False,TotalOweQty,decimal,15,总欠数,80,True,False,False,numberbox,False,False,,,,,,,,,,,True,,,,,,,V_APS_OrderForPrepare,7973,,,,温广燕,2026-05-27 11:50:33,47735
False,NoReplyCodes,varchar,15,无答复交期,200,True,False,False,textbox,False,False,,,,,,,,,,,True,,,,,,,V_APS_Report1,7842,,,,廖尚华,2026-06-03 09:38:45,45509
False,SideType,nvarchar,15,单双面,70,True,True,False,combobox,False,False,,,,True,,,,,,,True,单双面,,,,,,V_APS_Report20,7921,,,,范龙生,2026-03-20 10:21:50,44577
False,MOCount,int,15,工单数,80,True,False,False,numberbox,False,False,,,,,,,,,,,True,,,,,,,V_APS_Report59,19319,,,,陈坤和,2026-03-23 17:33:04,44718
False,SyncDatetime,datetime,15,同步日期,110,True,False,False,datebox,False,False,,,,,,,,,,,True,,,,,,,APS_MaterialForecastForm,28600,,,,system,2026-03-16 14:51:03,44320
False,StandardPeoples,decimal,15,标准人数,80,True,False,False,numberbox,False,False,,,,,,,,,,,True,,,,,,,V_APS_ProcessPartMaterial2,28595,,,,管理员,2026-04-24 13:27:45,44253
False,CreatedByName,nvarchar,15,创建人,70,True,False,False,,False,False,,,,,,,,,,,True,,,,,,,V_APS_MaterialForecast,8978,,,,温广燕,2026-04-24 09:57:03,44340
False,StockQtyAllocation,decimal,15,分配库存,80,True,False,False,numberbox,False,False,,,,,,,,,,,True,,,,,,,V_APS_MaterialForecastForm,28598,,,,温广燕,2026-03-26 10:14:01,44397
False,ProcessPartName,nvarchar,15,对应工段,100,True,True,False,textbox,False,False,,,,,,,,,,,True,,,,,,,V_PWS_ProcessMaterial,5096,,,,范龙生,2026-03-17 12:08:03,44511
False,SyncDatetime,datetime,15,同步日期,110,True,False,False,datebox,False,False,,,,,,,,,,,True,,,,,,,APS_MaterialForecastBom,28599,,,,system,2026-03-16 14:51:03,44297
False,StandardPeoples,decimal,15,标准人数,80,True,True,False,numberbox,False,False,,,,,,,,,,,True,,,,,,,APS_ProcessPartMaterialImport,28596,,,,system,2026-03-14 17:23:57,44228
False,StandardPeoples,decimal,15,标准人数,80,True,False,False,numberbox,False,False,,,,,,,,,,,True,,,,,,,V_APS_ProcessPartMaterial,28593,,,,范龙生,2026-03-16 17:40:00,44199
False,StandardPeoples,decimal,15,标准人数,80,True,True,False,numberbox,False,False,,,,,,,,,,,True,,,,,,,APS_ProcessPartMaterial,28594,,,,system,2026-03-14 16:32:12,44160
False,Month3Actual,decimal,15,3月下单,80,True,False,False,numberbox,False,False,,,,,,,,,,,True,,,,,,,V_APS_SalesOrderDetailPlanLine,12192,,,,温广燕,2026-05-29 11:26:33,44098
False,DowntimeReason,nvarchar,15,异常原因,120,True,True,False,textbox,False,False,,,,,,,,,,,True,,,,,,,V_APS_ProductionReportMt,28573,,,,温广燕,2026-03-13 13:40:31,42439
False,BottleneckTime,decimal,15,瓶颈工时,80,True,False,False,numberbox,False,False,,,,,,,,,,,True,,,,,,,V_APS_ProcessMaterialError,5126,,,,江老师,2026-03-06 08:12:12,42550
False,TotalScore,decimal,15,综合得分,80,True,False,False,numberbox,False,False,,,,,,,{0:G3},,,,True,,,,,,,V_Dev_PositionExamRecord,28584,,,,管理员,2026-04-28 10:58:14,42891
False,MasterCode,varchar,15,产品编码,80,True,False,False,textbox,False,False,,,,True,,,,,,,True,,,,,,,V_APS_Report32,7909,,,,范龙生,2026-03-09 15:45:58,43013
False,MaterialType,nvarchar,15,物料组,80,True,False,False,textbox,False,False,,,,,,,,,,,True,,,,,,,V_APS_Report21,7919,,,,江老师,2026-03-10 09:58:41,42996
False,ModifiedByName,nvarchar,15,修改姓名,80,True,False,False,,False,False,,,,,,,,,,,True,,,,,,,V_Dev_AccountEmployee,28585,,,,江老师,2026-03-11 13:56:19,42817
False,StockQty,decimal,15,库存数,80,True,False,False,numberbox,False,False,,,,,,,,,,,True,,,,,,,WMS_StockAll,7929,,,,范龙生,2026-03-12 16:18:44,44024
False,ERPStatus,nvarchar,15,ERP状态,80,True,False,False,textbox,False,False,,,,,,,,,,,True,,,,,,,V_APS_PrepareView1,7793,,,,江老师,2026-03-12 11:53:05,43483
False,ProcessRate,decimal,15,工序进度,80,True,False,False,numberbox,False,False,,,,,,,{0:P0},,AVG,,True,,,,,,,V_APS_PrepareView4,7790,,,,管理员,2026-04-28 11:15:01,43642
False,PlanStartDate,datetime,16,要求齐料,80,True,False,True,datebox,False,False,,,,,,,,,,,True,,,,,,,V_APS_Report17,7843,,,,廖尚华,2026-05-22 11:39:23,45599
False,Qty,decimal,16,SAP数,60,True,False,True,numberbox,False,False,,,False,,,,,,,,True,,,,,,,V_APS_ProcessPlanHistoryForWeek,28634,,,,管理员,2026-06-16 10:12:35,45768
False,Qty,decimal,16,数量,80,True,True,True,numberbox,True,False,True,,,,,,,,,,True,,,,,,,V_APS_ManualForecastDetail,24402,,,,管理员,2025-12-31 11:45:05,39825
False,Code,varchar,16,物料编码,80,True,False,True,textbox,False,False,False,,False,True,模糊匹配,,,,,,True,,,,,False,,V_APS_OrderPlanMaterialFormList,5594,False,,,管理员,2026-06-16 13:36:19,9652
False,Spec,nvarchar,16,规格,200,True,False,True,textbox,False,False,False,,False,,,,,,,,True,,,,,False,,V_APS_ProcessPlanForSchedinng,5168,False,,,管理员,2025-12-06 16:04:53,9204
False,Code,varchar,16,物料编码,85,True,False,True,textbox,False,False,,,,True,,,,,,,True,,,,,,,V_APS_OrderInStock,10103,,,,管理员,2026-01-19 14:54:58,29379
False,UnIssuedQty,decimal,16,未领,50,True,False,True,numberbox,False,False,,,,,,,,,,,True,,,,,,,V_APS_OrderPlanMaterialFormByItem1,18289,,,,管理员,2026-04-28 16:27:19,28606
False,Qty,decimal,16,订单数,70,True,False,True,numberbox,False,False,,,,,,,,,,,True,,,,,,,V_APS_Report50,19328,,,,江科,2025-10-27 15:35:05,31388
False,Spec,nvarchar,16,规格,90,True,False,True,textbox,False,False,,,,False,,,,,,,True,,,,,,,V_APS_MOPlanStep2V10,9018,,,,管理员,2026-04-28 20:26:15,23275
False,OrderQty,decimal,16,关联数量,80,True,False,True,numberbox,False,False,,,,,,,,,,custom,True,,,,,,,APS_PR,7898,,,,江科,2025-09-26 20:12:26,21488
False,Code,varchar,16,物料编码,70,True,False,True,textbox,False,False,False,,,True,,,,,,custom,True,,,,,,,V_APS_BusinessOrderDetail,10108,,,,江科,2025-09-09 09:16:22,19439
False,OnPutQty,decimal,16,待上架,80,True,False,False,numberbox,False,False,,,,,,,,,,custom,True,,,,,,,V_WMS_Stock,76,,,,管理员,2026-01-19 15:20:46,23668
False,OweQty,decimal,16,未完成,60,True,False,False,numberbox,False,False,False,,,,,,{0:G0},,,custom,True,,,,,,,V_APS_MOPlanStep4,6734,,,,管理员,2026-06-16 09:55:22,13802
False,POTracker,nvarchar,16,采购员,70,True,False,False,textbox,False,False,False,,,,,,,,,,True,,,,,,,V_APS_PrepareView2,7792,,,,管理员,2026-01-23 09:41:59,14095
False,IsConflict,varchar,16,冲突,60,True,False,False,textbox,False,False,,,,,,,,,,,True,,,,,,,V_APS_OrderPlanMaterialForm,5165,,,,廖尚华,2026-06-04 14:42:05,32920
False,RuleType,nvarchar,16,送货规则,100,True,True,False,combobox,False,False,,,,True,精确匹配,,,,,custom,True,送货规则,,,,,,V_APS_DeliveryRule,8992,,,,温广燕,2026-01-28 10:56:49,25199
False,isMerge,bit,16,合并,50,True,True,False,checkbox,False,False,True,,,False,,,,,,custom,True,,,,,,,V_DictionaryField,35,False,,,温广燕,2026-03-16 14:26:59,9297
False,Code,varchar,16,物料编码,150,True,True,False,textbox,False,False,True,,,,,,,,,custom,True,,,,,,,V_PWS_ProcessPriceMaterial,5095,,,,江科,2025-09-09 09:17:09,7017
False,Capacity,decimal,16,标准小时产能,70,True,False,False,numberbox,False,False,False,,,,,,{0:G0},,,custom,True,,,,,,,V_APS_ProcessMaterialError,5126,,,,江老师,2026-03-06 08:12:12,7654
False,ItemCode,varchar,16,物料编码,150,True,False,False,textbox,False,False,False,,,,,,,,,custom,True,,,,,,,R_InventoryValueDetail,5612,,,,江科,2025-09-28 10:11:51,10074
False,MaterialID,bigint,16,物料名称,160,True,True,False,textbox,False,False,True,,,,,,,,,custom,True,,,,,,,V_APS_MaterialUserForCheck,1172,,,,江科,2025-09-09 09:18:45,2992
False,MaterialID,bigint,16,物料名称,160,True,True,False,textbox,False,False,True,,,,,,,,,custom,True,,,,,,,V_APS_OrderSchedulingDeliveryPlan,104,,,,江科,2025-09-09 09:18:45,1853
False,Code,varchar,16,物料编码,150,True,False,False,textbox,False,False,False,,,False,,,,,,custom,True,,,,,,,V_APS_OrderPickingForStock,3021,,,,江科,2025-09-09 09:17:09,4204
False,ToolingSource,nvarchar,16,工装来源,80,True,False,False,textbox,False,False,,,False,,,,,,,,True,,,,,,,APS_ToolingRegister_JDY,27556,,,,陈坤和,2025-12-25 18:37:45,39799
False,Qty,decimal,16,订单数,80,True,False,False,numberbox,False,False,,,,,,,,,,,True,,,,,,,V_APS_SalesOrderDetail_JDY,27538,,,,system,2025-12-05 10:35:31,39400
False,Qty,decimal,16,订单数,80,True,False,False,numberbox,False,False,,,,,,,,,,,True,,,,,,,APS_SalesOrder_JDY,27537,,,,温广燕,2026-06-02 08:42:40,39459
False,DataSource,nvarchar,16,数据来源,100,True,False,False,textbox,False,False,,,,,,,,,,,True,,,,,,,APS_NewProductTrial,27560,,,,system,2026-01-07 11:06:32,40538
False,DataSource,nvarchar,16,数据来源,100,True,False,False,textbox,False,False,,,,,,,,,,,True,,,,,,,APS_QualityAbnormalityCase,27559,,,,system,2026-01-07 11:06:32,40573
False,DataSource,nvarchar,16,数据来源,100,True,False,False,textbox,False,False,,,,,,,,,,,True,,,,,,,Dev_PositionAccountMap,27564,,,,system,2026-01-12 20:35:49,40813
False,DataSource,nvarchar,16,数据来源,100,True,False,False,textbox,False,False,,,,,,,,,,,True,,,,,,,APS_ProcessPosition,27565,,,,system,2026-01-12 20:35:49,40794
False,DataSource,nvarchar,16,数据来源,100,True,False,False,textbox,False,False,,,,,,,,,,,True,,,,,,,Dev_PositionLevelMap,27563,,,,system,2026-01-12 20:35:49,40839
False,SyncDatetime,datetime,16,同步日期,110,True,False,False,datebox,False,False,,,,,,,,,,,True,,,,,,,APS_AssessmentMachine,27575,,,,system,2026-01-22 15:16:30,41608
False,DataSource,nvarchar,16,数据来源,100,True,False,False,textbox,False,False,,,,,,,,,,,True,,,,,,,APS_AssessmentResources,27576,,,,system,2026-01-22 15:16:30,41629
False,DataSource,nvarchar,16,数据来源,100,True,False,False,textbox,False,False,,,,,,,,,,,True,,,,,,,APS_AssessmentHR,27574,,,,system,2026-01-22 15:16:30,41588
False,LineNum,varchar,16,行号,100,True,False,False,textbox,False,False,,,,,,,,,,,True,,,,,,,APS_OrganizeDemandOrder,26524,,,,system,2025-10-30 16:15:32,38191
False,RelatePeople,nvarchar,16,关联人员,100,True,False,False,textbox,False,False,,,,,,,,,,,True,,,,,,,V_APS_MaterialBalancePlan,27524,,,,吴鑫鹏,2025-11-10 17:06:26,38531
False,ModifiedByName,nvarchar,16,修改姓名,60,True,False,False,,False,False,,,,,,,,,,custom,True,,,,,,,APS_InterfaceSAPOutput,9032,,,,廖尚华,2026-01-08 13:50:49,39164
False,PostProcessName,nvarchar,16,描点工序,100,True,False,False,textbox,False,False,,,,,,,,,,,True,,,,,,,V_APS_SalesPlanMaterial,6681,,,,吴鑫鹏,2025-11-12 16:45:46,39092
False,HttpMethod,varchar,16,请求方式,60,True,True,False,combobox,False,False,True,,,,,,,,,custom,True,请求类型,,,,,,APS_InterfaceSAP,9030,,,,廖尚华,2026-05-21 16:54:38,39114
False,Qty,decimal,16,订单数,80,True,False,False,numberbox,False,False,,,,,,,,,,,True,,,,,,,APS_ManualForecastDetail,9003,,,,system,2025-10-29 09:41:02,37936
False,DataSource,nvarchar,16,数据来源,100,True,False,False,textbox,False,False,,,,,,,,,,,True,,,,,,,APS_MaterialBalanceHistory,26517,,,,system,2025-10-29 20:30:04,37976
False,DataSource,nvarchar,16,数据来源,100,True,False,False,textbox,False,False,,,,,,,,,,,True,,,,,,,APS_MaterialBalanceTotalHistory,26518,,,,system,2025-10-29 20:30:04,38003
False,RemainQty,decimal,16,超需求数,80,True,False,False,numberbox,False,False,,,,,,,,,,,True,,,,,,,V_APS_MaterialBalanceHistory,26523,,,,陈坤和,2025-11-03 08:31:13,38048
False,StandardPeoples,int,16,总人数,80,True,False,False,numberbox,False,False,,,,,,,,,,,True,,,,,,,V_APS_ProcessMaterialHistory,26520,,,,陈坤和,2025-10-29 21:02:18,38078
False,ProcessName,nvarchar,16,工序名称,100,True,False,False,textbox,False,False,,,,,,,,,,,True,,,,,,,V_APS_Orderfinish,24427,,,,system,2025-10-10 16:10:57,36128
False,DataSource,nvarchar,16,数据来源,100,True,False,False,textbox,False,False,,,,,,,,,,,True,,,,,,,APS_MaterialLadderLossRelated,26502,,,,system,2025-10-14 17:50:24,36319
False,DataSource,nvarchar,16,数据来源,100,True,False,False,textbox,False,False,,,,,,,,,,,True,,,,,,,APS_MaterialLadderLossConfig,26501,,,,system,2025-10-14 17:50:24,36298
False,HasQty,decimal,16,日报工数,80,True,False,False,numberbox,False,False,,,,,,,,,,,True,,,,,,,V_APS_Report19,7920,,,,管理员,2025-11-06 16:31:20,36598
False,Status,int,16,状态,80,True,True,False,combobox,True,False,,,,,,,,,,,True,数据状态,,,,,,V_APS_ProcessPlan,5585,,,,system,2025-10-15 09:07:48,36381
False,DataSource,nvarchar,16,数据来源,100,True,False,False,textbox,False,False,,,,,,,,,,,True,,,,,,,APS_OrderDeliveryReply,26494,,,,system,2025-09-26 17:44:00,35136
False,OrderQty,decimal,16,已承诺,70,True,False,False,numberbox,False,False,,,,,,,,,,custom,True,,,,,,,V_APS_Report49,19329,,,,管理员,2025-12-25 15:51:51,35533
False,Extend2,nvarchar,16,扩展,100,True,False,False,textbox,False,False,,,,,,,,,,,True,,,,,,,APS_MaterialOrg,25480,,,,system,2025-09-09 10:09:42,33941
False,OweQty,decimal,16,欠数,80,True,False,False,numberbox,False,False,,,,,,,,,SUM,,True,,,,,,,V_APS_OrderForPrepare,7973,,,,温广燕,2026-05-27 11:50:33,47736
False,OweQty_M0,decimal,16,本月需购买数量,150,True,False,False,numberbox,False,False,,,,,,,,,,,True,,,,,,,V_APS_Report45,19333,,,,温广燕,2026-05-27 12:09:23,47742
False,Capacity,decimal,16,标准UPPH,80,True,False,False,numberbox,False,False,,,,,,,,,,,True,,,,,,,V_APS_PrepareView5,7789,,,,温广燕,2026-05-19 17:57:48,47446
False,RplayDates,nvarchar,16,答复交期,200,True,False,False,textbox,False,False,,,,,,,,,,,True,,,,,,,V_APS_ProcessPlanHistoryForWeek3,28646,,,,廖尚华,2026-06-04 17:40:58,48227
False,CodesDate,varchar,16,最迟答复交期(前三),300,True,False,False,textbox,False,False,,,,,,,,,,,True,,,,,,,V_APS_Report1,7842,,,,廖尚华,2026-06-03 09:38:45,45510
False,NoSchedulingWeek,bit,16,挂起,50,True,True,False,checkbox,False,False,,,,,,,,,,custom,True,,,,,,,V_APS_MOPlanStep1V12,9021,,,,廖尚华,2026-05-28 10:16:04,44947
False,Month4Forecast,decimal,16,4月预测,80,True,False,False,numberbox,False,False,,,,,,,,,,,True,,,,,,,V_APS_SalesOrderDetailPlanLine,12192,,,,温广燕,2026-05-29 11:26:33,44099
False,DataSource,nvarchar,16,数据来源,100,True,False,False,textbox,False,False,,,,,,,,,,,True,,,,,,,APS_MaterialForecastBom,28599,,,,system,2026-03-16 14:51:03,44298
False,DataSource,nvarchar,16,数据来源,100,True,False,False,textbox,False,False,,,,,,,,,,,True,,,,,,,APS_MaterialForecastForm,28600,,,,system,2026-03-16 14:51:03,44321
False,OrderRate,numeric,16,订单总进度,100,True,False,False,,False,False,,,,,,,{0:P0},,AVG,,True,,,,,,,V_APS_PrepareView4,7790,,,,管理员,2026-04-28 11:14:51,43643
False,IsSample,varchar,16,样品,50,True,False,False,textbox,False,False,,,,,,,,,,,True,,,,,,,V_APS_PrepareView1,7793,,,,江老师,2026-03-12 11:53:05,43780
False,CreatedOn,datetime,16,创建日期,130,True,False,False,,False,False,,倒序,,,,,,,,,True,,,,,,,V_Dev_AccountEmployee,28585,,,,江老师,2026-03-13 08:05:11,42818
False,IsPass,nvarchar,16,是否通过,80,True,True,False,textbox,False,False,True,,,,,,,,,,True,,,,,,,V_Dev_PositionExamRecord,28584,,,,管理员,2026-04-28 10:56:08,42882
False,Status,int,16,状态,80,True,True,False,combobox,True,False,,,,,,,,,,,True,数据状态,,,,,,APS_ProductionReport,25457,,,,system,2026-01-30 09:08:24,42476
False,ResponsibleDept,nvarchar,16,责任部门,80,True,True,False,textbox,False,False,,,,,,,,,,,True,,,,,,,V_APS_ProductionReportMt,28573,,,,温广燕,2026-03-13 13:40:31,42440
False,Qty2,decimal,17,原材料超订,120,True,False,True,numberbox,False,False,,,,,,,,,,,True,,,,,,,V_APS_MaterialBalanceTotalHistory,26521,,,,江老师,2026-03-12 10:53:30,42371
False,TotalHours,decimal,17,合计,60,True,False,True,numberbox,False,False,,,,,,,,,,,True,,,,,,,V_APS_LineAttendanceDetailByMonth,28589,,,,陈坤和,2026-03-14 09:49:04,44013
False,RemainQty,decimal,17,剩余数量,80,True,False,True,numberbox,False,False,,,,,,,,,,,True,,,,,,,APS_PR,7898,,,,江科,2025-09-26 20:12:26,35066
False,POQty,decimal,17,数量,65,True,False,True,numberbox,False,False,,,,,,,,,,,True,,,,,,,V_APS_POSummary,25460,,,,管理员,2026-01-27 23:28:05,42203
False,MaterialName,nvarchar,17,物料描述,85,True,False,True,textbox,False,False,,,,,,,,,,,True,,,,,,,V_APS_OrderInStock,10103,,,,管理员,2026-01-19 14:54:58,40258
False,IsDeliveryReview,nvarchar,17,交期评审,80,True,False,True,textbox,False,False,,,,,,,,,,,True,,,,,,,APS_SalesOrder_JDY,27537,,,,陈坤和,2026-04-14 15:36:07,39378
False,Code,varchar,17,物料编码,150,True,True,True,textbox,False,False,True,,,False,,,,,,custom,True,,,,,,,V_APS_DayDemand,3004,,,,江科,2025-09-09 09:17:09,3764
False,Spec,nvarchar,17,规格型号,160,True,False,True,textbox,False,False,False,,,False,,,,,,custom,True,,,,,,,V_APS_OrderBOMNew,5021,False,,,陈坤和,2026-04-23 16:50:19,4834
False,Code,varchar,17,物料编码,150,True,True,True,textbox,False,False,True,,,False,,,,,,custom,True,,,,,,,V_APS_MaterialDemand,117,,,,江科,2025-09-09 09:17:09,2004
False,Qty,decimal,17,数量,50,True,False,True,numberbox,False,False,True,,,False,,,{0:G0},,SUM,,True,,,,,,,V_APS_Order,49,,,,管理员,2026-04-28 07:56:46,628
False,MaterialName,nvarchar,17,物料名称,80,True,False,True,textbox,False,False,False,,False,True,模糊匹配,,,,,,True,,,,,False,,V_APS_OrderPlanMaterialFormList,5594,False,,,管理员,2026-06-16 13:36:19,9654
False,StockQty,decimal,17,库存,50,True,False,True,numberbox,False,False,,,,,,,{0:G0},,,,True,,,,,,,V_APS_OrderPlanMaterialFormByItem1,18289,,,,管理员,2026-04-28 16:27:19,28565
False,UnIssuedQty3,decimal,17,销售需求,80,True,False,True,numberbox,False,False,False,,,,,,,,,custom,True,,,,,,,V_APS_OrderPrepareReport,7804,,,,陈坤和,2026-01-28 09:05:59,16264
False,POPeriod,int,17,采购提前期,70,True,False,True,numberbox,False,False,,,,,,,,,,custom,True,,,,,,,V_APS_MaterialMaintain,10110,,,,陈坤和,2026-01-27 15:42:48,21589
False,MaterialName,nvarchar,17,物料名称,120,True,False,True,textbox,False,False,False,,,True,,,,,,custom,True,,,,,,,V_APS_BusinessOrderDetail,10108,,,,江科,2025-09-09 09:18:48,19535
False,Extend7,varchar,17,投产人数,80,True,True,False,textbox,False,False,True,,,,,,,,,,True,,,,,,,V_APS_DayPlanForActive,6688,,,,江科,2025-09-09 16:56:37,17167
False,ProcessEnd,bit,17,工段结束,80,True,True,False,checkbox,False,False,True,,,,,,,,,,True,,,,,,,V_APS_ProcessGroupInfo,1186,,,,管理员,2025-11-21 15:51:29,18601
False,RuleValue,varchar,17,规则参数,100,True,True,False,textbox,False,False,,,,,,,,,,custom,True,,,,,,,V_APS_DeliveryRule,8992,,,,管理员,2025-11-24 17:44:24,25200
False,Spec,nvarchar,17,规格,250,True,False,False,textbox,False,False,,,,,,,,,,,True,,,,,,,V_APS_PO,6751,,,,陈坤和,2026-06-16 11:58:01,28668
False,PODeliveryQtyOwe,decimal,17,送货欠数,80,True,False,False,numberbox,False,False,,,,,,,,,,,True,,,,,,,V_APS_OrderPlanMaterialForm,5165,,,,廖尚华,2026-06-04 14:42:05,29801
False,Remark2,nvarchar,17,换线时间(分),70,True,True,False,numberbox,False,False,True,,,False,,,,,,custom,True,,,,,,,V_APS_ProcessMaterial,15,,,,范龙生,2026-04-14 17:33:26,135
False,IsQuery,bit,17,查询,50,True,True,False,checkbox,False,False,True,,,False,,,,,,custom,True,,,,,,,V_DictionaryField,35,False,,,温广燕,2026-03-16 14:26:59,740
False,DataSource,nvarchar,17,数据来源,100,True,True,False,combobox,False,False,,,,,,,,,,custom,True,参数类型,,,,,,APS_InterfaceSAPOutputField,9033,,,,陈坤和,2026-01-14 15:16:34,39191
False,IsDeliveryReview,nvarchar,17,交期评审,80,True,False,False,textbox,False,False,,,,,,,,,,,True,,,,,,,V_APS_SalesOrderDetail_JDY,27538,,,,system,2025-12-05 10:35:31,39380
False,AssertStatus,nvarchar,17,生效状态,80,True,False,False,textbox,False,False,,,,,,,,,,,True,,,,,,,APS_ProductAgingCondition_JDY,27555,,,,陈坤和,2025-12-25 11:28:23,39778
False,Source,nvarchar,17,质量异常信息来源,100,True,False,False,textbox,False,False,,,,,,,,,,,True,,,,,,,APS_QualityAbnormalityCase,27559,,,,system,2026-01-07 11:06:32,40574
False,TrialSummaryNo,varchar,17,试产总结单号,100,True,False,False,textbox,False,False,,,,,,,,,,,True,,,,,,,APS_NewProductTrial,27560,,,,system,2026-01-07 11:06:32,40539
False,ProductCode,varchar,17,物料编码,80,True,False,False,textbox,False,False,,,,True,,,,,,,True,,,,,,,V_APS_NewProductTrial,27561,,,,温广燕,2026-02-28 15:16:21,40647
False,LineName,nvarchar,17,线别,100,True,False,False,textbox,False,False,,,,True,,,,,,,True,,,,,,,V_APS_QualityAbnormalityCase,27562,,,,陈坤和,2026-01-31 11:56:56,40682
False,Extend10,nvarchar,17,属性,50,True,False,False,textbox,False,False,,,,True,,,,,,,True,,,,,,,V_APS_SalesOrderDetailALL,6694,,,,温广燕,2026-02-02 13:50:05,42192
False,MaterialName,nvarchar,17,物料名称,100,True,False,False,textbox,False,False,,,,,,,,,,,True,,,,,,,V_APS_SalesOrderWarning,28571,,,,陈坤和,2026-01-27 15:42:14,42037
False,ID,int,17,ID,80,True,False,False,numberbox,False,True,,,,,精确匹配,,,,,,True,,,,,,,APS_AssessmentHR,27574,,,,system,2026-01-22 15:16:30,41589
False,ID,int,17,ID,80,True,False,False,numberbox,False,True,,,,,精确匹配,,,,,,True,,,,,,,APS_AssessmentResources,27576,,,,system,2026-01-22 15:16:30,41630
False,DataSource,nvarchar,17,数据来源,100,True,False,False,textbox,False,False,,,,,,,,,,,True,,,,,,,APS_AssessmentMachine,27575,,,,system,2026-01-22 15:16:30,41609
False,PositionLevelID,int,17,主键ID,80,True,False,False,numberbox,False,True,,,,,精确匹配,,,,,,True,,,,,,,Dev_PositionLevelMap,27563,,,,system,2026-01-12 20:35:49,40840
False,ProcessPositionID,int,17,,80,True,False,False,numberbox,False,True,,,,,精确匹配,,,,,,True,,,,,,,APS_ProcessPosition,27565,,,,system,2026-01-12 20:35:49,40795
False,PositionAccountID,int,17,,80,True,False,False,numberbox,False,True,,,,,精确匹配,,,,,,True,,,,,,,Dev_PositionAccountMap,27564,,,,system,2026-01-12 20:35:49,40814
False,BatchNo,nvarchar,17,生产批号,120,True,False,False,textbox,False,False,,,,False,,,,,,,True,,,,,,,APS_TempChangeRequest,27558,,,,陈坤和,2026-01-31 11:57:17,40623
False,Evaluation,int,17,考评,80,True,False,False,numberbox,False,False,,,,,,,,,,,True,,,,,,,Dev_Position,39,,,,温广燕,2026-01-12 15:27:37,40768
False,Extend3,nvarchar,17,扩展,100,True,False,False,textbox,False,False,,,,,,,,,,,True,,,,,,,APS_MaterialOrg,25480,,,,system,2025-09-09 10:09:42,33942
False,APSDeliveryReplyStartDate,datetime,17,APS评估开始交货日期,110,True,False,False,datebox,False,False,True,,,,,,,,,,True,,,,,,,APS_OrderDeliveryReply,26494,,,,温广燕,2025-09-26 18:17:53,35137
False,OrderJoinQty,decimal,17,已订购,70,True,False,False,numberbox,False,False,,,,,,,,,,,True,,,,,,,V_APS_Report49,19329,,,,管理员,2025-12-25 15:51:51,35549
False,HasQty1,decimal,17,昨日累计,50,True,False,False,numberbox,False,False,,,,,,,,,,,True,,,,,,,V_APS_MOPlanStep1V2,7961,,,,吴鑫鹏,2025-10-23 16:18:04,35931
False,PlanQtyReachM,decimal,17,达成率,80,True,False,False,numberbox,False,False,,,,,,,,,,,True,,,,,,,V_APS_Report19,7920,,,,管理员,2025-11-06 16:31:44,36629
False,Qty,decimal,17,工单数,60,True,False,False,numberbox,False,False,,,,,,,,,,,True,,,,,,,V_APS_ProcessPlanForSchedinng,5168,,,,江科,2025-10-15 20:22:50,36268
False,MaterialName,nvarchar,17,物料名称,100,True,False,False,textbox,False,False,,,,,,,,,,,True,,,,,,,V_APS_Report42,19335,,,,陈坤和,2026-03-23 17:30:49,37004
False,MaterialType,nvarchar,17,品号属性,100,True,False,False,textbox,False,False,,,,,,,,,,,True,,,,,,,APS_MaterialLadderLossConfig,26501,,,,system,2025-10-14 17:50:24,36299
False,MaterialType,nvarchar,17,品号属性,100,True,False,False,textbox,False,False,,,,,,,,,,,True,,,,,,,APS_MaterialLadderLossRelated,26502,,,,system,2025-10-14 17:50:24,36320
False,ProcessPartName,nvarchar,17,所属工段,100,True,False,False,textbox,False,False,,,,,,,,,,,True,,,,,,,V_APS_Orderfinish,24427,,,,system,2025-10-10 16:10:57,36129
False,HasQty1,decimal,17,昨日累计,50,True,False,False,numberbox,False,False,,,,,,,,,,,True,,,,,,,V_APS_MOPlanStep1V10,9013,,,,system,2025-10-10 15:46:49,36094
False,RemainReason,nvarchar,17,呆滞原因,100,True,False,False,textbox,False,False,,,,,,,,,,,True,,,,,,,V_APS_MaterialBalanceHistory,26523,,,,陈坤和,2025-11-03 08:31:13,38049
False,ID,bigint,17,ID,80,True,False,False,numberbox,False,True,,,,,精确匹配,,,,,,True,,,,,,,APS_MaterialBalanceTotalHistory,26518,,,,system,2025-10-29 20:30:04,38004
False,Status,int,17,状态,80,True,True,False,combobox,True,False,,,,,,,,,,,True,数据状态,,,,,,APS_ProcessMaterialHistory,26519,,,,system,2025-10-29 20:30:04,38025
False,ID,bigint,17,ID,80,True,False,False,numberbox,False,True,,,,,精确匹配,,,,,,True,,,,,,,APS_MaterialBalanceHistory,26517,,,,system,2025-10-29 20:30:04,37977
False,Extend1,varchar,17,关闭状态,100,True,False,False,textbox,False,False,,,,,,,,,,,True,,,,,,,APS_ManualForecastDetail,9003,,,,system,2025-10-29 09:41:02,37937
False,ERPSyncCycle,int,17,同步频率(分),60,True,True,False,numberbox,False,False,True,,,,,,,,,custom,True,,,,,,,APS_InterfaceSAP,9030,,,,廖尚华,2026-05-21 16:54:38,39111
False,ProcessName,nvarchar,17,工序,60,True,False,False,textbox,False,False,,,,,,,,,,,True,,,,,,,V_APS_SalesPlanMaterial,6681,,,,吴鑫鹏,2025-11-12 16:39:57,39090
False,Qty,decimal,17,数量,80,True,False,False,numberbox,False,False,,,,,,,,,,,True,,,,,,,APS_OrganizeDemandOrder,26524,,,,system,2025-10-30 16:15:32,38192
False,ERPID,varchar,17,ERP主键ID,100,True,False,False,textbox,False,False,,,,,,,,,,,True,,,,,,,MES_RouteReport,28592,,,,system,2026-03-13 09:12:04,44062
False,SourceOrderNo,varchar,17,销售订单,80,True,False,False,textbox,False,False,False,,,True,,,,,,,True,,,,,,,V_APS_PrepareView1,7793,,,,江老师,2026-03-12 11:53:05,43441
False,StartReportDate,datetime,17,开始报工,100,True,False,False,datebox,False,False,,升序,,,,,,,,,True,,,,,,,V_APS_PrepareView4,7790,,,,管理员,2026-04-28 11:15:45,43636
False,DowntimeStart,time,17,异常开始,80,True,True,False,timespinner,False,False,,,,,,,,,,,True,,,,,,,V_APS_ProductionReportMt,28573,,,,温广燕,2026-03-13 13:40:32,42441
False,ProcessGroupTime,decimal,17,工段总工时,70,True,False,False,numberbox,False,False,,,,,,,,,,,True,,,,,,,V_APS_ProcessMaterialError,5126,,,,江老师,2026-03-06 08:12:12,42551
False,Status,int,17,生效,50,True,True,False,combobox,False,False,True,,,,,,,,,,True,数据状态,,,,,,V_Dev_PositionExamRecord,28584,,,,管理员,2026-04-28 10:59:24,42860
False,ModifyedOn,datetime,17,修改日期,130,True,False,False,,False,False,,倒序,,,,,,,,,True,,,,,,,V_Dev_AccountEmployee,28585,,,,江老师,2026-03-13 08:04:46,42819
False,ID,bigint,17,ID,80,True,False,False,numberbox,False,True,,,,,精确匹配,,,,,,True,,,,,,,APS_MaterialForecastForm,28600,,,,system,2026-03-16 14:51:03,44322
False,CreatedOn,datetime,17,创建日期,150,True,False,False,,False,False,,,,,,,,,,,True,,,,,,,V_APS_MaterialForecast,8978,,,,温广燕,2026-04-24 09:57:03,44343
False,OweQty,decimal,17,欠数,70,True,False,False,numberbox,False,False,,,,,,,,,,,True,,,,,,,V_APS_MaterialForecastForm,28598,,,,温广燕,2026-03-26 09:41:57,44396
False,ID,bigint,17,ID,80,True,False,False,numberbox,False,True,,,,,精确匹配,,,,,,True,,,,,,,APS_MaterialForecastBom,28599,,,,system,2026-03-16 14:51:03,44299
False,Month4Actual,decimal,17,4月下单,80,True,False,False,numberbox,False,False,,,,,,,,,,,True,,,,,,,V_APS_SalesOrderDetailPlanLine,12192,,,,温广燕,2026-05-29 11:26:33,44100
False,HasQty1,decimal,17,昨日累计,50,True,False,False,numberbox,False,False,,,,,,,,,,,True,,,,,,,V_APS_MOPlanStep2V1,7943,,,,system,2026-03-31 16:50:16,44798
False,OrderNos,varchar,17,生产订单,100,True,False,False,textbox,False,False,,,,,,,,,,,True,,,,,,,V_APS_Report59,19319,,,,陈坤和,2026-03-23 17:33:51,44719
False,HasQty1,decimal,17,昨日累计,80,True,False,False,numberbox,False,False,,,,,,,,,,,True,,,,,,,V_APS_MOPlanStep1V9,9014,,,,管理员,2026-04-13 13:00:20,44753
False,Extend5,nvarchar,17,工单备注,100,True,False,False,textbox,False,False,,,,,,,,,,,True,,,,,,,V_APS_Report1,7842,,,,廖尚华,2026-06-03 09:38:45,45315
False,StockStatus,nvarchar,17,待检状态,100,True,False,False,textbox,False,False,,,,,,,,,,,True,,,,,,,V_APS_Report43,19336,,,,陈坤和,2026-05-09 15:25:27,45296
False,DailyQty,decimal,17,MES报工数量,80,True,False,False,numberbox,False,False,,,,,,,,,,,True,,,,,,,V_APS_OrderForPrepare3,7975,,,,温广燕,2026-06-01 14:32:52,47901
False,ActualBuyQty,decimal,17,需购买数,80,True,False,False,numberbox,False,False,,,,,,,,,SUM,,True,,,,,,,V_APS_OrderForPrepare,7973,,,,温广燕,2026-05-27 11:50:33,47758
False,ActualCapacity,decimal,17,实际UPPH,80,True,False,False,numberbox,False,False,,,,,,,,,,,True,,,,,,,V_APS_PrepareView5,7789,,,,温广燕,2026-05-19 17:55:34,47462
False,OweQty_M1,decimal,17,次月需购买数量,150,True,False,False,numberbox,False,False,,,,,,,,,,,True,,,,,,,V_APS_Report45,19333,,,,温广燕,2026-05-27 12:09:23,47743
False,Codes,varchar,17,无答复交期,100,True,False,False,textbox,False,False,,,,,,,,,,,True,,,,,,,V_APS_Report17,7843,,,,廖尚华,2026-05-22 11:39:23,47748
False,Spec,nvarchar,17,规格,150,True,False,False,textbox,False,False,,,,,,,,,,,True,,,,,,,V_APS_Report56,19322,,,,陈坤和,2026-04-23 17:12:47,46030
False,StockQty,decimal,17,现有库存数,100,True,False,False,numberbox,False,False,,,,,,,,,,,True,,,,,,,V_APS_Report39,10122,,,,陈坤和,2026-04-24 16:31:37,46358
False,TrayCode,varchar,17,托盘编码,120,True,True,False,combobox,False,False,,,,False,,,,,,,True,托盘编码,,,,,,V_APS_Report46,19332,,,,陈坤和,2026-04-29 09:35:26,46191
False,Code,varchar,17,物料编码,80,True,False,False,textbox,False,False,,,,True,,,,,,,True,,,,,,,V_APS_Report47,19331,,,,陈坤和,2026-04-24 16:27:32,46231
False,Y0,decimal,17,总工时,80,True,False,False,numberbox,False,False,,,,,,,,,,,True,,,,,,,V_APS_MaterialDeliveryConfig,25477,,,,陈坤和,2026-05-06 08:59:54,46969
False,DeliveryRate,numeric,17,发料率,80,True,False,False,numberbox,False,False,,,,,,,{0:P0},,,,True,,,,,,,V_APS_MOPlanStep1V12,9021,,,,廖尚华,2026-05-28 10:16:04,46971
False,Spec,nvarchar,18,规格,100,True,False,True,textbox,False,False,,,,,,,,,,,True,,,,,,,V_APS_OrderInStock,10103,,,,管理员,2026-01-19 14:54:58,40259
False,Spec,nvarchar,18,规格,80,True,False,True,textbox,False,False,False,,False,False,,,,,,,True,,,,,False,,V_APS_OrderPlanMaterialFormList,5594,False,,,管理员,2026-06-16 13:36:19,9653
False,PlanQty,decimal,18,计划数,60,True,False,True,numberbox,False,False,False,,False,,,,,,,,True,,,,,False,,V_APS_ProcessPlanForSchedinng,5168,False,,,江科,2025-10-15 20:20:26,9183
False,OweQty,decimal,18,欠数,50,True,False,True,numberbox,False,False,,,,True,小于,0,,,,,True,0和1,,,,,,V_APS_OrderPlanMaterialFormByItem1,18289,,,,管理员,2026-04-28 16:27:19,28568
False,ProcessGroupName,nvarchar,18,工艺,80,True,False,True,textbox,False,False,,,,,,,,,,,True,,,,,,,V_APS_MOPlanStep2V10,9018,,,,管理员,2026-04-28 20:26:15,23279
False,FormRate8,varchar,18,齐套率,70,True,False,False,textbox,False,False,True,,,,,,,,,custom,True,,,,,,,V_APS_MOPlanStep1V12,9021,,,,廖尚华,2026-05-28 10:16:04,25472
False,CompletionQty,decimal,18,入库数,70,True,False,False,numberbox,False,False,,,,,,,,,,,True,,,,,,,V_APS_Report50,19328,,,,江科,2025-10-27 15:22:38,31442
False,Efficiency,decimal,18,平衡率,70,True,False,False,numberbox,False,False,False,,,,,,{0:G0},,,custom,True,,,,,,,V_APS_ProcessMaterialError,5126,,,,江老师,2026-03-06 08:12:12,7667
False,SalesOrderDetailID,varchar,18,销售订单行,130,True,False,False,textbox,False,False,False,,False,False,,,,,,,True,,,,,False,,V_APS_OrderPlanMaterialForm,5165,False,,,温广燕,2026-06-16 11:03:09,13406
False,ProductCode,varchar,18,产品编码,150,True,True,False,textbox,False,False,True,,,,,,,,,custom,True,,,,,,,Import_BomHistory,5009,,,,江科,2025-09-28 10:11:51,4517
False,ProductCode,varchar,18,产品编码,150,True,True,False,textbox,False,False,True,,,,,,,,,custom,True,,,,,,,Import_BomDB,5042,,,,江科,2025-09-28 10:11:51,5693
False,Code,varchar,18,物料编码,150,True,True,False,textbox,False,False,True,,,False,,,,,,custom,True,,,,,,,V_WMS_StockForEdit,3018,,,,江科,2025-09-09 09:17:09,4155
False,Remark1,nvarchar,18,备注,300,True,False,False,textbox,False,False,False,,,,,,,,,custom,True,,,,,,,V_APS_OrderPicking,3010,,,,陈坤和,2026-03-25 08:51:53,3952
False,SourceRefNo,nvarchar,18,质量异常信息来源记录编号,100,True,False,False,textbox,False,False,,,,,,,,,,,True,,,,,,,APS_QualityAbnormalityCase,27559,,,,system,2026-01-07 11:06:32,40575
False,CreateDateTime,datetime,18,日期时间,110,True,False,False,datebox,False,False,,,,,,,,,,,True,,,,,,,APS_NewProductTrial,27560,,,,system,2026-01-07 11:06:32,40540
False,ToolingStatus,nvarchar,18,工装状态,80,True,False,False,textbox,False,False,,,False,,,,,,,,True,,,,,,,APS_ToolingRegister_JDY,27556,,,,陈坤和,2025-12-25 18:37:45,39797
False,ModifiedByName,nvarchar,18,修改人,70,True,False,False,,False,False,,,,,,,,,,,True,,,,,,,V_APS_LineAttendance,10113,,,,管理员,2026-05-09 19:58:35,39270
False,DataSource,nvarchar,18,数据来源,100,True,False,False,textbox,False,False,,,,True,,,,,,,True,,,,,,,V_WMS_Stock,76,,,,管理员,2026-01-22 20:13:24,39315
False,Gradation,int,18,等级划分,80,True,False,False,numberbox,False,False,,,,,,,,,,,True,,,,,,,Dev_Position,39,,,,温广燕,2026-01-12 15:27:37,40769
False,PositionID,int,18,岗位,80,True,False,False,numberbox,False,False,,,,,,,,,,,True,,,,,,,Dev_PositionAccountMap,27564,,,,system,2026-01-12 20:35:49,40815
False,LevelName,nvarchar,18,等级名字,100,True,False,False,textbox,False,False,,,,,,,,,,,True,,,,,,,Dev_PositionLevelMap,27563,,,,system,2026-01-12 20:35:49,40841
False,LevelName,nvarchar,18,等级,100,True,True,False,textbox,False,False,True,升序,True,True,,,,,,,True,,,,,,,V_Dev_PositionLevelMap,27566,,,,温广燕,2026-01-15 17:39:36,40929
False,Tonnage,varchar,18,吨位,100,True,False,False,textbox,False,False,,,,,,,,,,,True,,,,,,,APS_AssessmentMachine,27575,,,,system,2026-01-22 15:16:30,41610
False,DailyWorkHour,int,18,每日上班时长,80,True,False,False,numberbox,False,False,,,,,,,,,,,True,,,,,,,APS_AssessmentResources,27576,,,,system,2026-01-22 15:16:30,41631
False,ProcessID,varchar,18,工序,100,True,False,False,combobox,False,False,True,,,,,,,,,,True,工序,,,,,,APS_ProcessPosition,27565,,,,温广燕,2026-01-15 15:27:09,41341
False,DailyWorkHour,int,18,每日上班时长,80,True,True,False,numberbox,False,False,,,,,,,,,,,True,,,,,,,V_APS_AssessmentResources,27573,,,,吴鑫鹏,2026-01-22 15:31:07,41694
False,ReQty,decimal,18,剩余数,80,True,False,False,numberbox,False,False,,,,,,,,,,,True,,,,,,,APS_OrganizeDemandOrder,26524,,,,system,2025-10-30 16:15:32,38193
False,DataCount,int,18,记录数,60,True,False,False,numberbox,False,False,True,,,,,,,,,custom,True,,,,,,,APS_InterfaceSAP,9030,,,,廖尚华,2026-05-21 16:54:38,39118
False,bomversion,varchar,18,BOM版本,80,True,False,False,textbox,False,False,,,,,,,,,,,True,,,,,,,V_APS_SalesPlanMaterial,6681,,,,吴鑫鹏,2025-11-12 16:12:44,39081
False,Extend2,varchar,18,单据状态,100,True,False,False,textbox,False,False,,,,,,,,,,,True,,,,,,,APS_ManualForecastDetail,9003,,,,system,2025-10-29 09:41:02,37938
False,MaterialID,int,18,料品ID,80,True,False,False,numberbox,False,False,,,,,,,,,,,True,,,,,,,APS_MaterialBalanceHistory,26517,,,,system,2025-10-29 20:30:04,37978
False,AllUnIssuedQty,decimal,18,需求汇总,80,True,False,False,numberbox,False,False,,,,,,,,,,,True,,,,,,,APS_MaterialBalanceTotalHistory,26518,,,,system,2025-10-29 20:30:04,38005
False,Analysis,nvarchar,18,解析,100,True,False,False,textbox,False,False,,,,,,,,,,,True,,,,,,,V_APS_MaterialBalanceHistory,26523,,,,陈坤和,2025-11-03 08:31:13,38050
False,HasQty,decimal,18,今日报工,50,True,False,False,numberbox,False,False,,,,,,,,,,,True,,,,,,,V_APS_MOPlanStep1V10,9013,,,,system,2025-10-10 15:46:49,36093
False,MaterialGroup,nvarchar,18,大类名称,100,True,False,False,textbox,False,False,,,,,,,,,,,True,,,,,,,APS_MaterialLadderLossRelated,26502,,,,system,2025-10-14 17:50:24,36321
False,StartNumber,int,18,起始数量,80,True,False,False,numberbox,False,False,,,,,,,,,,,True,,,,,,,APS_MaterialLadderLossConfig,26501,,,,system,2025-10-14 17:50:24,36300
False,Remark2,nvarchar,18,计划备注,300,True,False,False,textarea,False,False,,,,,,,,,,,True,,,,,,,V_APS_Report19,7920,,,,管理员,2025-11-06 16:42:46,36606
False,APSDeliveryReplyEndDate,datetime,18,APS评估交货完成日期,110,True,False,False,datebox,False,False,True,,,,,,,,,,True,,,,,,,APS_OrderDeliveryReply,26494,,,,温广燕,2025-09-26 18:17:53,35138
False,Extend4,nvarchar,18,状态,100,True,False,False,textbox,False,False,,,,,,,,,,,True,,,,,,,APS_MaterialOrg,25480,,,,system,2025-09-09 10:09:42,33943
False,OrderStatus,nvarchar,18,单据状态,80,True,False,False,textbox,False,False,,,,,,,,,,,True,,,,,,,APS_PR,7898,,,,江科,2025-09-26 20:13:15,35060
False,ERPID,varchar,18,ERP主键ID,100,True,False,False,textbox,False,False,,,,,,,,,,,True,,,,,,,MES_OrderRouteReport,28639,,,,system,2026-05-05 16:31:34,46918
False,HasQty2,int,18,今日报工,50,True,False,False,numberbox,False,False,,,,,,,,,,,True,,,,,,,V_APS_MOPlanStep1V2,7961,,,,范龙生,2026-04-28 11:13:57,46562
False,CodesDate,varchar,18,最迟答复交期,100,True,False,False,textbox,False,False,,,,,,,,,,,True,,,,,,,V_APS_Report17,7843,,,,廖尚华,2026-05-22 11:39:23,47749
False,OweQty_M2,decimal,18,第三月需购买数量,150,True,False,False,numberbox,False,False,,,,,,,,,,,True,,,,,,,V_APS_Report45,19333,,,,温广燕,2026-05-27 12:09:23,47744
False,POPeriod,int,18,采购周期,80,True,False,False,numberbox,False,False,,,,,,,,,,,True,,,,,,,V_APS_OrderForPrepare,7973,,,,温广燕,2026-05-27 11:50:33,47727
False,ActualTotalHour,decimal,18,标准总工时,80,True,False,False,numberbox,False,False,,,,,,,,,,,True,,,,,,,V_APS_PrepareView5,7789,,,,温广燕,2026-05-19 17:55:34,47463
False,PCB,varchar,18,PCB板,100,True,False,False,textbox,False,False,,,,,,,,,,,True,,,,,,,V_APS_Report1,7842,,,,廖尚华,2026-06-03 09:38:45,47388
False,ParamsLabel,varchar,18,页签,100,True,False,False,textbox,False,False,,,,,,,,,,,True,,,,,,,V_APS_ProcessPlanHistoryForWeek3,28646,,,,system,2026-06-04 17:57:23,48229
False,HasQty2,int,18,今日报工,80,True,False,False,numberbox,False,False,,,,,,,,,,,True,,,,,,,V_APS_MOPlanStep1V9,9014,,,,管理员,2026-04-13 13:00:20,45196
False,YearMonth,nvarchar,18,月份,100,True,True,False,textbox,False,False,True,,,,,,,,,,True,,,,,,,V_APS_Report12,7846,,,,温广燕,2026-04-20 11:12:52,45758
False,HasQty,decimal,18,今日报工,50,True,False,False,numberbox,False,False,,,,,,,,,,,True,,,,,,,V_APS_MOPlanStep2V1,7943,,,,system,2026-03-31 16:50:16,44797
False,Month5Forecast,decimal,18,5月预测,80,True,False,False,numberbox,False,False,,,,,,,,,,,True,,,,,,,V_APS_SalesOrderDetailPlanLine,12192,,,,温广燕,2026-05-29 11:26:33,44101
False,MasterID,bigint,18,最外层ID,80,True,False,False,numberbox,False,False,,,,,,,,,,,True,,,,,,,APS_MaterialForecastBom,28599,,,,system,2026-03-16 14:51:03,44300
False,ReplyDate,date,18,回复交期,90,True,False,False,datebox,False,False,,,,,,,,,,,True,,,,,,,V_APS_MaterialForecastForm,28598,,,,温广燕,2026-03-26 09:41:57,44404
False,ModifyedOn,datetime,18,修改日期,150,True,False,False,,False,False,,,,,,,,,,,True,,right,,,,,V_APS_MaterialForecast,8978,,,,管理员,2026-04-24 13:44:15,44344
False,MasterID,bigint,18,最外层ID,80,True,False,False,numberbox,False,False,,,,,,,,,,,True,,,,,,,APS_MaterialForecastForm,28600,,,,system,2026-03-16 14:51:03,44323
False,CreatedByName,nvarchar,18,维护人,60,True,False,False,,False,False,,,,,,,,,,,True,,,,,,,V_Dev_PositionExamRecord,28584,,,,管理员,2026-04-28 10:56:08,42862
False,DowntimeEnd,time,18,异常结束,80,True,True,False,timespinner,False,False,,,,,,,,,,,True,,,,,,,V_APS_ProductionReportMt,28573,,,,温广燕,2026-03-13 13:40:32,42442
False,EndReportDate,datetime,18,最后报工,100,True,False,False,datebox,False,False,,升序,,,,,,,,,True,,,,,,,V_APS_PrepareView4,7790,,,,管理员,2026-04-28 11:15:45,43637
False,SyncDatetime,datetime,18,同步日期,110,True,False,False,datebox,False,False,,,,,,,,,,,True,,,,,,,MES_RouteReport,28592,,,,system,2026-03-13 09:12:04,44063
False,Amount3,decimal,19,原材料超订金额,120,True,False,True,numberbox,False,False,,,,,,,,查看金额,,,True,,,,,,,V_APS_MaterialBalanceTotalHistory,26521,,,,江老师,2026-03-12 10:53:30,42366
False,TotalStockQty,decimal,19,最新库存,80,True,False,True,numberbox,False,False,,,,,,,,,,,True,,,,,,,V_APS_MaterialForecastForm,28598,,,,管理员,2026-04-13 11:36:26,44405
False,QPA,decimal,19,用量,50,True,False,True,numberbox,False,False,True,,,False,,,{0:G0},,SUM,custom,True,,,,,,,V_APS_OrderBOMNew,5021,False,,,陈坤和,2026-04-23 16:50:19,4812
False,Code,varchar,19,物料编码,85,True,False,True,textbox,False,False,False,,,True,,,,,,,True,,,,,,,V_APS_SalesOrderDetailALL,6694,,,,陈坤和,2026-01-27 15:41:15,12412
False,Code,varchar,19,物料编码,85,True,False,True,textbox,False,False,False,,,True,,,,,,,True,,,,,,,V_APS_Report21,7919,,,,江科,2025-09-09 09:16:22,28378
False,Qty,decimal,19,工单数,60,True,False,True,numberbox,False,False,,,,,,,,,,,True,,,,,,,V_APS_MOPlanStep2V10,9018,,,,管理员,2026-04-28 20:26:15,23237
False,Extend10,nvarchar,19,补给方式,80,True,False,True,textbox,False,False,,,,True,精确匹配,,,,,custom,True,,,,,,,V_APS_MaterialMaintain,10110,,,,陈坤和,2026-01-27 15:42:48,21537
False,AllUnIssuedQty,decimal,19,需求汇总,100,True,False,True,numberbox,False,False,False,,,,,,,,,custom,True,,,,,,,V_APS_OrderPrepareReport,7804,,,,陈坤和,2026-01-28 09:05:59,16127
False,ReplyDate,datetime,19,回复交期,120,True,True,False,datebox,False,False,False,,,,,,,,,custom,True,,,,,,,V_APS_Report17,7843,,,,廖尚华,2026-05-22 11:39:23,14981
False,POQty,decimal,19,数量,70,True,False,False,numberbox,False,False,False,,,,,,{0:G0},,SUM,,True,,,,,,,V_APS_PO,6751,,,,陈坤和,2026-06-16 11:58:01,13971
False,Extend2,varchar,19,投产工时,80,True,True,False,textbox,False,False,True,,,,,,,,,,True,,,,,,,V_APS_DayPlanForActive,6688,,,,江科,2025-09-09 16:56:37,17162
False,SourceOrderLineNo,varchar,19,SO行,80,True,False,False,textbox,False,False,,,,,,,,,,,True,,,,,,,V_APS_OrderPlanMaterialForm,5165,,,,廖尚华,2026-06-04 14:42:05,28267
False,OncheckQty,decimal,19,待检,50,True,False,False,numberbox,False,False,,,,,,,,,,,True,,,,,,,V_APS_OrderPlanMaterialFormByItem1,18289,,,,廖尚华,2026-01-22 17:04:28,28575
False,TransitTime,int,19,运输时间,85,True,True,False,textbox,False,False,False,,,,,,,,,custom,True,,,,,,,V_APS_DeliveryRule,8992,,,,温广燕,2026-01-28 10:56:49,25222
False,Code,varchar,19,物料编码,150,True,False,False,textbox,False,False,False,,,,,,,,,custom,True,,,,,,,V_APS_SalesPlanDay,6679,,,,江科,2025-09-09 09:17:09,12131
False,ProductName,nvarchar,19,物料名称,150,True,False,False,textbox,False,False,False,,,,,,,,,custom,True,,,,,,,Item_OrderPickListDateInfo7,5603,,,,江科,2025-09-09 09:18:45,9781
False,Remark2,nvarchar,19,换线时间(分),70,True,False,False,,False,False,False,,,,,,,,,custom,True,,,,,,,V_APS_ProcessMaterialError,5126,,,,江老师,2026-03-06 08:12:12,7666
False,Remark2,nvarchar,19,日记账备注,90,True,False,False,textbox,False,False,False,,,,,,,,,custom,True,,,,,,,V_APS_OrderPicking,3010,,,,陈坤和,2026-03-25 08:51:53,3953
False,QueryMethod,int,19,查询方式,80,True,True,False,combobox,False,False,True,,,False,,,,,,custom,True,,,,,,,V_DictionaryField,35,False,,,温广燕,2026-03-16 14:26:59,736
False,HandleCompletionDate,datetime,19,处理完成日期,110,True,False,False,datebox,False,False,,,,,,,,,,,True,,,,,,,APS_MaterialOrg,25480,,,,system,2025-09-09 10:09:42,33944
False,OweQty,decimal,19,未完成,60,True,False,False,numberbox,False,False,,,,,,,,,,,True,,,,,,,V_APS_MOPlanStep1V2,7961,,,,吴鑫鹏,2025-10-23 16:16:57,35942
False,Capacity,decimal,19,标准产能,80,True,False,False,textbox,False,False,,,,,,,,,,,True,,,,,,,V_APS_MOPlanStep1V2,7961,,,,范龙生,2026-04-29 16:25:57,35953
False,Spec,nvarchar,19,物料规格,100,True,False,False,textbox,False,False,,,,,,,,,,,True,,,,,,,V_APS_Report42,19335,,,,陈坤和,2026-03-23 17:30:49,37005
False,ProductLineName,nvarchar,19,生产线体,100,True,False,False,textbox,False,False,,,,,,,,,,,True,,,,,,,V_APS_Report19,7920,,,,管理员,2025-11-06 16:25:00,36679
False,EndNumber,int,19,结束数量,80,True,False,False,numberbox,False,False,,,,,,,,,,,True,,,,,,,APS_MaterialLadderLossConfig,26501,,,,system,2025-10-14 17:50:24,36301
False,RelatedType,nvarchar,19,对应类别,100,True,False,False,textbox,False,False,,,,,,,,,,,True,,,,,,,APS_MaterialLadderLossRelated,26502,,,,system,2025-10-14 17:50:24,36322
False,OweQty,decimal,19,未完成,60,True,False,False,numberbox,False,False,,,,,,,,,,,True,,,,,,,V_APS_MOPlanStep1V10,9013,,,,吴鑫鹏,2025-10-10 17:31:45,36099
False,Qty,decimal,19,工单数,80,True,False,False,numberbox,False,False,,,,,,,,,,,True,,,,,,,V_APS_Orderfinish,24427,,,,吴鑫鹏,2025-10-10 16:16:25,36115
False,AllOnload,decimal,19,在途汇总,80,True,False,False,numberbox,False,False,,,,,,,,,,,True,,,,,,,APS_MaterialBalanceTotalHistory,26518,,,,system,2025-10-29 20:30:04,38006
False,Code,varchar,19,物料编码,100,True,False,False,textbox,False,False,,,,,,,,,,,True,,,,,,,APS_MaterialBalanceHistory,26517,,,,system,2025-10-29 20:30:04,37979
False,Extend3,varchar,19,预留类型,100,True,False,False,textbox,False,False,,,,,,,,,,,True,,,,,,,APS_ManualForecastDetail,9003,,,,system,2025-10-29 09:41:02,37939
False,ExpireStatus,varchar,19,是否到期,80,True,False,False,textbox,False,False,,,,,,,,,,,True,,,,,,,V_APS_SalesOrderDetailDelivery,26509,,,,江科,2025-11-06 10:02:13,37194
False,OrderDetail1,nvarchar,19,未完成工单1（含行号关联）,150,True,False,False,textbox,False,False,,,,,,,,,,,True,,,,,,,V_APS_SalesPlanMaterial,6681,,,,吴鑫鹏,2025-11-12 16:16:00,39082
False,RunMinutes,decimal,19,用时(分),60,True,False,False,numberbox,False,False,True,,,,,,,,,custom,True,,,,,,,APS_InterfaceSAP,9030,,,,廖尚华,2026-05-21 16:54:38,39117
False,Extend1,varchar,19,扩展1,100,True,False,False,textbox,False,False,,,,,,,,,,,True,,,,,,,APS_OrganizeDemandOrder,26524,,,,system,2025-10-30 16:15:32,38194
False,MonthlyWorkDays,int,19,每月上班天数,80,True,True,False,numberbox,False,False,,,,,,,,,,,True,,,,,,,V_APS_AssessmentResources,27573,,,,吴鑫鹏,2026-01-22 15:31:07,41695
False,DailyWorkHour,int,19,每日上班时长,80,True,True,False,numberbox,False,False,,,,,,,,,,,True,,,,,,,V_APS_AssessmentMachine,27572,,,,吴鑫鹏,2026-01-22 15:30:40,41674
False,ForecastQty,decimal,19,预测需求,80,True,False,False,numberbox,False,False,,,,,,,,,,,True,,,,,,,V_APS_SalesOrderBom,26496,,,,温广燕,2026-01-23 13:25:21,41790
False,UnReceivedQty,decimal,19,未清数量,80,True,False,False,numberbox,False,False,,,,,,,,,,,True,,,,,,,V_APS_POSummary,25460,,,,陈坤和,2026-01-31 11:58:50,42206
False,Spec,nvarchar,19,规格,100,True,False,False,textbox,False,False,,,,,,,,,,,True,,,,,,,V_APS_SalesOrderWarning,28571,,,,陈坤和,2026-01-27 15:42:14,42039
False,MonthlyWorkDays,int,19,每月上班天数,80,True,False,False,numberbox,False,False,,,,,,,,,,,True,,,,,,,APS_AssessmentResources,27576,,,,system,2026-01-22 15:16:30,41632
False,DailyWorkHour,int,19,每日上班时长,80,True,False,False,numberbox,False,False,,,,,,,,,,,True,,,,,,,APS_AssessmentMachine,27575,,,,system,2026-01-22 15:16:30,41611
False,PositionType,nvarchar,19,类型,100,True,True,False,textbox,False,False,True,,,True,,,,,,,True,,,,,,,V_Dev_Position,27568,,,,温广燕,2026-01-15 17:34:48,40884
False,PositionName,nvarchar,19,岗位,100,True,True,False,textbox,False,False,True,,,True,,,,,,,True,,,,,,,V_Dev_PositionLevelMap,27566,,,,温广燕,2026-01-15 17:39:36,41069
False,PositionID,int,19,岗位,80,True,False,False,numberbox,False,False,,,,,,,,,,,True,,,,,,,Dev_PositionLevelMap,27563,,,,system,2026-01-12 20:35:49,40842
False,PositionID,int,19,岗位,80,True,False,False,numberbox,False,False,False,,,,,,,,,,True,,,,,,,APS_ProcessPosition,27565,,,,温广燕,2026-01-15 15:09:15,40797
False,PositionType,nvarchar,19,类型,100,True,False,False,textbox,False,False,,,,,,,,,,,True,,,,,,,Dev_Position,39,,,,温广燕,2026-01-12 15:27:37,40770
False,MaterialName,nvarchar,19,产品名称,100,True,False,False,textbox,False,False,,,,True,,,,,,,True,,,,,,,V_APS_NewProductTrial,27561,,,,陈坤和,2026-01-31 11:56:28,40660
False,DeliveryDate,datetime,19,客供料交期,90,True,False,False,datebox,False,False,,,,,,,{0:yyyy-MM-dd},,,,True,,,,,,,APS_SalesOrder_JDY,27537,,,,陈坤和,2026-04-14 15:36:07,39377
False,DeliveryDate,datetime,19,客供料交期,90,True,False,False,datebox,False,False,,,,,,,,,,,True,,,,,,,V_APS_SalesOrderDetail_JDY,27538,,,,system,2025-12-05 10:35:31,39406
False,FieldType,nvarchar,19,属性类型,80,True,True,False,combobox,False,False,True,,,,,,,,,custom,True,接口输出类型,,,,,,APS_InterfaceSAPOutputField,9033,,,,陈坤和,2026-01-14 15:16:34,39194
False,StorageLocation,nvarchar,19,储位,60,True,False,False,textbox,False,False,,,False,,,,,,,,True,,,,,,,APS_ToolingRegister_JDY,27556,,,,管理员,2026-04-29 10:40:08,39804
False,CreatedByName,nvarchar,19,提交人,60,True,False,False,textbox,False,False,,,,,,,,,,,True,,,,,,,APS_ProductAgingCondition_JDY,27555,,,,管理员,2025-12-25 15:08:00,39761
False,Initiator,varchar,19,发起人员,100,True,False,False,textbox,False,False,,,,,,,,,,,True,,,,,,,APS_NewProductTrial,27560,,,,system,2026-01-07 11:06:32,40541
False,ProductSpec,nvarchar,19,产品规格,150,True,False,False,textbox,False,False,,,,False,,,,,,,True,,,,,,,APS_TempChangeRequest,27558,,,,陈坤和,2026-01-31 11:57:17,40621
False,ProcessName,nvarchar,19,工序,100,True,False,False,textbox,False,False,,,,,,,,,,,True,,,,,,,V_APS_QualityAbnormalityCase,27562,,,,陈坤和,2026-01-31 11:56:56,40683
False,OccurrenceDate,datetime,19,日期,110,True,False,False,datebox,False,False,,,,,,,,,,,True,,,,,,,APS_QualityAbnormalityCase,27559,,,,system,2026-01-07 11:06:32,40576
False,MaterialID,bigint,19,料品ID,80,True,False,False,numberbox,False,False,,,,,,,,,,,True,,,,,,,APS_MaterialForecastForm,28600,,,,system,2026-03-16 14:51:03,44324
False,MaterialID,bigint,19,料品ID,80,True,False,False,numberbox,False,False,,,,,,,,,,,True,,,,,,,APS_MaterialForecastBom,28599,,,,system,2026-03-16 14:51:03,44301
False,Month5Actual,decimal,19,5月下单,80,True,False,False,numberbox,False,False,,,,,,,,,,,True,,,,,,,V_APS_SalesOrderDetailPlanLine,12192,,,,温广燕,2026-05-29 11:26:33,44102
False,Extend10,nvarchar,19,补给方式,80,True,False,False,textbox,False,False,,,,True,精确匹配,,,,,custom,True,,,,,,,V_APS_ProcessMaterialPartError,28601,,,,管理员,2026-04-21 15:26:35,44448
False,OweQty,decimal,19,未完成,60,True,False,False,numberbox,False,False,,,,,,,,,,,True,,,,,,,V_APS_MOPlanStep1V9,9014,,,,system,2026-03-31 10:26:36,44759
False,OweQty,decimal,19,未完成,60,True,False,False,numberbox,False,False,,,,,,,,,,,True,,,,,,,V_APS_MOPlanStep2V1,7943,,,,system,2026-03-31 16:50:16,44810
False,TargetQty,decimal,19,预测产值,80,True,True,False,numberbox,False,False,True,,,,,,,,,,True,,,,,,,V_APS_Report12,7846,,,,温广燕,2026-04-20 11:12:52,45759
False,SupplierCode,varchar,19,供应商代码,120,True,False,False,textbox,False,False,,,,,,,,,,,True,,,,,,,V_APS_Report43,19336,,,,陈坤和,2026-05-09 15:26:02,45290
False,DowntimeHours,decimal,19,异常工时,80,True,True,False,numberbox,False,False,,,,,,,,,,,True,,,,,,,V_APS_ProductionReportMt,28573,,,,温广燕,2026-03-13 13:40:32,42436
False,ModifiedByName,nvarchar,19,更新人,60,True,False,False,,False,False,,,,,,,,,,,True,,,,,,,V_Dev_PositionExamRecord,28584,,,,管理员,2026-04-28 10:56:08,42864
False,DataSource,nvarchar,19,数据来源,100,True,False,False,textbox,False,False,,,,,,,,,,,True,,,,,,,MES_RouteReport,28592,,,,system,2026-03-13 09:12:04,44064
False,FinalDeliveryDate,datetime,19,ERP最终交期,100,True,False,False,textbox,False,False,,,,,,,,,,,True,,,,,,,V_APS_PrepareView1,7793,,,,江老师,2026-03-12 11:53:05,43777
False,StencilNO,varchar,19,钢网,100,True,False,False,textbox,False,False,,,,,,,,,,,True,,,,,,,V_APS_Report1,7842,,,,廖尚华,2026-06-03 09:38:45,47389
False,AllocQty,decimal,19,分配数,80,True,False,False,numberbox,False,False,,,,,,,,,,,True,,,,,,,V_APS_Report39,10122,,,,陈坤和,2026-05-14 19:44:17,47395
False,Efficiency,decimal,19,当前效率值,80,True,False,False,numberbox,False,False,,,,,,,,,,,True,,,,,,,V_APS_PrepareView5,7789,,,,温广燕,2026-05-19 17:55:34,47464
False,AddOrderDate,datetime,19,需下单日期,110,True,False,False,datebox,False,False,,,,True,,,,,,,True,,,,,,,V_APS_OrderForPrepare,7973,,,,温广燕,2026-05-27 11:50:33,47740
False,Qty,decimal,19,工单数量,50,True,False,False,numberbox,False,False,,,,,,,,,,,True,,,,,,,V_APS_OrderPlanMaterialFormList,5594,,,,管理员,2026-06-16 13:36:19,47864
False,PlanQty,decimal,19,数量,80,True,False,False,numberbox,False,False,,,,,,,,,,,True,,,,,,,V_APS_Report57,19321,,,,管理员,2026-04-29 16:15:36,46569
False,Y1,decimal,19,1月,80,True,False,False,numberbox,False,False,,,,,,,,,SUM,,True,,,,,,,V_APS_MaterialDeliveryConfig,25477,,,,陈坤和,2026-05-06 08:59:54,46888
False,SyncDatetime,datetime,19,同步日期,110,True,False,False,datebox,False,False,,,,,,,,,,,True,,,,,,,MES_OrderRouteReport,28639,,,,system,2026-05-05 16:31:34,46919
False,MaterialName,nvarchar,19,物料描述,150,True,False,False,textbox,False,False,,,,,,,,,,,True,,,,,,,V_APS_Report47,19331,,,,陈坤和,2026-04-24 14:47:05,46232
False,OutPutQty,decimal,19,已投产,65,True,False,False,numberbox,False,False,,,,,,,,,,,True,,,,,,,V_APS_Order,49,,,,管理员,2026-04-28 07:56:46,46224
False,TrayOfQty,int,19,每托数量,80,True,True,False,numberbox,False,False,,,,,,,,,,,True,,,,,,,V_APS_Report46,19332,,,,陈坤和,2026-04-29 09:35:26,46169
False,Qty,decimal,19,数量,80,True,False,False,numberbox,False,False,,,,,,,,,,,True,,,,,,,V_APS_Report56,19322,,,,陈坤和,2026-04-23 17:05:37,46021
False,Remark3,nvarchar,19,计划备注,110,True,True,False,textbox,False,False,True,,,True,,,,,,,True,,,,,,,V_APS_MOPlanStep1V12,9021,,,,廖尚华,2026-05-28 10:16:04,45796
False,PlanQty,decimal,20,排产数,60,True,False,True,numberbox,False,False,,,False,,,,,,,,True,,,,,,,V_APS_ProcessPlanHistoryForWeek2,28636,,,,管理员,2026-06-16 10:04:17,45844
False,Code,varchar,20,产品编码,100,True,False,True,textbox,False,False,,,False,True,,,,,,,True,,,,,,,V_APS_Report55,19324,,,,管理员,2026-04-24 16:13:31,46309
False,Code,varchar,20,产品编码,100,True,False,True,textbox,False,False,,,False,True,,,,,,,True,,,,,,,V_APS_PrepareView3,7791,,,,管理员,2026-04-24 16:32:15,46329
False,PlanQty,decimal,20,计划数,60,True,False,True,numberbox,False,False,,,False,,,,,,,,True,,,,,,,V_APS_ProcessPlanHistoryForWeek,28634,,,,管理员,2026-06-16 10:12:11,45676
False,MaterialName,nvarchar,20,物料描述,110,True,False,True,textbox,False,False,,,,True,,,,,,,True,,,,,,,V_APS_SalesOutStock,24409,,,,范龙生,2026-04-15 15:56:26,41550
False,DemandQty,decimal,20,需求,50,True,False,True,numberbox,False,False,False,,False,False,,,{0:G0},,,,True,,,,,False,,V_APS_OrderPlanMaterialFormList,5594,False,,,管理员,2026-06-16 13:36:19,9661
False,Spec,nvarchar,20,规格型号,230,True,False,True,textbox,False,False,,,,True,,,,,,,True,,,,,,,V_APS_Report54,19323,,,,管理员,2026-04-24 11:45:20,33896
False,Code,varchar,20,产品编码,80,True,False,True,textbox,False,False,,升序,,True,,,,,,,True,,,,,,,V_APS_Report60,19318,,,,温广燕,2026-04-29 11:15:09,33693
False,PlanScheduled,datetime,20,要求齐料,50,True,False,True,datebox,False,False,,升序,False,True,,,{0:MM-dd},,,,True,,,,,,,V_APS_Report3,7841,,,,管理员,2026-04-28 16:21:30,28642
False,Spec,nvarchar,20,规格型号,180,True,False,True,textbox,False,False,,,,True,,,,,,custom,True,,,,,,,V_APS_Report38,11151,,,,管理员,2026-05-05 17:29:38,20029
False,PlanQty,decimal,20,计划数,60,True,True,True,numberbox,False,False,,,,,,,,,,,True,,,,,,,V_APS_MOPlanStep2V10,9018,,,,管理员,2026-04-28 20:41:34,23256
False,ProductNames,nvarchar,20,物料名称,220,True,False,False,textbox,False,False,,,,True,,,,,,custom,True,,,,,,,V_APS_OrderPlanMaterialFormBySummary,9007,,,,江科,2025-09-09 09:18:46,23633
False,Code,varchar,20,物料编码,80,True,False,False,textbox,False,False,,,,True,,,,,,,True,,,,,,,V_APS_OrderPlanChange,7970,,,,范龙生,2026-05-12 12:27:11,21382
False,SourceOrderNo,varchar,20,销售单,60,True,False,False,textbox,False,False,True,,,True,,,,,,custom,True,,,,,,,V_APS_MOPlanStep4V11,9019,,,,温广燕,2026-04-27 11:04:40,18763
False,Remark1,nvarchar,20,采购备注,100,True,True,False,textbox,False,False,False,,False,False,,,,,,custom,True,,,,,False,,V_APS_Report17,7843,False,,,廖尚华,2026-05-22 11:39:23,14961
False,Extend1,varchar,20,计划平均生产规模,80,True,False,False,textbox,False,False,,,,,,,,,,,True,,,,,,,V_APS_MaterialBOM,1185,,,,管理员,2026-03-02 11:21:24,33450
False,CompletionDate,datetime,20,完工日期,80,True,False,False,datebox,False,False,,,,True,,,{0:yyyy-MM-dd},,,,True,,,,,,,V_APS_OrderForToDo,5139,,,,江科,2025-10-13 20:49:08,25799
False,Remark1,nvarchar,20,备注,600,True,True,False,textbox,False,False,,,,,,,,,,custom,True,,,,,,,V_APS_DeliveryRule,8992,,,,管理员,2026-01-27 23:24:23,25212
False,OnloadQty,decimal,20,PO未交,60,True,False,False,numberbox,False,False,,,,,,,,,,,True,,,,,,,V_APS_OrderPlanMaterialFormByItem1,18289,,,,管理员,2026-04-27 14:27:32,28582
False,PriceProcessCode,varchar,20,,150,True,False,False,textbox,False,False,False,,,,,,,查看金额,,custom,True,,,,,,,R_InventoryValueDetail,5612,,,,管理员,2026-01-27 23:30:06,10078
False,Code,varchar,20,物料编码,150,True,True,False,textbox,False,False,True,,,,,,,,,custom,True,,,,,,,V_APS_MaterialReportDetail,6704,,,,江科,2025-09-09 09:17:09,12640
False,Extend4,varchar,20,班制,150,True,True,False,combobox,False,False,True,,,False,,,,,,custom,True,班制,,,,,,APS_WorkingTimes,86,,,,管理员,2025-11-06 10:03:47,2365
False,CreatedByName,nvarchar,20,配置人员,100,True,False,False,,False,False,False,,,,,,,,,custom,True,,,,,,,V_APS_OrganizeWorkingTimesDetail,97,,,,管理员,2025-11-26 08:20:44,1508
False,DefaultValue,varchar,20,默认值,65,True,True,False,combobox,False,False,True,,,False,,,,,,custom,True,数据默认值,,,,,,V_DictionaryField,35,,,,温广燕,2026-03-16 14:26:59,1491
False,ProductCode,varchar,20,产品编码,150,True,True,False,textbox,False,False,True,,,False,,,,,,custom,True,,,,,,,Import_Bom,5007,False,,,江科,2025-09-28 10:11:51,4499
False,UserType,int,20,类型,100,True,True,False,combobox,False,False,True,,,,,,,,,custom,True,员工类型,,,,,,V_Dev_Account,3007,,,,管理员,2026-01-21 09:50:08,4335
False,Price,decimal,20,单价,80,True,True,False,numberbox,False,False,True,,,,,,{0:G0},查看金额,,custom,True,,,,,,,Import_OrderHistory,5008,,,,管理员,2026-01-27 23:30:06,4537
False,Account,varchar,20,账号,100,True,False,False,textbox,False,False,True,,,,,,,,,,True,,,,,,,APS_ProcessPosition,27565,,,,温广燕,2026-01-15 15:27:09,41342
False,MonthlyWorkDays,int,20,每月上班天数,80,True,False,False,numberbox,False,False,,,,,,,,,,,True,,,,,,,APS_AssessmentMachine,27575,,,,system,2026-01-22 15:16:30,41612
False,Qty1,int,20,数量1,80,True,False,False,numberbox,False,False,,,,,,,,,,,True,,,,,,,APS_AssessmentResources,27576,,,,system,2026-01-22 15:16:30,41633
False,MinScore,decimal,20,最小分,80,True,False,False,numberbox,False,False,,,,,,,,,,,True,,,,,,,Dev_PositionLevelMap,27563,,,,system,2026-01-12 20:35:49,40843
False,MinScore,decimal,20,最小分,80,True,True,False,numberbox,False,False,True,,,False,,,,,,,True,,,,,,,V_Dev_PositionLevelMap,27566,,,,温广燕,2026-01-15 17:39:36,40931
False,StockQtyAll,decimal,20,库存汇总(万),80,True,False,False,numberbox,False,False,,,,,,,{0:F2},,,,True,,,,,,,V_APS_PrepareView16,7871,,,,温广燕,2026-03-09 15:25:20,42133
False,SampleQty,decimal,20,样品需求,80,True,False,False,numberbox,False,False,,,,,,,,,,,True,,,,,,,V_APS_SalesOrderBom,26496,,,,温广燕,2026-01-23 13:25:38,41791
False,MonthlyWorkDays,int,20,每月上班天数,80,True,True,False,numberbox,False,False,,,,,,,,,,,True,,,,,,,V_APS_AssessmentMachine,27572,,,,吴鑫鹏,2026-01-22 15:30:40,41675
False,Qty1,int,20,总需求数量,80,True,True,False,numberbox,False,False,,,,,,,,,,,True,,,,,,,V_APS_AssessmentResources,27573,,,,吴鑫鹏,2026-01-22 16:07:15,41696
False,Extend5,nvarchar,20,工单备注,100,True,False,False,textbox,False,False,,,,True,,,,,,,True,,,,,,,V_APS_MOPlanStep1V12,9021,,,,廖尚华,2026-05-28 10:16:04,41559
False,CustomerName,nvarchar,20,客户,100,True,False,False,textbox,False,False,,,,,,,,,,,True,,,,,,,APS_QualityAbnormalityCase,27559,,,,system,2026-01-07 11:06:32,40577
False,CustomerCode,varchar,20,客户代码,100,True,False,False,textbox,False,False,,,,,,,,,,,True,,,,,,,APS_NewProductTrial,27560,,,,system,2026-01-07 11:06:32,40542
False,IsActive,nvarchar,20,启用状态,80,True,False,False,textbox,False,False,,,False,,,,,,,,True,,,,,,,APS_ToolingRegister_JDY,27556,,,,陈坤和,2025-12-25 18:37:45,39796
False,Extend2,varchar,20,仓库,60,True,False,False,textbox,False,False,,,,,,,,,,,True,,,,,,,V_APS_MaterialBOM,1185,,,,管理员,2026-03-02 11:21:12,39735
False,Extend3,varchar,20,项目,60,True,False,False,textbox,False,False,,,,,,,,,,,True,,,,,,,V_APS_MaterialBOM,1185,,,,管理员,2026-03-02 11:21:12,39736
False,ModifyedOn,datetime,20,修改日期,150,True,False,False,,False,False,,,,,,,,,,,True,,,,,,,V_APS_LineAttendance,10113,,,,管理员,2026-05-09 19:58:35,39272
False,Extend2,varchar,20,扩展2,100,True,False,False,textbox,False,False,,,,,,,,,,,True,,,,,,,APS_OrganizeDemandOrder,26524,,,,system,2025-10-30 16:15:32,38195
False,SyncDatetime,datetime,20,最近同步时间,120,True,True,False,datebox,False,False,,,,True,,,,,,custom,True,,,,,,,APS_InterfaceSAP,9030,,,,廖尚华,2026-05-21 16:54:38,39109
False,OrderDetail2,nvarchar,20,未完成工单2（不含行号关联）,150,True,False,False,textbox,False,False,,,,,,,,,,,True,,,,,,,V_APS_SalesPlanMaterial,6681,,,,吴鑫鹏,2025-11-12 16:16:00,39083
False,UnitName,varchar,20,单位,100,True,False,False,textbox,False,False,,,,,,,,,,,True,,,,,,,APS_ManualForecastDetail,9003,,,,system,2025-10-29 09:41:02,37940
False,AllUnIssuedQty,decimal,20,需求汇总,80,True,False,False,numberbox,False,False,,,,,,,,,,,True,,,,,,,APS_MaterialBalanceHistory,26517,,,,system,2025-10-29 20:30:04,37980
False,StockQtyAll,decimal,20,库存汇总,80,True,False,False,numberbox,False,False,,,,,,,,,,,True,,,,,,,APS_MaterialBalanceTotalHistory,26518,,,,system,2025-10-29 20:30:04,38007
False,Efficiency,decimal,20,效率,80,True,False,False,numberbox,False,False,,,,,,,,,,,True,,,,,,,APS_ProcessMaterialHistory,26519,,,,system,2025-10-29 20:30:04,38028
False,ModifiedByName,nvarchar,20,修改姓名,100,True,False,False,,False,False,,,,,,,,,,,True,,,,,,,V_APS_ProcessMaterialHistory,26520,,,,陈坤和,2025-10-29 21:02:18,38083
False,CompletionQty,decimal,20,已完成数,80,True,False,False,numberbox,False,False,,,,,,,,,,,True,,,,,,,V_APS_Orderfinish,24427,,,,吴鑫鹏,2025-10-10 16:16:59,36116
False,ID,int,20,ID,80,True,False,False,numberbox,False,True,,,,,精确匹配,,,,,,True,,,,,,,APS_MaterialLadderLossRelated,26502,,,,system,2025-10-14 17:50:24,36323
False,LossProportion,decimal,20,损耗百分比(数字),80,True,False,False,numberbox,False,False,,,,,,,,,,,True,,,,,,,APS_MaterialLadderLossConfig,26501,,,,system,2025-10-14 17:50:24,36302
False,Extend7,nvarchar,20,投产人数,100,True,False,False,textbox,False,False,,,,,,,,,,,True,,,,,,,V_APS_Report19,7920,,,,管理员,2025-11-06 16:25:36,36673
False,HasQty1,decimal,20,昨日累计,55,True,False,False,numberbox,False,False,,,,,,,,,,,True,,,,,,,V_APS_ProcessPlanForSchedinng,5168,,,,江科,2025-10-21 10:25:40,36261
False,DemandDate,datetime,20,过账日期,80,True,False,False,datebox,False,False,,,,True,,,,,,custom,True,,,,,,,V_APS_Report49,19329,,,,管理员,2025-12-25 15:44:41,35542
False,ApproveDate,datetime,20,审核日期,80,True,False,False,datebox,False,False,,,,,,,{0:yyyy-MM-dd},,,,True,,,,,,,APS_PR,7898,,,,江科,2025-09-26 20:15:48,35069
False,ActualQty,decimal,20,实际产值,80,True,False,False,numberbox,False,False,,,,,,,,,,,True,,,,,,,V_APS_Report12,7846,,,,温广燕,2026-04-20 11:10:01,45760
False,LayoutCount,int,20,拼版数,70,True,True,False,numberbox,False,False,,,,,,,,,,,True,,,,,,,V_APS_Report20,7921,,,,范龙生,2026-03-20 10:21:50,44578
False,Month6Forecast,decimal,20,6月预测,80,True,False,False,numberbox,False,False,,,,,,,,,,,True,,,,,,,V_APS_SalesOrderDetailPlanLine,12192,,,,温广燕,2026-05-29 11:26:33,44103
False,Capacity,decimal,20,标准UPPH,80,True,False,False,numberbox,False,False,,,,,,,,,,,True,,,,,,,V_APS_ProcessPartMaterial,28593,,,,江老师,2026-03-17 14:38:25,44185
False,Capacity,decimal,20,标准UP/H,80,True,True,False,numberbox,False,False,,,,,,,,,,,True,,,,,,,APS_ProcessPartMaterial,28594,,,,system,2026-03-14 16:32:12,44146
False,WarehouseName,nvarchar,20,仓库,100,True,False,False,textbox,False,False,,,,True,,,,,,,True,,,,,,,V_APS_Report2,7840,,,,范龙生,2026-03-12 18:48:14,44019
False,ParentID,bigint,20,岗位名称,80,True,False,False,numberbox,False,False,,,,,,,,,,,True,,,,,,,APS_MaterialForecastBom,28599,,,,system,2026-03-16 14:51:03,44302
False,Capacity,decimal,20,标准UPPH,100,True,True,False,numberbox,False,False,,,,,,,,,,,True,,,,,,,APS_ProcessPartMaterialImport,28596,,,,陈坤和,2026-04-15 16:27:12,44214
False,ParentID,bigint,20,岗位名称,80,True,False,False,numberbox,False,False,,,,,,,,,,,True,,,,,,,APS_MaterialForecastForm,28600,,,,system,2026-03-16 14:51:03,44325
False,Capacity,decimal,20,标准产能UPH,90,True,False,False,numberbox,False,False,,,,,,,,,,,True,,,,,,,V_APS_ProcessPartMaterial2,28595,,,,管理员,2026-04-24 13:36:56,44239
False,SlpName,nvarchar,20,采购员,70,True,False,False,textbox,False,False,,,,,,,,,,,True,,,,,,,V_APS_MaterialForecastForm,28598,,,,管理员,2026-04-13 11:36:08,44403
False,Proportion,decimal,20,分配比例,80,True,True,False,numberbox,False,False,,,,,,,,,,,True,,,,,,,V_PWS_ProcessMaterial,5096,,,,范龙生,2026-03-17 12:08:03,44513
False,CustomerOrder,nvarchar,20,客户参考编号,100,True,False,False,textbox,False,False,,,,,,,,,,,True,,,,,,,V_APS_PrepareView1,7793,,,,江老师,2026-03-12 11:53:05,43774
False,OrganizeID,int,20,所属组织,600,True,False,False,numberbox,False,False,,,,,,,,,,,True,,,,,,,V_APS_SchedulingOutByOrder,73,,,,江老师,2026-03-12 15:27:08,43820
False,Priority,int,20,工序序号,80,True,False,False,numberbox,False,False,,,,,,,,,,,True,,,,,,,MES_RouteReport,28592,,,,system,2026-03-13 09:12:04,44065
False,PCDeliveryDate,datetime,20,计划交期,90,True,False,False,datebox,False,False,,,,,,,,,,,True,,,,,,,V_APS_PrepareView4,7790,,,,江老师,2026-03-12 10:44:00,43633
False,CreatedOn,datetime,20,维护时间,140,True,False,False,,False,False,,倒序,,,,,,,,,True,,,,,,,V_Dev_PositionExamRecord,28584,,,,管理员,2026-04-28 10:59:33,42865
False,ParentCode,varchar,20,上级编码,80,True,False,False,textbox,False,False,,,,False,,,,,,,True,,,,,,,V_APS_Report32,7909,,,,江老师,2026-03-10 10:34:09,43015
False,Project,nvarchar,20,管理项目,70,True,False,False,textbox,False,False,,,,,,,,,,,True,,,,,,,V_APS_ProcessMaterialError,5126,,,,江老师,2026-03-06 08:12:12,42552
False,Submitter,nvarchar,20,提交人,70,True,False,False,textbox,False,False,,,,,,,,,,,True,,,,,,,V_APS_ProductionReportMt,28573,,,,温广燕,2026-03-13 13:40:32,42531
False,DataSource,nvarchar,20,数据来源,100,True,False,False,textbox,False,False,,,,,,,,,,,True,,,,,,,MES_OrderRouteReport,28639,,,,system,2026-05-05 16:31:34,46920
False,PCCapacity,decimal,20,PC产能,80,True,True,False,numberbox,False,False,,,,,,,,,,,True,,,,,,,V_APS_MOPlanStep1V2,7961,,,,范龙生,2026-04-29 16:25:49,46757
False,ConfirmQty,decimal,20,确认数量,80,True,False,False,numberbox,False,False,,,,,,,,,,,True,,,,,,,V_APS_OrderForPrepare3,7975,,,,温广燕,2026-06-01 14:32:52,47904
False,CustomerName,nvarchar,20,客户名称,100,True,False,False,textbox,False,False,,,,,,,,,,,True,,,,,,,V_APS_OrderForPrepare,7973,,,,温广燕,2026-05-27 11:50:33,47756
False,DiffHours,decimal,20,超欠产工时,80,True,False,False,numberbox,False,False,,,,,,,,,,,True,,,,,,,V_APS_PrepareView5,7789,,,,温广燕,2026-05-19 17:55:34,47465
False,IsSample,varchar,20,样品,100,True,False,False,textbox,False,False,,,,True,,,,,,,True,,,,,,,V_APS_Report1,7842,,,,廖尚华,2026-06-03 09:38:46,47401
False,Qty3,decimal,21,半成品超订,120,True,False,True,numberbox,False,False,,,,,,,,,,,True,,,,,,,V_APS_MaterialBalanceTotalHistory,26521,,,,江老师,2026-03-12 10:53:30,42372
False,DemandQty,decimal,21,需求数,60,True,False,True,numberbox,False,False,True,,,False,,,{0:G0},,SUM,custom,True,,,,,,,V_APS_OrderBOMNew,5021,False,,,陈坤和,2026-04-23 16:50:19,4811
False,MaterialName,nvarchar,21,物料名称,90,True,False,True,textbox,False,False,False,,,,,,,,,,True,,,,,,,V_APS_SalesOrderDetailALL,6694,,,,陈坤和,2026-01-27 15:41:15,12411
False,UnIssuedQty,decimal,21,未领,50,True,False,True,numberbox,False,False,False,,False,False,,,{0:G0},,SUM,,True,,,,,False,,V_APS_OrderPlanMaterialFormList,5594,False,,,管理员,2026-06-16 13:36:19,13302
False,MaterialName,nvarchar,21,物料名称,90,True,False,True,textbox,False,False,False,,,,,,,,,,True,,,,,,,V_APS_Report21,7919,,,,江科,2025-09-09 09:18:48,28377
False,PODocNo,varchar,21,采购单,60,True,False,True,textbox,False,False,,升序,,True,,,,,,,True,,,,,,,V_APS_Report3,7841,,,,廖尚华,2026-05-15 10:52:18,28621
False,Code,varchar,21,物料编码,100,True,False,True,textbox,False,False,,,,True,模糊匹配,,,,,custom,True,,,,,,,V_APS_PlanExpendDetailHistory,10134,,,,江科,2025-09-09 09:16:22,20298
False,Extend13,nvarchar,21,起购倍数,80,True,False,False,numberbox,False,False,,,,,,,,,,custom,True,,,,,,,V_APS_MaterialMaintain,10110,,,,陈坤和,2026-01-27 15:42:48,21540
False,PRQty,decimal,21,请购中,60,True,False,False,numberbox,False,False,,,,,,,,,,,True,,,,,,,V_APS_OrderPlanMaterialFormByItem1,18289,,,,管理员,2026-04-28 16:27:19,28608
False,BOMType,nvarchar,21,类型,60,True,False,False,textbox,False,False,,,,,,,,,,,True,,,,,,,V_APS_MaterialBOM,1185,,,,管理员,2026-03-02 11:23:05,33595
False,DeliveryDate,datetime,21,订单交期,80,True,False,False,datebox,False,False,,,,,,,{0:yyyy-MM-dd},,,,True,,,,,,,V_APS_Report50,19328,,,,江科,2025-10-27 15:25:20,31393
False,OrganizeID,int,21,生产线体,100,True,True,False,combobox,False,False,True,,,,,,,,,,True,拉线,,,,,,V_APS_DayPlanForActive,6688,,,,江科,2025-09-09 16:56:37,26886
False,Extend4,nvarchar,21,工单状态,80,True,False,False,textbox,False,False,,,,,,,,,,,True,,,,,,,V_APS_OrderForToDo,5139,,,,江科,2025-10-13 20:49:08,25804
False,Code,varchar,21,物料编码,150,True,False,False,textbox,False,False,False,,,,,,,,,custom,True,,,,,,,V_APS_SalesPlanDayDetail,6699,,,,江科,2025-09-09 09:17:09,12517
False,Code,varchar,21,物料编码,150,True,False,False,textbox,False,False,False,,,,,,,,,custom,True,,,,,,,V_APS_SalesPlanDayDetailError,6700,,,,江科,2025-09-09 09:17:09,12539
False,Code,varchar,21,物料编码,100,True,False,False,textbox,False,False,False,,False,False,,,,,,custom,True,,,,,False,,V_APS_ReportWork,5649,False,,,江科,2025-09-09 09:17:09,11140
False,OweQty,decimal,21,未完成,60,True,False,False,numberbox,False,False,False,,False,,,,,,,,True,,,,,False,,V_APS_ProcessPlanForSchedinng,5168,False,,,江科,2025-10-15 20:21:56,9284
False,CreatedOn,datetime,21,配置日期,150,True,False,False,,False,False,False,,,,,,,,,custom,True,,,,,,,V_APS_OrganizeWorkingTimesDetail,97,,,,管理员,2025-11-26 08:21:09,1511
False,Formatter,varchar,21,格式化,90,True,True,False,textarea,False,False,True,,,False,,,,,,custom,True,,,,,,,V_DictionaryField,35,,,,温广燕,2026-03-16 14:26:59,1901
False,ProducedQty,decimal,21,已报工,65,True,False,False,numberbox,False,False,False,,,False,,,,,SUM,,True,,,,,,,V_APS_Order,49,,,,管理员,2026-04-28 07:56:46,637
False,ApproveName,nvarchar,21,审核人,70,True,False,False,textbox,False,False,,,,,,,,,,,True,,,,,,,APS_PR,7898,,,,江科,2025-09-26 20:13:15,35068
False,UnReceivedQty,decimal,21,未清数量,80,True,False,False,numberbox,False,False,,,,,,,,,SUM,,True,,,,,,,V_APS_PO,6751,,,,陈坤和,2026-06-16 11:58:01,34611
False,CloseDate,datetime,21,有效期至,80,True,False,False,datebox,False,False,,,,,,,,,,,True,,,,,,,V_APS_Report49,19329,,,,管理员,2025-12-25 15:49:10,35551
False,PCDayCapacity,decimal,21,标准日产,80,True,False,False,numberbox,False,False,,,,,,,,,,,True,,,,,,,V_APS_MOPlanStep1V2,7961,,,,管理员,2026-04-29 11:46:05,35938
False,ID,bigint,21,ID,80,True,False,False,numberbox,False,True,,,,,精确匹配,,,,,,True,,,,,,,APS_OrderDeliveryReply,26494,,,,system,2025-09-26 17:44:00,35141
False,MaterialProp,nvarchar,21,类别,100,True,False,False,textbox,False,False,,,,,,,,,,,True,,,,,,,APS_MaterialLadderLossRelated,26502,,,,system,2025-10-15 09:07:48,36373
False,Extend2,nvarchar,21,投产工时,100,True,False,False,textbox,False,False,,,,,,,,,,,True,,,,,,,V_APS_Report19,7920,,,,管理员,2025-11-06 16:25:32,36674
False,ID,int,21,ID,80,True,False,False,numberbox,False,True,,,,,精确匹配,,,,,,True,,,,,,,APS_MaterialLadderLossConfig,26501,,,,system,2025-10-14 17:50:24,36303
False,UnCompletionQty,decimal,21,未完成数,80,True,False,False,numberbox,False,False,,,,,,,,,,,True,,,,,,,V_APS_Orderfinish,24427,,,,吴鑫鹏,2025-10-10 16:16:59,36117
False,IsUpdate,bit,21,是否更新,80,True,False,False,checkbox,False,False,,,,,,,,,,,True,,,,,,,APS_ProcessMaterialHistory,26519,,,,system,2025-10-29 20:30:04,38029
False,RemainQty,decimal,21,超需求数,80,True,False,False,numberbox,False,False,,,,,,,,,,,True,,,,,,,APS_MaterialBalanceTotalHistory,26518,,,,system,2025-10-29 20:30:04,38008
False,AllOnload,decimal,21,在途汇总,80,True,False,False,numberbox,False,False,,,,,,,,,,,True,,,,,,,APS_MaterialBalanceHistory,26517,,,,system,2025-10-29 20:30:04,37981
False,MaterialID,int,21,料品ID,80,True,False,False,numberbox,False,False,,,,,,,,,,,True,,,,,,,APS_ManualForecastDetail,9003,,,,system,2025-10-29 09:41:02,37941
False,POPeriod,int,21,物料交期,80,True,False,False,numberbox,False,False,,,,,,,,,,,True,,,,,,,V_APS_Report42,19335,,,,陈坤和,2026-03-23 17:30:49,37032
False,DeliveryAchieveStatus,varchar,21,是否达成,80,True,False,False,textbox,False,False,,,,,,,,,,,True,,,,,,,V_APS_SalesOrderDetailDelivery,26509,,,,江科,2025-11-06 10:02:13,37167
False,OrderDetail3,nvarchar,21,全部工单1（含行号关联）,150,True,False,False,textbox,False,False,,,,,,,,,,,True,,,,,,,V_APS_SalesPlanMaterial,6681,,,,吴鑫鹏,2025-11-12 16:16:00,39086
False,ThreadCount,int,21,线程数,40,True,True,False,numberbox,False,False,True,,,,,,,,,custom,True,,,,,,,APS_InterfaceSAP,9030,,,,廖尚华,2026-05-21 16:54:38,39115
False,Extend3,varchar,21,扩展3,100,True,False,False,textbox,False,False,,,,,,,,,,,True,,,,,,,APS_OrganizeDemandOrder,26524,,,,system,2025-10-30 16:15:32,38196
False,ParentFieldSource,varchar,21,取上级字段值（填上级接口字段）,100,True,True,False,textbox,False,False,,,,,,,,,,,True,,,,,,,APS_InterfaceSAPOutputField,9033,,,,陈坤和,2026-01-14 15:16:34,39196
False,LastOrderDate,datetime,21,最后下单时间,95,True,False,False,datebox,False,False,,,,,,,,,,,True,,,,,,,V_APS_SalesOrderDetail_JDY,27538,,,,system,2025-12-05 10:35:31,39454
False,CreatedOn,datetime,21,提交时间,150,True,False,False,datebox,False,False,,,,,,,,,,,True,,,,,,,APS_ProductAgingCondition_JDY,27555,,,,管理员,2025-12-25 15:08:00,39764
False,LastOrderDate,datetime,21,最后下单时间,95,True,False,False,datebox,False,False,,,,,,,{0:yyyy-MM-dd},,,,True,,,,,,,APS_SalesOrder_JDY,27537,,,,陈坤和,2026-04-14 15:36:07,39508
False,OrderNo,varchar,21,生产单号,100,True,False,False,textbox,False,False,,,,,,,,,,,True,,,,,,,APS_NewProductTrial,27560,,,,system,2026-01-07 11:06:32,40543
False,OrderOrBatch,varchar,21,工单/批次,80,True,False,False,textbox,False,False,,,,,,,,,,,True,,,,,,,V_APS_QualityAbnormalityCase,27562,,,,陈坤和,2026-01-31 11:56:56,40684
False,LineName,nvarchar,21,线别,100,True,False,False,textbox,False,False,,,,,,,,,,,True,,,,,,,APS_QualityAbnormalityCase,27559,,,,system,2026-01-07 11:06:32,40578
False,IsSample,varchar,21,样品,50,True,False,False,textbox,False,False,,,,,,,,,,,True,,,,,,,V_APS_MOPlanStep1V12,9021,,,,廖尚华,2026-05-28 10:16:04,41563
False,Qty2,int,21,现有数量,80,True,True,False,numberbox,False,False,,,,,,,,,,,True,,,,,,,V_APS_AssessmentResources,27573,,,,吴鑫鹏,2026-01-22 16:07:15,41697
False,Remark,nvarchar,21,备注,100,True,True,False,textbox,False,False,,,,,,,,,,,True,,,,,,,V_APS_AssessmentMachine,27572,,,,吴鑫鹏,2026-01-22 15:30:40,41676
False,Qty,decimal,21,数量,50,True,False,False,numberbox,False,False,,,,,,,,,,,True,,,,,,,V_APS_SalesOrderWarning,28571,,,,陈坤和,2026-01-27 15:42:14,41976
False,DeliveryDate,datetime,21,交货日期,80,True,False,False,datebox,False,False,,,,,,,,,,,True,,,,,,,V_APS_POSummary,25460,,,,陈坤和,2026-01-31 11:58:50,42210
False,AllUnIssuedPrice,decimal,21,需求汇总金额,80,True,False,False,numberbox,False,False,,,,,,,,查看金额,,,True,,,,,,,V_APS_OrderPrepareReport,7804,,,,陈坤和,2026-01-28 09:11:08,42262
False,MaxScore,decimal,21,最大分,80,True,True,False,numberbox,False,False,True,,,,,,,,,,True,,,,,,,V_Dev_PositionLevelMap,27566,,,,温广燕,2026-01-15 17:39:36,40932
False,EvaluationLabel,varchar,21,考评,50,True,True,False,textbox,False,False,True,,,,,,,,,,True,,,,,,,V_Dev_Position,27568,,,,江老师,2026-03-09 13:57:11,40935
False,MaxScore,decimal,21,最大分,80,True,False,False,numberbox,False,False,,,,,,,,,,,True,,,,,,,Dev_PositionLevelMap,27563,,,,system,2026-01-12 20:35:49,40844
False,Spec,nvarchar,21,产品规格,150,True,False,False,textbox,False,False,,,,,,,,,,,True,,,,,,,V_APS_NewProductTrial,27561,,,,陈坤和,2026-01-31 11:56:28,40661
False,SalesOrderNo,varchar,21,销售订单号,90,True,False,False,textbox,False,False,,,,True,,,,,,,True,,,,,,,APS_TempChangeRequest,27558,,,,陈坤和,2026-01-31 11:57:17,40624
False,Qty2,int,21,数量2,80,True,False,False,numberbox,False,False,,,,,,,,,,,True,,,,,,,APS_AssessmentResources,27576,,,,system,2026-01-22 15:16:30,41634
False,Remark,nvarchar,21,备注,100,True,False,False,textbox,False,False,,,,,,,,,,,True,,,,,,,APS_AssessmentMachine,27575,,,,system,2026-01-22 15:16:30,41613
False,LevelID,int,21,工序等级,80,True,False,False,numberbox,False,False,True,,,,,,,,,,True,,,,,,,APS_ProcessPosition,27565,,,,温广燕,2026-01-15 15:27:09,41343
False,QualityCharacteristics,nvarchar,21,品质特性,300,True,False,False,textbox,False,False,,,,,,,,,,,True,,,,,,,V_APS_ProcessMaterialError,5126,,,,江老师,2026-03-06 08:12:12,42553
False,WorkShopName,nvarchar,21,生产车间,80,True,False,False,textbox,False,False,,,,,,,,,,,True,,,,,,,V_APS_ProductionReportMt,28573,,,,温广燕,2026-03-13 13:40:32,42446
False,ModifyedOn,datetime,21,更新时间,140,True,False,False,,False,False,,倒序,,,,,,,,,True,,,,,,,V_Dev_PositionExamRecord,28584,,,,管理员,2026-04-28 10:59:33,42866
False,PlanStartDate,datetime,21,要求齐料,80,True,False,False,datebox,False,False,,,,True,,,,,,,True,,,,,,,V_APS_MOPlanStep2V10,9018,,,,管理员,2026-04-28 20:22:50,42744
False,AlternativeCodes,varchar,21,备选物料,100,True,False,False,textbox,False,False,,,,,,,,,,,True,,,,,,,V_APS_SalesOrderBom,26496,,,,温广燕,2026-03-10 16:11:09,43496
False,Extend3,nvarchar,21,用户,60,True,False,False,textbox,False,False,,,,,,,,,,,True,,,,,,,V_APS_PrepareView1,7793,,,,江老师,2026-03-12 11:53:05,43760
False,RouteID,int,21,制程ID,80,True,False,False,numberbox,False,False,,,,,,,,,,,True,,,,,,,MES_RouteReport,28592,,,,system,2026-03-13 09:12:04,44066
False,POPeriod,int,21,采购周期,80,True,False,False,numberbox,False,False,,,,,,,,,,,True,,,,,,,V_APS_MaterialForecastForm,28598,,,,温广燕,2026-03-26 09:41:57,44408
False,QPA,decimal,21,用量,80,True,False,False,numberbox,False,False,,,,,,,,,,,True,,,,,,,APS_MaterialForecastForm,28600,,,,system,2026-03-16 14:51:03,44326
False,QPA,decimal,21,用量,80,True,False,False,numberbox,False,False,,,,,,,,,,,True,,,,,,,APS_MaterialForecastBom,28599,,,,system,2026-03-16 14:51:03,44303
False,Month6Actual,decimal,21,6月下单,80,True,False,False,numberbox,False,False,,,,,,,,,,,True,,,,,,,V_APS_SalesOrderDetailPlanLine,12192,,,,温广燕,2026-05-29 11:26:33,44104
False,AchieveRate,numeric,21,产值达成,80,True,False,False,,False,False,False,,,,,,{0:P2},,,,True,,,,,,,V_APS_Report12,7846,,,,温广燕,2026-04-20 11:16:02,45761
False,SlpName,nvarchar,21,采购员,60,True,False,False,textbox,False,False,,,,True,,,,,,,True,,,,,,,V_APS_Report17,7843,,,,廖尚华,2026-05-22 11:39:23,45589
False,HRCode,varchar,21,当前收料单号,120,True,False,False,textbox,False,False,,,,,,,,,,,True,,,,,,,V_APS_Report43,19336,,,,陈坤和,2026-05-11 10:55:03,45292
False,SalesOrderNo,varchar,21,销售单,70,True,False,False,textbox,False,False,,,,True,,,,,,,True,,,,,,,V_APS_Report1,7842,,,,廖尚华,2026-06-03 09:38:46,45346
False,DiffRate,decimal,21,超欠产比例,80,True,False,False,numberbox,False,False,,,,,,,,,,,True,,,,,,,V_APS_PrepareView5,7789,,,,温广燕,2026-05-19 17:55:34,47466
False,TotalRequiredBuyQty,decimal,21,累计总需购买数,80,True,False,False,numberbox,False,False,,,,,,,,,,,True,,,,,,,V_APS_OrderForPrepare,7973,,,,温广燕,2026-05-27 11:50:33,47757
False,NoTray,int,21,无托盘,80,True,True,False,combobox,False,False,,,,False,,,,,,,True,0和1,,,,,,V_APS_Report46,19332,,,,陈坤和,2026-04-29 10:04:49,46741
False,Y2,decimal,21,2月,80,True,False,False,numberbox,False,False,,,,,,,,,SUM,,True,,,,,,,V_APS_MaterialDeliveryConfig,25477,,,,陈坤和,2026-05-06 08:59:54,46889
False,SetQty,decimal,21,已发套数,80,True,False,False,numberbox,False,False,,,,,,,{0:N0},,,,True,,,,,,,V_APS_Report57,19321,,,,陈坤和,2026-05-06 10:18:12,46572
False,Priority,int,21,工序序号,80,True,False,False,numberbox,False,False,,,,,,,,,,,True,,,,,,,MES_OrderRouteReport,28639,,,,system,2026-05-05 16:31:34,46921
False,Spec,nvarchar,21,规格型号,350,True,False,False,textbox,False,False,,,,,,,,,,,True,,,,,,,V_APS_Report47,19331,,,,管理员,2026-04-24 17:58:51,46233
False,OweQty,decimal,21,缺口数量,700,True,False,False,numberbox,False,False,,,,,,,,,,,True,,,,,,,V_APS_Report39,10122,,,,陈坤和,2026-05-14 19:44:17,46359
False,StockOutQty,decimal,21,交货数,80,True,False,False,numberbox,False,False,,,,,,,,,,,True,,,,,,,V_APS_Report56,19322,,,,陈坤和,2026-04-23 17:04:25,46019
False,CompletionQty,decimal,22,已入库,60,True,False,True,numberbox,False,False,,,False,,,,,,,,True,,,,,,,V_APS_ProcessPlanHistoryForWeek2,28636,,,,廖尚华,2026-06-16 08:08:21,45859
False,ReviewDate,datetime,22,评审日期,80,True,False,True,datebox,False,False,,,,True,,,,,,,True,,,,,,,V_APS_Report1,7842,,,,廖尚华,2026-06-03 09:38:46,45619
False,StockQtyAllocation,decimal,22,分配库存,50,True,False,True,numberbox,False,False,False,,False,False,,,{0:G0},,SUM,,True,,,,,False,,V_APS_OrderPlanMaterialFormList,5594,False,,,管理员,2026-06-16 13:36:19,9666
False,Qty,decimal,22,订单数,70,True,False,True,numberbox,False,False,,,,,,,,,,,True,,,,,,,V_APS_Report60,19318,,,,管理员,2026-04-29 10:04:55,32688
False,POLineNo,varchar,22,行,40,True,False,True,textbox,False,False,,升序,,False,,,,,,,True,,,,,,,V_APS_Report3,7841,,,,管理员,2026-04-28 16:09:55,28622
False,AcceptedInventoryQty,decimal,22,数量,70,True,False,True,numberbox,False,False,,,,,,,,,SUM,,True,,,,,,,V_APS_OrderInStock,10103,,,,管理员,2026-01-19 14:54:58,29383
False,PurchaseGap,decimal,22,请购缺口,65,True,False,False,numberbox,False,False,,,,False,,,,,,,True,0和1,,,,,,V_APS_OrderPlanMaterialFormByItem1,18289,,,,管理员,2026-01-23 11:01:44,28760
False,ResourceNO,varchar,22,分配PO单,80,True,False,False,textbox,False,False,,,,True,模糊匹配,,,,,,True,,,,,,,V_APS_DeliveryDataDetail,8998,,,,管理员,2026-04-27 14:24:27,26224
False,SourceOrderNo,varchar,22,销售单,60,True,False,False,textbox,False,False,True,,False,True,,,,,,custom,True,,,,,,,V_APS_MOPlanStep1V12,9021,,,,廖尚华,2026-05-28 10:16:04,24699
False,POSuplierName,nvarchar,22,供应商,100,True,False,False,textbox,False,False,False,,False,True,,,,,,custom,True,,,,"{type:'select',prop:'供应商',multiple:true}",False,,V_APS_Report17,7843,False,,,廖尚华,2026-05-22 11:39:23,14973
False,StartDate,datetime,22,计划开始,80,True,False,False,datebox,False,False,False,,False,,,,,,,,True,,,,,False,,V_APS_ProcessPlanForSchedinng,5168,False,,,江科,2025-10-22 13:38:55,9185
False,Qty,decimal,22,数量,80,True,False,False,numberbox,False,False,False,,False,False,,,,,,custom,True,,,,,,,V_APS_OrderProcess,5074,False,,,吴鑫鹏,2025-10-10 10:25:48,6553
False,ValidType,varchar,22,验证类型,80,True,True,False,combobox,False,False,True,,,False,,,,,,custom,True,角色类型,,,,,,V_DictionaryField,35,,,,温广燕,2026-03-16 14:26:59,741
False,MaterialName,nvarchar,22,物料名称,150,True,True,False,textbox,False,False,True,,,,,,,,,custom,True,,,,,,,V_MES_OrderOutputByOrderForUntying,1169,,,,江科,2025-09-09 09:18:45,2941
False,LevelName,nvarchar,22,工序等级名,100,True,False,False,textbox,False,False,True,,,,,,,,,,True,,,,,,,APS_ProcessPosition,27565,,,,温广燕,2026-01-15 15:27:09,41344
False,Qty3,int,22,数量3,80,True,False,False,numberbox,False,False,,,,,,,,,,,True,,,,,,,APS_AssessmentResources,27576,,,,system,2026-01-22 15:16:30,41635
False,IntervalTime,decimal,22,测评间隔时间(月),80,True,False,False,numberbox,False,False,,,,,,,,,,,True,,,,,,,Dev_PositionLevelMap,27563,,,,system,2026-01-12 20:35:49,40845
False,GradationLabel,varchar,22,等级划分,80,True,True,False,textbox,False,False,True,,,,,,,,,,True,,,,,,,V_Dev_Position,27568,,,,江老师,2026-03-09 13:57:11,40936
False,IntervalTime,decimal,22,测评间隔时间(月),130,True,True,False,numberbox,False,False,True,,,,,,,,,,True,,,,,,,V_Dev_PositionLevelMap,27566,,,,温广燕,2026-01-15 17:39:36,40933
False,MachineID,varchar,22,设备ID,80,True,False,False,numberbox,False,False,,,,,,,,,,,True,,,,,,,APS_AssessmentMachine,27575,,,,system,2026-01-22 15:28:49,41699
False,ProcessName,nvarchar,22,工序,100,True,False,False,textbox,False,False,,,,,,,,,,,True,,,,,,,APS_QualityAbnormalityCase,27559,,,,system,2026-01-07 11:06:32,40579
False,OrderLineNo,int,22,订单行号,80,True,False,False,numberbox,False,False,,,,,,,,,,,True,,,,,,,APS_NewProductTrial,27560,,,,system,2026-01-07 11:06:32,40544
False,UnitName,varchar,22,单位,100,True,False,False,textbox,False,False,,,,,,,,,,,True,,,,,,,APS_OrganizeDemandOrder,26524,,,,system,2025-10-30 16:15:32,38197
False,ThreadGroup,varchar,22,完成后执行,100,True,True,False,textbox,False,False,True,,,True,精确匹配,,,,,custom,True,,,,,,,APS_InterfaceSAP,9030,,,,廖尚华,2026-05-21 16:54:38,39116
False,OrderDetail4,nvarchar,22,全部工单2（不含行号关联）,150,True,False,False,textbox,False,False,,,,,,,,,,,True,,,,,,,V_APS_SalesPlanMaterial,6681,,,,吴鑫鹏,2025-11-12 16:16:00,39087
False,ProcessGroupName,nvarchar,22,工艺,100,True,False,False,textbox,False,False,,,,,,,,,,,True,,,,,,,V_APS_MaterialBOM,1185,,,,温广燕,2025-12-29 10:59:57,38936
False,Extend15,nvarchar,22,生产车间,80,True,False,False,textbox,False,False,,,,,,,,,,,True,,,,,,,V_APS_SalesOrderDetailDelivery,26509,,,,江科,2025-11-06 10:02:13,37134
False,OrganizeID,int,22,组织ID,80,True,False,False,numberbox,False,False,,,,,,,,,,,True,,,,,,,APS_ManualForecastDetail,9003,,,,system,2025-10-29 09:41:02,37942
False,StockQtyAll,decimal,22,库存汇总,80,True,False,False,numberbox,False,False,,,,,,,,,,,True,,,,,,,APS_MaterialBalanceHistory,26517,,,,system,2025-10-29 20:30:04,37982
False,StartTime,datetime,22,开始时间,110,True,False,False,datebox,False,False,,,,,,,,,,,True,,,,,,,APS_ProcessMaterialHistory,26519,,,,system,2025-10-29 20:30:04,38030
False,OrganizeName,nvarchar,22,组织,150,True,False,False,textbox,False,False,,,,,,,,,,,True,,,,,,,V_APS_MaterialBalanceHistory,26523,,,,陈坤和,2025-11-03 08:31:13,38114
False,PCDayCapacity,decimal,22,PC日产能,60,True,True,False,numberbox,False,False,,,,,,,,,,,True,,,,,,,V_APS_MOPlanStep1V10,9013,,,,管理员,2025-12-09 22:39:15,36096
False,ProductTime,nvarchar,22,生产时段,100,True,False,False,textbox,False,False,,,,,,,,,,,True,,,,,,,V_APS_Report19,7920,,,,管理员,2025-11-06 16:25:49,36675
False,ApplyDate,datetime,22,必须日期,80,True,False,False,datebox,False,False,,,,True,,,,,,custom,True,,,,,,,V_APS_Report49,19329,,,,管理员,2025-12-25 15:44:41,35541
False,CloseStatus,nvarchar,22,关闭状态,80,True,False,False,textbox,False,False,,,,,,,,,,,True,,,,,,,APS_PR,7898,,,,江科,2025-09-26 20:13:15,35061
False,DiffrenceQty,decimal,22,产值差异,80,True,False,False,numberbox,False,False,,,,,,,,,,,True,,,,,,,V_APS_Report12,7846,,,,温广燕,2026-04-20 11:10:01,45762
False,PCDayCapacity,decimal,22,PC日产能,60,True,True,False,numberbox,False,False,,,,,,,,,,,True,,,,,,,V_APS_MOPlanStep2V1,7943,,,,system,2026-03-31 16:50:16,44806
False,Month7Forecast,decimal,22,7月预测,80,True,False,False,numberbox,False,False,,,,,,,,,,,True,,,,,,,V_APS_SalesOrderDetailPlanLine,12192,,,,温广燕,2026-05-29 11:26:33,44105
False,RouteName,nvarchar,22,制程名称,100,True,False,False,textbox,False,False,,,,,,,,,,,True,,,,,,,MES_RouteReport,28592,,,,system,2026-03-13 09:54:31,44117
False,Qty,decimal,22,数量,80,True,False,False,numberbox,False,False,,,,,,,,,,,True,,,,,,,APS_MaterialForecastBom,28599,,,,system,2026-03-16 14:51:03,44304
False,Qty,decimal,22,数量,80,True,False,False,numberbox,False,False,,,,,,,,,,,True,,,,,,,APS_MaterialForecastForm,28600,,,,system,2026-03-16 14:51:03,44327
False,MaterialSubstitute,nvarchar,22,替代料,90,True,False,False,textbox,False,False,,,,,,,,,,,True,,,,,,,V_APS_MaterialForecastForm,28598,,,,管理员,2026-04-13 11:36:08,44398
False,AlternativeStockQty,varchar,22,备选物料库存,100,True,False,False,textbox,False,False,,,,,,,,,,,True,,,,,,,V_APS_SalesOrderBom,26496,,,,温广燕,2026-03-10 16:11:09,43495
False,RecordType,nvarchar,22,记录方式,70,True,False,False,textbox,False,False,,,,,,,,,,,True,,,,,,,V_APS_ProcessMaterialError,5126,,,,江老师,2026-03-06 08:12:12,42554
False,SubmitOn,datetime,22,提交时间,120,True,False,False,datebox,False,False,,,,,,,,,,,True,,,,,,,V_APS_ProductionReportMt,28573,,,,温广燕,2026-03-13 13:40:32,42536
False,RouteID,int,22,制程ID,80,True,False,False,numberbox,False,False,,,,,,,,,,,True,,,,,,,MES_OrderRouteReport,28639,,,,system,2026-05-05 16:31:34,46922
False,DayUpperCapacity,decimal,22,日产上限,80,True,False,False,numberbox,False,False,,,,,,,,,,,True,,,,,,,V_APS_MOPlanStep1V2,7961,,,,范龙生,2026-04-29 16:40:32,46583
False,FormRate8,varchar,22,齐套率,100,True,False,False,textbox,False,False,,,,,,,,,,,True,,,,,,,V_APS_Report57,19321,,,,温广燕,2026-05-20 08:45:53,47472
False,RemainingBuyQty,decimal,22,剩余需购买数,80,True,False,False,numberbox,False,False,,,,,,,,,,,True,,,,,,,V_APS_OrderForPrepare,7973,,,,温广燕,2026-05-27 11:50:33,47759
False,Amount4,decimal,23,半成品超订金额,120,True,False,True,numberbox,False,False,,,,,,,,查看金额,,,True,,,,,,,V_APS_MaterialBalanceTotalHistory,26521,,,,江老师,2026-03-12 10:53:30,42367
False,PlannedQty,decimal,23,已计划,80,True,False,True,numberbox,False,False,,,,,,,,,,,True,,,,,,,V_APS_OrderInStock,10103,,,,管理员,2026-01-19 14:54:58,40241
False,OweQty,decimal,23,欠数,65,True,False,True,combobox,False,False,False,,False,True,小于,选择项2,,,SUM,,True,欠料,,,,False,,V_APS_OrderPlanMaterialFormList,5594,False,,,管理员,2026-06-16 13:36:19,9663
False,Spec,nvarchar,23,规格,180,True,False,True,textbox,False,False,False,,,False,,,,,,,True,,,,,,,V_APS_SalesOrderDetailALL,6694,,,,陈坤和,2026-01-27 15:41:15,12413
False,MaterialName,nvarchar,23,物料名称,120,True,False,True,textbox,False,False,,,,True,模糊匹配,,,,,custom,True,,,,,,,V_APS_PlanExpendDetailHistory,10134,,,,江科,2025-09-09 09:18:48,20300
False,SupplierCode,varchar,23,代码,60,True,False,True,textbox,False,False,,,,True,,,,,,,True,,,,,,,V_APS_Report3,7841,,,,管理员,2026-04-28 16:09:55,28619
False,LineNum,varchar,23,PO行号,70,True,False,False,textbox,False,False,,,,False,,,,,,,True,,,,,,,V_APS_DeliveryDataDetail,8998,,,,管理员,2026-04-27 14:24:38,26225
False,SalesOrderNo,varchar,23,销售订单,100,True,False,False,textbox,False,False,,,,True,,,,,,custom,True,,,,,,,V_APS_OrderForToDo,5139,,,,江科,2025-10-13 20:49:08,25904
False,ModifyedOn,datetime,23,运算时间,155,True,False,False,,False,False,False,,False,False,,,,,,custom,True,,,,,False,,V_APS_Report17,7843,False,,,廖尚华,2026-05-22 11:39:23,14960
False,Extend3,varchar,23,生产时间段,120,True,True,False,textbox,False,False,True,,,,,,,,,,True,,,,,,,V_APS_DayPlanForActive,6688,,,,江科,2025-09-09 16:56:37,17163
False,CompletionQty,decimal,23,已入库,65,True,False,False,numberbox,False,False,False,,,,,,,,SUM,,True,,,,,,,V_APS_Order,49,,,,管理员,2026-04-28 07:56:46,18045
False,OnloadQty,decimal,23,采购订单在途,90,True,False,False,numberbox,False,False,False,,,,,,,,,custom,True,,,,,,,V_APS_OrderPrepareReport,7804,,,,陈坤和,2026-01-28 09:05:59,16105
False,Code,varchar,23,物料编码,150,True,False,False,textbox,False,False,False,,,,,,,,,custom,True,,,,,,,V_APS_AppProductionList,6667,,,,江科,2025-09-09 09:17:10,11812
False,DemandQty,decimal,23,需求量,80,True,False,False,numberbox,False,False,False,,,,,,{0:G0},,,custom,True,,,,,,,V_APS_OrderProcess,5074,,,,吴鑫鹏,2025-10-10 10:25:48,9537
False,EndDate,datetime,23,计划完成,80,True,False,False,datebox,False,False,False,,False,,,,,,,,True,,,,,False,,V_APS_ProcessPlanForSchedinng,5168,False,,,江科,2025-10-15 20:20:26,9188
False,FooterType,varchar,23,尾行统计,80,True,True,False,combobox,False,False,True,,,False,,,,,,custom,True,底部统计,,,,,,V_DictionaryField,35,,,,温广燕,2026-03-16 14:26:59,1350
False,IssuedQty,decimal,23,已领数,60,True,False,False,numberbox,False,False,False,,,False,,,{0:G0},,SUM,custom,True,,,,,,,V_APS_OrderBOMNew,5021,False,,,陈坤和,2026-04-23 16:50:19,4813
False,Code,varchar,23,物料编码,150,True,True,False,textbox,False,False,True,,,,,,,,,custom,True,,,,,,,V_APS_OrderMissingAnalysis,5020,,,,江科,2025-09-09 09:17:10,4953
False,LevelPath,varchar,23,层级,100,True,False,False,textbox,False,False,,升序,,,,,,,,,True,,,,,,,V_APS_Report60,19318,,,,管理员,2026-04-29 10:04:55,39997
False,OrderOrBatch,varchar,23,工单/批次,100,True,False,False,textbox,False,False,,,,,,,,,,,True,,,,,,,APS_QualityAbnormalityCase,27559,,,,system,2026-01-07 11:06:32,40580
False,ProductCode,varchar,23,产品编号,100,True,False,False,textbox,False,False,,,,,,,,,,,True,,,,,,,APS_NewProductTrial,27560,,,,system,2026-01-07 11:06:32,40545
False,RequestSource,nvarchar,23,临时需求来源,60,True,False,False,textbox,False,False,,,,,,,,,,,True,,,,,,,APS_TempChangeRequest,27558,,,,陈坤和,2026-01-31 11:57:17,40614
False,ProductCode,varchar,23,产品料号,80,True,False,False,textbox,False,False,,,,True,,,,,,,True,,,,,,,V_APS_QualityAbnormalityCase,27562,,,,陈坤和,2026-01-31 11:56:56,40685
False,ProducedQty,decimal,23,制作数量,80,True,False,False,numberbox,False,False,,,,,,,,,,,True,,,,,,,V_APS_NewProductTrial,27561,,,,陈坤和,2026-01-31 11:56:28,40648
False,Price,decimal,23,单价,80,True,False,False,numberbox,False,False,,,,,,,,查看金额,,,True,,,,,,,V_APS_PO,6751,,,,陈坤和,2026-06-16 11:58:01,39587
False,ModifyedOn,datetime,23,更新时间,150,True,False,False,datebox,False,False,,,,,,,,,,,True,,,,,,,APS_ProductAgingCondition_JDY,27555,,,,管理员,2025-12-25 15:08:00,39765
False,MOQ,decimal,23,最小订购数量,100,True,False,False,numberbox,False,False,,,,,,,,,,,True,,,,,,,V_APS_MaterialMaintain,10110,,,,陈坤和,2026-01-27 15:42:48,39620
False,ExpectArrivalDate,datetime,23,期望物料到达时间,80,True,False,False,datebox,False,False,,,,True,,,,,,,True,,,,,,,V_APS_SalesOrderDetail_JDY,27538,,,,system,2025-12-05 10:35:31,39450
False,ExpectArrivalDate,datetime,23,期望物料到达时间,80,True,False,False,datebox,False,False,,,,True,,,{0:yyyy-MM-dd},,,,True,,,,,,,APS_SalesOrder_JDY,27537,,,,陈坤和,2026-04-14 15:36:07,39504
False,IsString,bit,23,返回字符,80,True,True,False,checkbox,False,False,,,,,,,,,,,True,,,,,,,APS_InterfaceSAPOutput,9032,,,,廖尚华,2025-11-17 15:33:12,39220
False,MappingFields,bit,23,与正式表JOIN字段,80,True,True,False,checkbox,False,False,,,,,,,,,,,True,,,,,,,APS_InterfaceSAPOutputField,9033,,,,陈坤和,2026-01-14 15:16:34,39261
False,ResourcesID,varchar,23,资源ID,80,True,False,False,numberbox,False,False,,,,,,,,,,,True,,,,,,,APS_AssessmentResources,27576,,,,system,2026-01-22 15:28:49,41700
False,Remark1,nvarchar,23,差异对策,300,True,True,False,,False,False,,,,,,,,,,,True,,,,,,,V_APS_AssessmentResources,27573,,,,吴鑫鹏,2026-01-22 16:08:19,41688
False,UsedInProductCodes,nvarchar,23,产品编码,200,True,False,False,textbox,False,False,,,,True,,,,,,,True,,,,,,,V_APS_POSummary,25460,,,,陈坤和,2026-01-31 11:58:50,42258
False,StockOutQty,decimal,23,交货数,70,True,False,False,numberbox,False,False,,,,,,,,,,,True,,,,,,,V_APS_SalesOrderWarning,28571,,,,陈坤和,2026-01-27 15:42:14,41983
False,IntervalUnit,nvarchar,23,测评间隔时间单位,100,True,False,False,textbox,False,False,,,,,,,,,,,True,,,,,,,Dev_PositionLevelMap,27563,,,,system,2026-01-12 20:35:49,40846
False,PositionLevelNames,nvarchar,23,等级,130,True,True,False,textbox,False,False,True,,,,,,,,,,True,,,,,,,V_Dev_Position,27568,,,,江老师,2026-03-09 13:57:11,41416
False,MOQ,decimal,23,MOQ,60,True,False,False,numberbox,False,False,,,,,,,,,,,True,,,,,,,V_APS_OrderPlanMaterialFormByItem1,18289,,,,管理员,2026-01-23 11:01:44,41494
False,BusinessCloseStatus,nvarchar,23,业务关闭,80,True,False,False,textbox,False,False,,,,,,,,,,,True,,,,,,,APS_PR,7898,,,,江科,2025-09-26 20:13:15,35062
False,AbnormalReason,nvarchar,23,异常类型,100,True,False,False,textbox,False,False,,,,,,,,,,,True,,,,,,,V_APS_Report19,7920,,,,管理员,2025-11-06 16:26:00,36677
False,Capacity,numeric,23,标准产能,50,True,False,False,textbox,False,False,,,,,,,,,,,True,,,,,,,V_APS_MOPlanStep1V10,9013,,,,system,2025-10-10 15:46:49,36105
False,EndTime,datetime,23,结束日期,110,True,False,False,datebox,False,False,,,,,,,,,,,True,,,,,,,APS_ProcessMaterialHistory,26519,,,,system,2025-10-29 20:30:04,38031
False,RemainQty,decimal,23,超需求数,80,True,False,False,numberbox,False,False,,,,,,,,,,,True,,,,,,,APS_MaterialBalanceHistory,26517,,,,system,2025-10-29 20:30:04,37983
False,Remark2,nvarchar,23,参数配置,180,True,False,False,textbox,False,False,,,,,,,,,,custom,True,,right,"[ {name: '输入参数表', type: ""primary"", icon: '',methods: 'inputPar', condition: (row) => { return (row) }},   {name: '接口输出表', type: ""warning"", icon: '',methods:'OutputInter', condition: (row) => { return (row) } } ]",,,,APS_InterfaceSAP,9030,,,,廖尚华,2026-05-21 16:54:38,39107
False,MaterialID,int,23,物料ID,80,True,False,False,numberbox,False,False,,,,,,,,,,,True,,,,,,,APS_OrganizeDemandOrder,26524,,,,system,2025-10-30 16:15:32,38198
False,ModifyedOn,datetime,23,更新时间,120,True,False,False,textbox,False,False,,,,,,,,,,,True,,,,,,,V_APS_ProductionReportMt,28573,,,,温广燕,2026-03-13 13:40:32,42410
False,ProcessRequire,nvarchar,23,加工要求,70,True,False,False,textbox,False,False,,,,,,,,,,,True,,,,,,,V_APS_ProcessMaterialError,5126,,,,江老师,2026-03-06 08:12:12,42555
False,DemandQty,decimal,23,需求,80,True,False,False,numberbox,False,False,,,,,,,,,,,True,,,,,,,APS_MaterialForecastForm,28600,,,,system,2026-03-16 14:51:03,44328
False,MaterialSubstitute,nvarchar,23,替代料,100,True,False,False,textbox,False,False,,,,,,,,,,,True,,,,,,,APS_MaterialForecastBom,28599,,,,system,2026-03-16 14:51:03,44305
False,RouteNameAlIS,nvarchar,23,制程名称,100,True,False,False,textbox,False,False,,,,,,,,,,,True,,,,,,,MES_RouteReport,28592,,,,system,2026-03-13 12:06:06,44119
False,Month7Actual,decimal,23,7月下单,80,True,False,False,numberbox,False,False,,,,,,,,,,,True,,,,,,,V_APS_SalesOrderDetailPlanLine,12192,,,,温广燕,2026-05-29 11:26:33,44106
False,Capacity,numeric,23,标准产能,50,True,False,False,textbox,False,False,,,,,,,,,,,True,,,,,,,V_APS_MOPlanStep2V1,7943,,,,system,2026-03-31 16:50:16,44820
False,Capacity,numeric,23,标准产能,80,True,False,False,textbox,False,False,,,,,,,,,,,True,,,,,,,V_APS_MOPlanStep1V9,9014,,,,管理员,2026-04-13 13:00:20,44765
False,Extend2,nvarchar,23,损耗项目,100,True,True,False,combobox,False,False,True,,,,,,,,,,True,超期异常原因,,,,,,V_APS_PrepareView5,7789,,,,温广燕,2026-05-20 16:13:20,47470
False,Extend1,nvarchar,23,工时(分钟),100,True,True,False,textbox,False,False,True,,,,,,,,,,True,,,,,,,V_APS_PrepareView5,7789,,,,温广燕,2026-05-19 18:02:56,47452
False,DeliveryedRate,numeric,23,发料率,70,True,False,False,,False,False,,,,,,,{0:P0},,,,True,,,,,,,V_APS_Report57,19321,,,,管理员,2026-05-06 09:47:46,46573
False,RemarkSalesOrderInfo,nvarchar,23,群组,100,True,False,False,textbox,False,False,,,,True,,,,,,,True,,,,,,,V_APS_MOPlanStep1V12,9021,,,,廖尚华,2026-05-28 10:16:04,46554
False,Y3,decimal,23,3月,80,True,False,False,numberbox,False,False,,,,,,,,,SUM,,True,,,,,,,V_APS_MaterialDeliveryConfig,25477,,,,陈坤和,2026-05-06 08:59:54,46890
False,RouteName,nvarchar,23,工单工艺制程名称,100,True,False,False,textbox,False,False,,,,,,,,,,,True,,,,,,,MES_OrderRouteReport,28639,,,,system,2026-05-05 16:31:34,46923
False,OrderNos,varchar,23,订单,150,True,False,False,textbox,False,False,,,,,,,,,,,True,,,,,,,V_APS_Report43,19336,,,,陈坤和,2026-05-11 10:56:02,47023
False,OpenCreQty,decimal,23,未清数,80,True,False,False,numberbox,False,False,,,,,,,,,,,True,,,,,,,V_APS_Report56,19322,,,,陈坤和,2026-04-23 17:04:25,46020
False,Remark1,nvarchar,23,备注,300,True,True,False,,False,False,True,,,,,,,,,,True,,,,,,,V_APS_Report12,7846,,,,温广燕,2026-04-20 11:12:52,45753
False,MCRemark,nvarchar,23,MC备注,125,True,False,False,textbox,False,False,,,,,,,,,,,True,,,,,,,V_APS_Report1,7842,,,,廖尚华,2026-06-03 09:38:46,46361
False,Qty,decimal,23,数量,60,True,False,False,numberbox,False,False,,,,,,,,,,,True,,,,,,,V_APS_Report47,19331,,,,陈坤和,2026-04-24 14:47:05,46234
False,StartDate,datetime,24,计划开始,75,True,False,True,datebox,False,False,,,,True,,,{0:yyyy-MM-dd},,,,True,,,,,,,V_APS_MOPlanStep1V9,9014,,,,管理员,2026-04-13 13:00:44,44767
False,StartDate,datetime,24,计划开始,75,True,False,True,datebox,False,False,,,,True,,,{0:MM-dd},,,,True,,,,,,,V_APS_MOPlanStep2V1,7943,,,,system,2026-03-31 16:50:16,44822
False,StartDate,datetime,24,计划开始,60,True,False,True,datebox,False,False,,,,True,,,{0:MM-dd},,,,True,,,,,,,V_APS_MOPlanStep1V10,9013,,,,system,2025-10-10 15:46:49,36107
False,SupplierName,nvarchar,24,供方名称,100,True,False,True,textbox,False,False,,,,True,,,,,,,True,,,,,,,V_APS_Report3,7841,,,,管理员,2026-04-29 17:26:29,28618
False,OweDate,datetime,24,上欠料日期,120,True,False,False,datebox,False,False,False,,,,,,,,,custom,True,,,,,,,V_APS_Report17,7843,,,,廖尚华,2026-05-22 11:39:23,18381
False,Tel,varchar,24,电话,150,True,True,False,textbox,False,False,True,,,,,,,,,custom,True,,,,,,,V_Dev_Account,3007,,,,温广燕,2026-04-23 11:49:17,5781
False,Code,varchar,24,物料编码,150,True,True,False,textbox,False,False,True,,,,,,,,,custom,True,,,,,,,V_MES_OrderOutputByOrderForUntying,1169,,,,江科,2025-09-09 09:17:10,2943
False,sortable,varchar,24,sortable,70,True,True,False,textbox,False,False,True,,,False,,,,,,custom,True,,,,,,,V_DictionaryField,35,False,,,温广燕,2026-03-16 14:26:59,8690
False,StockQty,decimal,24,库存,50,True,False,False,numberbox,False,False,False,,False,False,,,{0:G0},,,,True,,,,,False,,V_APS_OrderPlanMaterialFormList,5594,False,,,管理员,2026-06-16 13:36:19,9665
False,ProducedQty,decimal,24,已生产,60,True,False,False,el-input-number,False,False,True,,False,False,,,,,,custom,True,,,,,,,V_APS_OrderProcess,5074,False,,,吴鑫鹏,2025-10-10 10:46:43,6536
False,Extend9,nvarchar,24,异常备注,100,True,False,False,textbox,False,False,,,,,,,,,,,True,,,,,,,V_APS_Report19,7920,,,,管理员,2025-11-06 16:26:19,36676
False,BusinessEndStatus,nvarchar,24,业务结束,80,True,False,False,textbox,False,False,,,,,,,,,,,True,,,,,,,APS_PR,7898,,,,江科,2025-09-26 20:13:15,35063
False,OrderStatus,nvarchar,24,单据状态,100,True,False,False,textbox,False,False,,,,,,,,,,,True,,,,,,,V_APS_OrderForToDo,5139,,,,江科,2025-10-13 20:49:08,35050
False,OrganizeID,int,24,组织ID,80,True,False,False,numberbox,False,False,,,,,,,,,,,True,,,,,,,APS_OrganizeDemandOrder,26524,,,,system,2025-10-30 16:15:32,38199
False,Status,int,24,状态,50,True,True,False,combobox,False,False,,倒序,,True,,0,,,,custom,True,数据状态,right,,,,,APS_InterfaceSAP,9030,,,0,廖尚华,2026-05-21 16:54:38,39099
False,DataType,nvarchar,24,参数类型,80,True,True,False,combobox,False,False,,,,,,,,,,custom,True,输入参数,,,,,,APS_InterfaceSAPInput,9031,,,,陈坤和,2025-11-14 14:58:14,39144
False,RemainReason,nvarchar,24,呆滞原因,100,True,False,False,textbox,False,False,,,,,,,,,,,True,,,,,,,APS_MaterialBalanceHistory,26517,,,,system,2025-10-29 20:30:04,37984
False,ApproveName,nvarchar,24,审核人,100,True,False,False,textbox,False,False,,,,,,,,,,,True,,,,,,,APS_ManualForecastDetail,9003,,,,system,2025-10-29 09:41:02,37944
False,Price,decimal,24,单价,80,True,False,False,numberbox,False,False,,,,,,,,查看金额,,,True,,,,,,,APS_ProcessMaterialHistory,26519,,,,管理员,2026-01-27 23:30:06,38032
False,ModifyedOn,datetime,24,修改日期,100,True,False,False,,False,False,,,,,,,,,,,True,,,,,,,V_APS_ProcessMaterialHistory,26520,,,,陈坤和,2025-10-29 21:07:20,38085
False,Status,int,24,启用,60,True,True,False,combobox,False,False,True,,,,,,,,,,True,数据状态,,,,,,V_Dev_Position,27568,,,,江老师,2026-03-09 13:57:11,40878
False,IsSample,nvarchar,24,样品,50,True,False,False,textbox,False,False,,,,,,,,,,,True,,,,,,,V_APS_MOPlanStep1V2,7961,,,,管理员,2026-04-28 11:08:17,41762
False,ResourcesName,nvarchar,24,资源名称,100,True,False,False,textbox,False,False,,,,,,,,,,,True,,,,,,,APS_AssessmentResources,27576,,,,system,2026-01-22 16:10:10,41703
False,SupplCode,varchar,24,补充代码,100,True,False,False,textbox,False,False,,,,,,,,,,,True,,,,,,,V_APS_Report49,19329,,,,管理员,2025-12-25 15:44:41,39572
False,ProductCode,varchar,24,产品料号,100,True,False,False,textbox,False,False,,,,,,,,,,,True,,,,,,,APS_QualityAbnormalityCase,27559,,,,system,2026-01-07 11:06:32,40581
False,CmpltQty,decimal,24,已完成,80,True,False,False,numberbox,False,False,,,,,,,,,,,True,,,,,,,V_APS_OrderInStock,10103,,,,管理员,2026-01-19 14:50:48,40242
False,CreatedByName,nvarchar,24,创建姓名,100,True,False,False,,False,False,,,,,,,,,,,True,,,,,,,V_APS_Report12,7846,,,,温广燕,2026-04-20 11:10:01,45749
False,Month8Forecast,decimal,24,8月预测,80,True,False,False,numberbox,False,False,,,,,,,,,,,True,,,,,,,V_APS_SalesOrderDetailPlanLine,12192,,,,温广燕,2026-05-29 11:26:33,44107
False,StockQty,decimal,24,库存数,80,True,False,False,numberbox,False,False,,,,,,,,,,,True,,,,,,,APS_MaterialForecastForm,28600,,,,system,2026-03-16 14:51:03,44329
False,LevelPath,varchar,24,层级,100,True,False,False,textbox,False,False,,,,,,,,,,,True,,,,,,,APS_MaterialForecastBom,28599,,,,system,2026-03-16 15:44:54,44399
False,RouteNameAlIS,nvarchar,24,制程名称,100,True,False,False,textbox,False,False,,,,,,,,,,,True,,,,,,,MES_OrderRouteReport,28639,,,,system,2026-05-05 16:31:34,46924
False,DayUpperCapacity,decimal,24,日产上限,80,True,True,False,numberbox,False,False,,,,,,,,,,,True,,,,,,,V_APS_PrepareView25,7861,,,,范龙生,2026-04-29 16:39:57,46767
False,hours,decimal,24,工时(小时),80,True,False,False,numberbox,False,False,,,,,,,,,,,True,,,,,,,V_APS_PrepareView5,7789,,,,温广燕,2026-05-19 17:57:48,47453
False,PCB,varchar,24,PCB板,100,True,False,False,textbox,False,False,,,,,,,,,,,True,,,,,,,V_APS_MOPlanStep1V12,9021,,,,廖尚华,2026-05-28 10:16:04,47473
False,IsSample,varchar,25,样品,50,True,False,True,textbox,False,False,,,,,,,,,,,True,,,,,,,V_APS_Report3,7841,,,,管理员,2026-04-28 16:09:55,46374
False,OrderNo,varchar,25,工单号,60,True,False,True,textbox,False,False,,,,True,,,,,,,True,,,,,,,V_APS_ProcessPlanHistoryForMonth,28633,,,,管理员,2026-04-21 08:43:10,45773
False,HasQty,decimal,25,已报工,60,True,False,True,numberbox,False,False,,,False,,,,,,,,True,,,,,,,V_APS_ProcessPlanHistoryForWeek2,28636,,,,廖尚华,2026-06-04 16:33:49,45845
False,HasQty,decimal,25,已报工,60,True,False,True,numberbox,False,False,,,False,,,,,,,,True,,,,,,,V_APS_ProcessPlanHistoryForWeek,28634,,,,管理员,2026-04-21 09:57:27,45677
False,EndDate,datetime,25,计划完成,75,True,False,True,datebox,False,False,,,,True,,,{0:MM-dd},,,,True,,,,,,,V_APS_MOPlanStep2V1,7943,,,,system,2026-03-31 16:50:16,44823
False,EndDate,datetime,25,计划完成,75,True,False,True,datebox,False,False,,,,True,,,{0:yyyy-MM-dd},,,,True,,,,,,,V_APS_MOPlanStep1V9,9014,,,,管理员,2026-04-13 13:00:44,44768
False,Qty4,decimal,25,成品超订,120,True,False,True,numberbox,False,False,,,,,,,,,,,True,,,,,,,V_APS_MaterialBalanceTotalHistory,26521,,,,江老师,2026-03-12 10:53:30,42373
False,Spec,nvarchar,25,规格型号,260,True,False,True,textbox,False,False,,,,True,,,,,,,True,,,,,,,V_APS_SalesOutStock,24409,,,,范龙生,2026-04-15 15:56:26,41551
False,EndDate,datetime,25,计划完成,60,True,False,True,datebox,False,False,,,,True,,,{0:MM-dd},,,,True,,,,,,,V_APS_MOPlanStep1V10,9013,,,,system,2025-10-10 15:46:49,36108
False,Qty,decimal,25,数量,70,True,False,True,numberbox,False,False,False,,,False,,,{0:G0},,,,True,,,,,,,V_APS_SalesOrderDetailALL,6694,,,,江老师,2026-03-03 10:42:55,12391
False,Qty,decimal,25,数量,50,True,False,True,numberbox,False,False,,,,,,,,,,,True,,,,,,,V_APS_Report54,19323,,,,管理员,2026-04-24 11:45:20,31908
False,IsSelect,bit,25,返回数据,80,True,True,False,checkbox,False,False,True,,,,,,,,,,True,,,,,,,V_DictionaryField,35,,,,温广燕,2026-03-16 14:26:59,33457
False,MaterialName,nvarchar,25,产品描述,100,True,False,False,textbox,False,False,,,False,True,,,,,,,True,,,,,,,V_APS_Report55,19324,,,,管理员,2026-04-24 16:13:31,33903
False,CreatedOn,datetime,25,创建日期,150,True,False,False,,False,False,,,,,,,,,,,True,,,,,,,V_APS_Report12,7846,,,,管理员,2026-04-20 11:20:09,27983
False,POSuplierName,nvarchar,25,供应商名称,100,True,False,False,textbox,False,False,,,,False,,,,,,,True,,,,,,,V_APS_OrderPlanMaterialFormByItem1,18289,,,,管理员,2026-01-23 09:39:05,28578
False,OnloadQty4,decimal,25,生产订单在制,80,True,False,False,numberbox,False,False,False,,,,,,,,,custom,True,,,,,,,V_APS_OrderPrepareReport,7804,,,,陈坤和,2026-01-28 09:05:59,16266
False,Code,varchar,25,物料编码,80,True,False,False,textbox,False,False,False,,,True,模糊匹配,,,,,custom,True,,,,,,,V_APS_Report32,7909,,,,范龙生,2026-03-09 15:42:49,16894
False,Extend5,varchar,25,异常类型,120,True,True,False,combobox,False,False,True,,,,,,,,,,True,不达成原因,,,,,,V_APS_DayPlanForActive,6688,,,,江科,2025-09-09 16:56:37,17165
False,Unit,varchar,25,计量单位,80,True,False,False,textbox,False,False,,,,,,,,,,custom,True,,,,,,,V_APS_MaterialMaintain,10110,,,,陈坤和,2026-01-27 15:42:48,21524
False,MaterialName,nvarchar,25,物料名称,150,True,False,False,textbox,False,False,,,,True,,,,,,,True,,,,,,,V_APS_OrderPlanChange,7970,,,,范龙生,2026-05-12 12:27:11,21383
False,FormQty,decimal,25,配套,60,True,False,False,numberbox,False,False,False,,False,False,,,{0:G0},,,custom,True,,,,,False,,V_APS_OrderPlanMaterialFormList,5594,False,,,管理员,2026-06-16 13:36:19,9662
False,OweQty,decimal,25,欠数,80,True,False,False,numberbox,False,False,False,,,,,,{0:G0},,,custom,True,,,,,,,V_APS_OrderProcess,5074,,,,吴鑫鹏,2025-10-10 10:46:43,9475
False,UnIssuedQty,decimal,25,未领数,60,True,False,False,numberbox,False,False,False,,,False,,,{0:G0},,SUM,custom,True,,,,,,,V_APS_OrderBOMNew,5021,False,,,陈坤和,2026-04-23 16:50:19,4814
False,Remark1,nvarchar,25,备注,60,True,False,False,,False,False,False,,,False,,,,,,custom,True,,,,,,,V_APS_MaterialBOM,1185,,,,江老师,2026-03-03 10:06:55,3232
False,NoScheduling,bit,25,暂停不排,50,True,False,False,checkbox,False,False,,,,,,,,,,,True,,,,,,,V_APS_ProcessPlanForSchedinng,5168,,,,江科,2025-10-15 20:20:35,36263
False,OrderDate,datetime,25,工单日期,110,True,False,False,datebox,False,False,,,,,,,,,,,True,,,,,,,V_APS_Report19,7920,,,,管理员,2025-11-06 16:26:33,36660
False,ProductOrganizeName,nvarchar,25,委外组织,170,True,False,False,textbox,False,False,,,,True,,,,,,,True,,,,,,,V_APS_OrderForToDo,5139,,,,江科,2025-10-13 20:49:08,34402
False,UnCompletionQty,decimal,25,未入库,65,True,False,False,numberbox,False,False,,,,,,,,,SUM,,True,,,,,,,V_APS_Order,49,,,,管理员,2026-04-28 07:56:46,35874
False,ProcessNum,int,25,,80,True,False,False,numberbox,False,False,,,,,,,,,,,True,,,,,,,APS_ProcessMaterialHistory,26519,,,,system,2025-10-29 20:30:04,38033
False,ApproveDate,datetime,25,审批日期,110,True,False,False,datebox,False,False,,,,,,,,,,,True,,,,,,,APS_ManualForecastDetail,9003,,,,system,2025-10-29 09:41:02,37945
False,Analysis,nvarchar,25,解析,100,True,False,False,textbox,False,False,,,,,,,,,,,True,,,,,,,APS_MaterialBalanceHistory,26517,,,,system,2025-10-29 20:30:04,37985
False,ModifyedOn,datetime,25,修改日期,100,True,False,False,datebox,False,False,,,,,,,,,,custom,True,,right,,,,,APS_InterfaceSAP,9030,,,,廖尚华,2026-05-21 16:54:38,39105
False,InStockOrganizeID,int,25,入库组织,80,True,False,False,numberbox,False,False,,,,,,,,,,,True,,,,,,,APS_OrganizeDemandOrder,26524,,,,system,2025-10-30 16:15:32,38200
False,UnReceivedPrice,decimal,25,未清金额,80,True,False,False,numberbox,False,False,,,,,,,,查看金额,SUM,,True,,,,,,,V_APS_PO,6751,,,,陈坤和,2026-06-16 11:58:01,41868
False,OpenCreQty,decimal,25,未清数,70,True,False,False,numberbox,False,False,,,,,,,,,,,True,,,,,,,V_APS_SalesOrderWarning,28571,,,,陈坤和,2026-01-27 15:42:14,42034
False,UsedInProductNames,nvarchar,25,产品名称,200,True,False,False,textbox,False,False,,,,True,,,,,,,True,,,,,,,V_APS_POSummary,25460,,,,陈坤和,2026-01-31 11:58:51,42259
False,Unit,varchar,25,单位,50,True,False,False,textbox,False,False,,,,,,,,,,,True,,,,,,,V_APS_OrderInStock,10103,,,,管理员,2026-01-19 14:52:25,40260
False,PassQty,decimal,25,合格数量,80,True,False,False,numberbox,False,False,,,,,,,,,,,True,,,,,,,V_APS_NewProductTrial,27561,,,,陈坤和,2026-01-07 11:10:48,40649
False,ProblemDesc,nvarchar,25,问题描述,120,True,False,False,textbox,False,False,,,,True,,,,,,,True,,,,,,,V_APS_QualityAbnormalityCase,27562,,,,陈坤和,2026-01-31 11:56:56,40686
False,ExecutionNotes,nvarchar,25,执行事项说明,100,True,False,False,textbox,False,False,,,,,,,,,,,True,,,,,,,APS_TempChangeRequest,27558,,,,陈坤和,2026-01-31 11:57:17,40615
False,JoinTableName,varchar,25,其他表链接,300,True,True,False,textarea,False,False,,,,,,,,,,,True,,,,,,,APS_InterfaceSAPOutput,9032,,,,廖尚华,2025-11-28 16:07:04,39308
False,SupplierDeliveryDate,datetime,25,S1供应商交期,85,True,False,False,datebox,False,False,,,,True,,,{0:yyyy-MM-dd},,,,True,,,,,,,APS_SalesOrder_JDY,27537,,,,陈坤和,2026-04-14 15:36:07,39505
False,SupplierDeliveryDate,datetime,25,S1供应商交期,85,True,False,False,datebox,False,False,,,,True,,,,,,,True,,,,,,,V_APS_SalesOrderDetail_JDY,27538,,,,system,2025-12-05 10:35:31,39451
False,StockQty,decimal,25,库存数,80,True,False,False,numberbox,False,False,,,,,,,,,,,True,,,,,,,V_APS_Report2,7840,,,,范龙生,2026-03-12 16:18:05,44017
False,BottomPoints,int,25,板底点数,80,True,True,False,numberbox,False,False,,,,,,,,,,,True,,,,,,,V_APS_Report20,7921,,,,管理员,2026-04-13 11:08:16,44915
False,SupplierName,nvarchar,25,供应商,100,True,False,False,textbox,False,False,,,,,,,,,,,True,,,,,,,V_APS_Report17,7843,,,,廖尚华,2026-05-22 11:39:23,45590
False,RecordType,nvarchar,25,类型,50,True,False,False,textbox,False,False,,,,True,,,,,,,True,,,,,,,APS_ProcessPartMaterialImport,28596,,,,范龙生,2026-03-16 11:27:36,44232
False,Unit,varchar,25,计量单位,80,True,False,False,textbox,False,False,,,,,,,,,,custom,True,,,,,,,V_APS_ProcessMaterialPartError,28601,,,,system,2026-03-16 17:37:29,44435
False,OweQty,decimal,25,7日需求,80,True,False,False,numberbox,False,False,,,,,,,,,,,True,,,,,,,APS_MaterialForecastForm,28600,,,,system,2026-03-16 14:51:03,44330
False,RecordType,nvarchar,25,类型,60,True,False,False,textbox,False,False,,,,True,,,,,,,True,,,,,,,V_APS_ProcessPartMaterial2,28595,,,,管理员,2026-04-24 13:30:17,44257
False,Month8Actual,decimal,25,8月下单,80,True,False,False,numberbox,False,False,,,,,,,,,,,True,,,,,,,V_APS_SalesOrderDetailPlanLine,12192,,,,温广燕,2026-05-29 11:26:33,44108
False,RecordType,nvarchar,25,类型,100,True,False,False,textbox,False,False,,,,,,,,,,,True,,,,,,,APS_ProcessPartMaterial,28594,,,,system,2026-03-14 16:52:58,44205
False,Seconds,decimal,25,标准工时,80,True,False,False,numberbox,False,False,,,,,,,,,,,True,,,,,,,V_APS_ProcessPartMaterial,28593,,,,范龙生,2026-03-18 10:47:29,44195
False,OrderQty,decimal,25,未完工单数,100,True,False,False,numberbox,False,False,,,,,,,,,,,True,,,,,,,V_APS_Report56,19322,,,,陈坤和,2026-04-23 17:06:55,46026
False,OpenCreQty,decimal,25,未清数,80,True,False,False,numberbox,False,False,,,,,,,,,,,True,,,,,,,V_APS_Report47,19331,,,,管理员,2026-04-24 17:58:51,46235
False,MaterialName,nvarchar,25,物料描述,100,True,False,False,textbox,False,False,,,False,False,,,,,,,True,,,,,,,V_APS_PrepareView3,7791,,,,管理员,2026-04-24 16:32:15,46330
False,Qty,decimal,25,订单数,60,True,False,False,numberbox,False,False,,,,,,,,,,,True,,,,,,,V_APS_Report38,11151,,,,管理员,2026-05-06 08:36:53,46834
False,Y4,decimal,25,4月,80,True,False,False,numberbox,False,False,,,,,,,,,SUM,,True,,,,,,,V_APS_MaterialDeliveryConfig,25477,,,,陈坤和,2026-05-06 08:59:54,46891
False,DeleteCondition,varchar,25,删除条件,100,True,True,False,textbox,False,False,,,,,,,,,,,True,,,,,,,APS_InterfaceSAPOutput,9032,,,,温广燕,2026-04-28 11:02:56,46559
False,DeliveryedNum,int,25,已发齐,70,True,False,False,numberbox,False,False,,,,,,,,,,,True,,,,,,,V_APS_Report57,19321,,,,管理员,2026-05-06 09:47:46,46574
False,LastChangeTime,datetime,25,最后异动时间,150,True,False,False,datebox,False,False,,,,,,,,,,,True,,,,,,,V_APS_Report43,19336,,,,陈坤和,2026-05-11 10:55:19,47012
False,StencilNO,varchar,25,钢网,100,True,False,False,textbox,False,False,,,,,,,,,,,True,,,,,,,V_APS_MOPlanStep1V12,9021,,,,廖尚华,2026-05-28 10:16:04,47474
False,Remark1,nvarchar,25,损耗原因,300,True,True,False,textbox,False,False,True,,,,,,,,,,True,,,,,,,V_APS_PrepareView5,7789,,,,温广燕,2026-05-20 16:16:09,47455
False,OweQty,decimal,26,未完成,60,True,False,True,numberbox,False,False,,,False,,,,,,,,True,,,,,,,V_APS_ProcessPlanHistoryForWeek,28634,,,,管理员,2026-06-16 10:12:11,45767
False,Code,varchar,26,物料编码,80,True,False,True,textbox,False,False,,,,True,,,,,,,True,,,,,,,V_APS_Report3,7841,,,,管理员,2026-04-28 16:09:55,28620
False,DataSourceID,varchar,26,数据源,70,True,True,False,combobox,False,False,True,,,False,,,,,,custom,True,数据源,,,,,,V_DictionaryField,35,False,,,温广燕,2026-03-16 14:26:59,728
False,Capacity,numeric,26,标准产能(UPH),80,True,False,False,,False,False,False,,,,,,,,,,True,,,,,,,V_APS_ProcessPlanForSchedinng,5168,,,,江科,2025-10-15 20:20:26,9728
False,Code,varchar,26,物料编码,150,True,True,False,textbox,False,False,True,,,True,,,,,,custom,True,,,,,,,V_APS_SchedulingAll,5083,False,,,江科,2025-09-09 09:17:10,6776
False,SupplCode,varchar,26,补充代码,105,True,False,False,textbox,False,False,,,,,,,,,,,True,,,,,,,V_APS_SalesOrderDetailALL,6694,,,,温广燕,2026-02-28 17:45:44,39724
False,ProducedQty,decimal,26,制作数量,80,True,False,False,numberbox,False,False,,,,,,,,,,,True,,,,,,,APS_NewProductTrial,27560,,,,system,2026-01-07 11:06:32,40546
False,AllUnIssuedQty,decimal,26,需求汇总(万),80,True,False,False,numberbox,False,False,,,,,,,{0:F2},,,,True,,,,,,,V_APS_PrepareView16,7871,,,,温广燕,2026-03-09 15:25:52,42138
False,DemandOrganizeID,int,26,需求组织,80,True,False,False,numberbox,False,False,,,,,,,,,,,True,,,,,,,APS_OrganizeDemandOrder,26524,,,,system,2025-10-30 16:15:32,38201
False,FormRate,varchar,26,齐套率,60,True,False,False,textbox,False,False,,,,,,,,,,,True,,,,,,,V_APS_MOPlanStep1V10,9013,,,,system,2025-11-03 16:12:11,38348
False,MaterialOrgID,int,26,物料组织id,80,True,False,False,numberbox,False,False,,,,,,,,,,,True,,,,,,,APS_MaterialBalanceHistory,26517,,,,system,2025-10-29 20:30:04,37986
False,TotalBoms,int,26,BOM数量,80,True,False,False,numberbox,False,False,,,,,,,,,,,True,,,,,,,APS_ProcessMaterialHistory,26519,,,,system,2025-10-29 20:30:04,38034
False,ICreatedByName,nvarchar,26,ERP创建人,100,True,False,False,textbox,False,False,,,,,,,,,,,True,,,,,,,V_APS_OrderForToDo,5139,,,,江科,2025-10-13 20:49:08,35868
False,OrderStatus,nvarchar,26,状态,50,True,False,False,textbox,False,False,,,,True,,,,,,,True,,,,,,,V_APS_Report49,19329,,,,管理员,2026-01-23 09:03:43,35043
False,ModifiedByName,nvarchar,26,修改姓名,100,True,False,False,,False,False,,,,,,,,,,,True,,,,,,,V_APS_Report12,7846,,,,温广燕,2026-04-20 11:10:01,45751
False,SupplierCode,varchar,26,供方代码,100,True,False,False,textbox,False,False,,,,,,,,,,,True,,,,,,,V_APS_Report17,7843,,,,廖尚华,2026-05-22 11:39:23,45591
False,FormRate,varchar,26,齐套率,60,True,False,False,textbox,False,False,,,,,,,,,,,True,,,,,,,V_APS_MOPlanStep2V1,7943,,,,system,2026-03-31 16:50:16,44847
False,Month9Forecast,decimal,26,9月预测,80,True,False,False,numberbox,False,False,,,,,,,,,,,True,,,,,,,V_APS_SalesOrderDetailPlanLine,12192,,,,温广燕,2026-05-29 11:26:33,44109
False,StockQtyAllocation,decimal,26,分配库存,80,True,False,False,numberbox,False,False,,,,,,,,,,,True,,,,,,,APS_MaterialForecastForm,28600,,,,system,2026-03-16 14:51:03,44331
False,WorkShopName,nvarchar,26,生产车间,100,True,False,False,textbox,False,False,,,,True,,,,,,,True,,,,,,,V_APS_PrepareView5,7789,,,,温广燕,2026-05-19 18:04:00,47443
False,DayUpperCapacity,decimal,26,日产上限,80,True,True,False,numberbox,False,False,,,,,,,,,,,True,,,,,,,V_APS_ProcessPartMaterial,28593,,,,廖尚华,2026-05-28 16:55:41,47842
False,Extend18,nvarchar,26,制程名称,100,True,False,False,textbox,False,False,,,,,,,,,,,True,,,,,,,V_APS_MOPlanStep1V12,9021,,,,廖尚华,2026-05-28 10:16:04,47820
False,OrdeNoList,varchar,26,系统工单,100,True,False,False,textbox,False,False,,,,True,,,,,,,True,,,,,,,V_APS_MaterialForecast,8978,,,,管理员,2026-04-28 17:37:45,46564
False,OncheckQty1,decimal,26,待检,50,True,False,False,numberbox,False,False,,,,,,,{0:G0},,,,True,,,,,,,V_APS_OrderPlanMaterialFormList,5594,,,,管理员,2026-06-16 13:36:19,46688
False,DataSource,nvarchar,26,类型,80,True,False,False,textbox,False,False,,,,True,,,,,,,True,,,,,,,V_APS_ProcessPartMaterial,28593,,,,范龙生,2026-04-29 09:41:04,46363
False,DiffQty,decimal,26,差异数,60,True,False,False,numberbox,False,False,,,False,,,,,,,,True,,,,,,,V_APS_ProcessPlanHistoryForWeek2,28636,,,,管理员,2026-06-16 10:07:02,45850
False,Amount5,decimal,27,成品超订金额,120,True,False,True,numberbox,False,False,,,,,,,,查看金额,,,True,,,,,,,V_APS_MaterialBalanceTotalHistory,26521,,,,江老师,2026-03-12 10:53:30,42368
False,StartDate,datetime,27,计划开始,75,True,False,True,datebox,False,False,,,,False,,,{0:MM-dd},,,,True,,,,,,,V_APS_MOPlanStep1V2,7961,,,,管理员,2026-04-23 15:54:18,35955
False,StockOutQty,decimal,27,交货数,70,True,False,True,numberbox,False,False,False,,,,,,{0:G0},,,,True,,,,,,,V_APS_SalesOrderDetailALL,6694,,,,陈坤和,2026-01-27 15:41:16,12398
False,MaterialName,nvarchar,27,物料名称,80,True,False,True,textbox,False,False,,,,,,,,,,,True,,,,,,,V_APS_Report3,7841,,,,管理员,2026-04-28 16:10:16,28665
False,Extend15,nvarchar,27,首选供应商,90,True,False,True,textbox,False,False,,,,False,模糊匹配,,,,,custom,True,,,,,,,V_APS_MaterialMaintain,10110,,,,陈坤和,2026-01-27 15:42:48,21542
False,ERPStartDate,datetime,27,计划开工,80,True,False,False,datebox,False,False,,倒序,,False,,,,,,,True,,,,,,,V_APS_Order,49,,,,陈坤和,2026-04-27 19:17:27,21198
False,ModifiedBy,varchar,27,修改账号,100,True,False,False,,False,False,True,,,,,,,,,custom,True,,,,,,,V_APS_MOPlanStep1V12,9021,,,,廖尚华,2026-05-28 10:16:04,24690
False,Extend9,varchar,27,异常原因备注,160,True,True,False,textbox,False,False,True,,,,,,,,,,True,,,,,,,V_APS_DayPlanForActive,6688,,,,江科,2025-09-09 16:56:37,17169
False,IsEnd,bit,27,工艺结束,80,True,True,False,checkbox,False,False,True,,,,,,,,,,True,,,,,,,V_APS_ProcessGroupInfo,1186,,,,管理员,2025-11-21 15:51:29,16982
False,Sailings,int,27,班制,80,True,True,False,textbox,False,False,True,,,,,,,,,,True,,,,,,,V_Dev_Organize,3026,,,,温广燕,2026-04-14 19:21:52,18519
False,StockQtyAll,decimal,27,库存汇总,80,True,False,False,numberbox,False,False,False,,,,,,,,,custom,True,,,,,,,V_APS_OrderPrepareReport,7804,,,,陈坤和,2026-01-28 09:07:03,16104
False,DeliveryDate,datetime,27,PO原交期,80,True,False,False,datebox,False,False,False,,,True,范围,,,,,,True,,,,,,,V_APS_PO,6751,,,,陈坤和,2026-06-16 11:58:01,13975
False,OrderRemark,nvarchar,27,工单备注,120,True,False,False,textbox,False,False,,,,True,模糊匹配,,,,,,True,,,,,,,V_APS_Report10,7833,,,,管理员,2026-04-14 09:29:08,26786
False,fix,varchar,27,fix,50,True,True,False,textbox,False,False,True,,,False,,,,,,custom,True,,,,,,,V_DictionaryField,35,False,,,温广燕,2026-03-16 14:26:59,8689
False,BeforeAdd,varchar,27,添加前事件,90,True,True,False,textarea,False,False,True,,,False,,,,,,,True,,,,,,,Dev_Dictionary,33,,,,管理员,2026-04-24 10:55:22,4493
False,IModifiedByName,nvarchar,27,ERP修改人,100,True,False,False,textbox,False,False,,,,,,,,,,,True,,,,,,,V_APS_OrderForToDo,5139,,,,江科,2025-10-13 20:49:08,35870
False,TotalMaterials,int,27,物料种类,80,True,False,False,numberbox,False,False,,,,,,,,,,,True,,,,,,,APS_ProcessMaterialHistory,26519,,,,system,2025-10-29 20:30:04,38035
False,CreatedOnDate,date,27,保存日期(日),110,True,False,False,datebox,False,False,,,,,,,,,,,True,,,,,,,APS_MaterialBalanceHistory,26517,,,,system,2025-10-29 20:30:04,37987
False,SupplyOrganizeID,int,27,供应组织ID,80,True,False,False,numberbox,False,False,,,,,,,,,,,True,,,,,,,APS_OrganizeDemandOrder,26524,,,,system,2025-10-30 16:15:32,38202
False,SupplierName,nvarchar,27,供应商名称,100,True,False,False,textbox,False,False,,,,,,,,,,,True,,,,,,,V_APS_POSummary,25460,,,,陈坤和,2026-01-31 11:58:51,42197
False,StockQty,decimal,27,现有库存,80,True,False,False,numberbox,False,False,,,,,,,,,,,True,,,,,,,V_APS_SalesOrderWarning,28571,,,,陈坤和,2026-01-27 15:42:14,42043
False,ResponsibleDept,nvarchar,27,责任部门,80,True,False,False,textbox,False,False,,,,True,,,,,,,True,,,,,,,V_APS_QualityAbnormalityCase,27562,,,,陈坤和,2026-01-31 11:56:56,40696
False,PassQty,decimal,27,合格数量,80,True,False,False,numberbox,False,False,,,,,,,,,,,True,,,,,,,APS_NewProductTrial,27560,,,,system,2026-01-07 11:06:32,40547
False,ImplementationDetails,nvarchar,27,临时变更需求实施详细说明,300,True,False,False,textbox,False,False,,,,,,,,,,,True,,,,,,,APS_TempChangeRequest,27558,,,,陈坤和,2026-01-31 11:57:17,40616
False,FailQty,decimal,27,不合格数量,60,True,False,False,numberbox,False,False,,,,,,,,,,,True,,,,,,,V_APS_NewProductTrial,27561,,,,陈坤和,2026-01-31 11:56:28,40650
False,ProblemDesc,nvarchar,27,问题描述,100,True,False,False,textbox,False,False,,,,,,,,,,,True,,,,,,,APS_QualityAbnormalityCase,27559,,,,system,2026-01-07 11:06:32,40582
False,JoinFieldName,varchar,27,自定义取值,200,True,True,False,textarea,False,False,,,,,,,,,,,True,,,,,,,APS_InterfaceSAPOutputField,9033,,,,廖尚华,2026-01-05 16:11:53,39309
False,MaterialSubstitute,nvarchar,27,替代料,100,True,False,False,textbox,False,False,,,,,,,,,,,True,,,,,,,APS_MaterialForecastForm,28600,,,,system,2026-03-16 14:51:03,44332
False,Month9Actual,decimal,27,9月下单,80,True,False,False,numberbox,False,False,,,,,,,,,,,True,,,,,,,V_APS_SalesOrderDetailPlanLine,12192,,,,温广燕,2026-05-29 11:26:33,44110
False,DataSource,nvarchar,27,数据来源,80,True,False,False,textbox,False,False,,,,,,,,,,,True,,,,,,,V_APS_Process,1182,,,,范龙生,2026-03-14 12:04:15,44137
False,POPeriod,int,27,采购周期,80,True,False,False,numberbox,False,False,,,,,,,,,,,True,,,,,,,V_APS_Report17,7843,,,,廖尚华,2026-05-22 11:39:23,45593
False,ModifyedOn,datetime,27,修改日期,150,True,False,False,,False,False,,,,,,,,,,,True,,,,,,,V_APS_Report12,7846,,,,管理员,2026-04-20 11:20:09,45752
False,StartDate,datetime,27,计划开始,50,True,False,False,datebox,False,False,,,,,,,{0:MM-dd},,,,True,,,,,,,V_APS_ProcessPlanHistoryForWeek,28634,,,,管理员,2026-06-16 10:12:11,45679
False,SDeliveryDate2,datetime,27,S2供应商交期,85,True,False,False,datebox,False,False,,,,,,,,,,,True,,,,,,,APS_SalesOrder_JDY,27537,,,,陈坤和,2026-04-14 15:39:42,45348
False,IsDelivered,int,27,发齐,60,True,False,False,numberbox,False,False,,,,,,,,,,,True,,,,,,,V_APS_OrderBOMNew,5021,,,,陈坤和,2026-04-23 16:50:19,45258
False,UnCompletionQty,decimal,27,备料工单数,100,True,False,False,numberbox,False,False,,,,,,,,,,,True,,,,,,,V_APS_Report56,19322,,,,陈坤和,2026-04-23 17:06:55,46031
False,Extend9,varchar,27,类型,50,True,False,False,textbox,False,False,,,,,,,,,,,True,,,,,,,V_APS_ProcessPlanHistoryForMonth,28633,,,,范龙生,2026-04-22 15:25:30,46016
False,TrayOfQty,int,27,托盘数量,80,True,False,False,numberbox,False,False,,,,,,,,,,,True,,,,,,,V_APS_Report47,19331,,,,陈坤和,2026-04-24 14:42:39,46236
False,Y5,decimal,27,5月,80,True,False,False,numberbox,False,False,,,,,,,,,SUM,,True,,,,,,,V_APS_MaterialDeliveryConfig,25477,,,,陈坤和,2026-05-06 08:59:54,46892
False,DisDeliveryedNum,int,27,未发齐,70,True,False,False,numberbox,False,False,,,,,,,,,,,True,,,,,,,V_APS_Report57,19321,,,,管理员,2026-05-06 09:47:46,46575
False,ReplyDate,datetime,27,答复交期,110,True,False,False,datebox,False,False,,,,,,,,,,,True,,,,,,,V_APS_DeliveryDataDetail,8998,,,,廖尚华,2026-04-27 14:52:10,46543
False,SDeliveryDate2,datetime,27,S2供应商交期,85,True,False,False,datebox,False,False,,,,,,,,,,,True,,,,,,,V_APS_SalesOrderDetail_JDY,27538,,,,system,2026-06-03 12:05:44,48190
False,CreatedByName,nvarchar,27,提交人,100,True,False,False,,False,False,,,,,,,,,,,True,,,,,,,V_APS_PrepareView5,7789,,,,温广燕,2026-05-19 17:57:48,47457
False,DeliveryDate,datetime,27,生产交期,110,True,False,False,datebox,False,False,,,,,,,,,,,True,,,,,,,V_APS_MOPlanStep5,7769,,,,温广燕,2026-05-13 16:45:08,47311
False,StockStatus,nvarchar,27,待检状态,50,True,False,False,textbox,False,False,,,,,,,,,,,True,,,,,,,V_APS_OrderPlanMaterialFormList,5594,,,,管理员,2026-06-16 13:37:02,48235
False,EndDate,datetime,28,计划完成,75,True,False,True,datebox,False,False,,,,False,,,{0:MM-dd},,,,True,,,,,,,V_APS_MOPlanStep1V2,7961,,,,管理员,2026-04-23 15:54:18,35956
False,Spec,nvarchar,28,规格,80,True,False,True,textbox,False,False,,,,,,,,,,,True,,,,,,,V_APS_Report3,7841,,,,管理员,2026-04-28 16:10:16,28666
False,CustomerInfo,nvarchar,28,客户信息,150,True,False,False,textbox,False,False,,,,,,,,,,,True,,,,,,,V_APS_PrepareView2,7792,,,,管理员,2026-01-23 09:41:59,29276
False,DeliveryDate,datetime,28,PO原交期,80,True,False,False,datebox,False,False,,,,,,,,,,custom,True,,,,,,,V_APS_DeliveryDataDetail,8998,,,,管理员,2026-04-27 14:24:27,27510
False,ModifiedByName,nvarchar,28,修改姓名,80,True,False,False,,False,False,True,,,,,,,,,custom,True,,,,,,,V_APS_MOPlanStep1V12,9021,,,,廖尚华,2026-05-28 10:16:04,24691
False,Remark2,nvarchar,28,计划备注,80,True,False,False,,False,False,,,,,,,,,,,True,,,,,,,V_APS_Report10,7833,,,,管理员,2026-04-14 09:29:08,23739
False,Status,int,28,状态,200,True,True,False,combobox,True,False,,,,,,,,,,custom,True,数据状态,,,,,,APS_AbnormalReason,7770,,,,江科,2025-09-28 09:49:09,20077
False,button,nvarchar,28,button,80,True,True,False,textarea,False,False,True,,,False,,,,,,custom,True,,,,,,,V_DictionaryField,35,False,,,温广燕,2026-03-16 14:26:59,8693
False,OnloadQty,decimal,28,PO未交,50,True,False,False,numberbox,False,False,False,,False,False,,,{0:G0},,,,True,,,,,False,,V_APS_OrderPlanMaterialFormList,5594,False,,,管理员,2026-06-16 13:37:02,11343
False,CloseDate,datetime,28,关闭日期,100,True,False,False,datebox,False,False,,,,,,,,,,,True,,,,,,,APS_PR,7898,,,,江科,2025-09-26 20:13:15,35067
False,DataSource,nvarchar,28,类型,100,True,False,False,textbox,False,False,,,,,,,,,,,True,,,,,,,V_APS_Report19,7920,,,,管理员,2025-11-06 16:27:55,36663
False,Seconds,decimal,28,标准工时(S),80,True,False,False,numberbox,False,False,,,,,,,,,,,True,,,,,,,APS_ProcessMaterialHistory,26519,,,,system,2025-10-29 20:30:04,38036
False,Seconds,decimal,28,标准工时(S),80,True,False,False,numberbox,False,False,,,,,,,,,,,True,,,,,,,V_APS_ProcessMaterialHistory,26520,,,,陈坤和,2025-10-29 21:22:33,38097
False,NewMaterialDate,datetime,28,新物料交期,85,True,False,False,datebox,False,False,,,,,,,,,,,True,,,,,,,V_APS_SalesOrderDetail_JDY,27538,,,,廖尚华,2026-06-03 17:35:27,39452
False,DefectCategory,nvarchar,28,不良层别,100,True,False,False,textbox,False,False,,,,,,,,,,,True,,,,,,,APS_QualityAbnormalityCase,27559,,,,system,2026-01-07 11:06:32,40583
False,Remark3,nvarchar,28,日记账备注,90,True,False,False,textbox,False,False,,,,,,,,,,,True,,,,,,,V_APS_OrderInStock,10103,,,,管理员,2026-01-19 14:53:29,40238
False,MaterialCode,varchar,28,物料编码,100,True,False,False,textbox,False,False,,,,True,,,,,,,True,,,,,,,V_APS_Report60,19318,,,,管理员,2026-04-29 11:24:49,39938
False,FailQty,decimal,28,不合格数量,80,True,False,False,numberbox,False,False,,,,,,,,,,,True,,,,,,,APS_NewProductTrial,27560,,,,system,2026-01-07 11:06:32,40548
False,Extend1,nvarchar,28,销售工程师,100,True,False,False,textbox,False,False,,,,,,,,,,,True,,,,,,,V_Dev_Customer,11139,,,,陈坤和,2026-01-23 14:59:39,41792
False,MaterialCount,int,28,物料项,80,True,False,False,numberbox,False,False,,,,,,,,,,,True,,,,,,,V_APS_Report44,19334,,,,管理员,2026-01-23 16:13:40,41781
False,PCDeliveryDate,datetime,28,要求开工,110,True,False,False,datebox,False,False,,,,,,,,,,,True,,,,,,,V_APS_MOPlanStep5,7769,,,,温广燕,2026-05-13 16:45:08,47310
False,EndDate,datetime,28,计划完成,50,True,False,False,datebox,False,False,,,,,,,{0:MM-dd},,,,True,,,,,,,V_APS_ProcessPlanHistoryForWeek,28634,,,,管理员,2026-06-16 10:12:11,45680
False,MCRemark,nvarchar,28,MC备注,100,True,False,False,textbox,False,False,,,,,,,,,,,True,,,,,,,V_APS_Report17,7843,,,,廖尚华,2026-05-22 11:39:23,45598
False,Month10Forecast,decimal,28,10月预测,80,True,False,False,numberbox,False,False,,,,,,,,,,,True,,,,,,,V_APS_SalesOrderDetailPlanLine,12192,,,,温广燕,2026-05-29 11:26:33,44111
False,LevelPath,varchar,28,层级,100,True,False,False,textbox,False,False,,,,,,,,,,,True,,,,,,,APS_MaterialForecastForm,28600,,,,system,2026-03-16 15:44:54,44400
False,Qty1,decimal,28,超订汇总(万),80,True,False,False,numberbox,False,False,,,,,,,{0:F2},,,,True,,,,,,,V_APS_PrepareView16,7871,,,,温广燕,2026-03-09 15:25:52,42354
False,OpenCreQty,decimal,29,未清数,70,True,False,True,numberbox,False,False,,,,,,,,,,,True,,,,,,,V_APS_SalesOrderDetailALL,6694,,,,陈坤和,2026-01-27 15:41:16,39726
False,Code,varchar,29,物料编码,150,True,True,True,textbox,False,False,True,,,False,,,,,,custom,True,,,,,,,V_MES_SSNScan,141,,,,江科,2025-09-09 09:17:10,2427
False,POQty,decimal,29,采购量,60,True,False,True,numberbox,False,False,,,,,,,,,,,True,,,,,,,V_APS_Report3,7841,,,,管理员,2026-04-28 16:10:16,28624
False,ERPEndDate,datetime,29,计划完工,80,True,False,False,datebox,False,False,,,,False,,,,,,,True,,,,,,,V_APS_Order,49,,,,陈坤和,2026-04-27 19:17:27,21199
False,Extend4,varchar,29,新品或设变,90,True,False,False,textbox,False,False,,,,,,,,,,custom,True,,,,,,,V_APS_MaterialMaintain,10110,,,,陈坤和,2026-01-27 15:42:48,21531
False,Code,varchar,29,物料编码,150,True,False,False,textbox,False,False,,,,True,,,,,,custom,True,,,,,,,V_APS_OrderCheck,12194,,,,江科,2025-09-28 10:11:51,22249
False,ModifyedOn,datetime,29,修改日期,80,True,False,False,,False,False,True,,,,,,,,,custom,True,,,,,,,V_APS_MOPlanStep1V12,9021,,,,廖尚华,2026-05-28 10:16:04,24693
False,ReplyDate,datetime,29,答复交期,130,True,True,False,datebox,False,False,False,升序,,True,,,,,,,True,,,,,,,V_APS_PO,6751,,,,陈坤和,2026-06-16 11:58:01,13993
False,AfterAdd,varchar,29,添加之后的事件,120,True,True,False,textarea,False,False,True,,,False,,,,,,,True,,,,,,,Dev_Dictionary,33,,,,管理员,2026-04-24 10:55:22,967
False,OrganizeID,int,29,APS组织ID,100,True,False,False,numberbox,False,True,False,,False,False,精确匹配,,,,,,True,,,,,False,,V_Dev_Organize,3026,False,,,管理员,2025-11-26 08:13:45,5648
False,Capacity,decimal,29,小时产能,80,True,False,False,numberbox,False,False,False,,,,,,{0:G0},,,,True,,,,,,,V_APS_DayPlanForActive,6688,,,,江科,2025-09-09 16:56:37,12246
False,component,nvarchar,29,component,100,True,True,False,textbox,False,False,True,,,False,,,,,,custom,True,,,,,,,V_DictionaryField,35,False,,,温广燕,2026-03-16 14:26:59,8694
False,CycleFieldName,varchar,29,循环字段,100,True,True,False,textbox,False,False,,,,,,,,,,,True,,,,,,,APS_InterfaceSAPInput,9031,,,,廖尚华,2025-12-23 14:40:31,39602
False,NewMaterialDate,datetime,29,新物料交期,85,True,False,False,datebox,False,False,,,,,,,{0:yyyy-MM-dd},,,,True,,,,,,,APS_SalesOrder_JDY,27537,,,,陈坤和,2026-04-14 15:36:56,39506
False,IsUpdate,bit,29,更新正式表,80,True,True,False,checkbox,False,False,,,,,,,,,,,True,,,,,,,APS_InterfaceSAPOutputField,9033,,,,陈坤和,2026-01-14 15:16:34,39310
False,TrialDate,datetime,29,试产日期,110,True,False,False,datebox,False,False,,,,,,,,,,,True,,,,,,,APS_NewProductTrial,27560,,,,system,2026-01-07 11:06:32,40549
False,TechReviewDecision,nvarchar,29,技术部审核意见,80,True,False,False,textbox,False,False,,,,,,,,,,,True,,,,,,,APS_TempChangeRequest,27558,,,,陈坤和,2026-01-31 11:57:17,40617
False,TrialDate,datetime,29,试产日期,110,True,False,False,datebox,False,False,,,,,,,,,,,True,,,,,,,V_APS_NewProductTrial,27561,,,,陈坤和,2026-01-31 11:56:28,40651
False,Assignee,nvarchar,29,责任人,100,True,False,False,textbox,False,False,,,,,,,,,,,True,,,,,,,APS_QualityAbnormalityCase,27559,,,,system,2026-01-07 11:06:32,40584
False,Extend2,nvarchar,29,销售专员,100,True,False,False,textbox,False,False,,,,,,,,,,,True,,,,,,,V_Dev_Customer,11139,,,,陈坤和,2026-01-23 14:59:39,41793
False,PRQty,decimal,29,请购中,60,True,False,False,numberbox,False,False,,,,,,,,,,,True,,,,,,,V_APS_OrderPlanMaterialFormList,5594,,,,管理员,2026-06-16 13:36:19,41881
False,StockQtyAllPrice,decimal,29,库存汇总金额,80,True,False,False,numberbox,False,False,,,,,,,,查看金额,,,True,,,,,,,V_APS_OrderPrepareReport,7804,,,,陈坤和,2026-01-28 09:11:08,42263
False,OrderStatus,nvarchar,29,状态,50,True,False,False,textbox,False,False,,,,,,,,,,,True,,,,,,,V_APS_POSummary,25460,,,,陈坤和,2026-01-31 11:58:51,42244
False,DeliveryDate,datetime,29,订单交期,80,True,False,False,datebox,False,False,,倒序,True,True,范围,,,,,,True,,,,,,,V_APS_SalesOrderWarning,28571,,,,江老师,2026-03-03 13:31:27,41982
False,CauseAnalysis,nvarchar,29,原因分析,150,True,False,False,textbox,False,False,,,,,,,,,,,True,,,,,,,V_APS_QualityAbnormalityCase,27562,,,,陈坤和,2026-01-31 11:56:56,40697
False,PWSProcessID,varchar,29,工序ID,100,True,False,False,textbox,False,False,,,,,,,,,,,True,,,,,,,APS_ProcessMaterialHistory,26519,,,,system,2025-10-29 20:30:04,38037
False,ApproveName,nvarchar,29,审核人,100,True,False,False,textbox,False,False,,,,,,,,,,,True,,,,,,,APS_OrganizeDemandOrder,26524,,,,system,2025-10-30 16:15:32,38204
False,PCDeliveryDate,datetime,29,PC回传交期,110,True,False,False,datebox,False,False,,,,,,,,,,,True,,,,,,,V_APS_Report19,7920,,,,管理员,2025-11-06 16:28:10,36672
False,Qty1,decimal,29,库存+在途超订,120,True,False,False,numberbox,False,False,,,,,,,,,,,True,,,,,,,V_APS_MaterialBalanceTotalHistory,26521,,,,陈坤和,2026-01-28 16:12:11,42370
False,Extend4,varchar,29,新品或设变,90,True,False,False,textbox,False,False,,,,,,,,,,custom,True,,,,,,,V_APS_ProcessMaterialPartError,28601,,,,system,2026-03-16 17:37:29,44442
False,Month10Actual,decimal,29,10月下单,80,True,False,False,numberbox,False,False,,,,,,,,,,,True,,,,,,,V_APS_SalesOrderDetailPlanLine,12192,,,,温广燕,2026-05-29 11:26:33,44112
False,NoScheduling,bit,29,暂停不排,50,True,True,False,checkbox,False,False,,,,,,,,,,,True,,,,,,,V_APS_MOPlanStep2V1,7943,,,,system,2026-03-31 16:50:16,44804
False,NoScheduling,bit,29,挂起,50,True,True,False,checkbox,False,False,,,,,,,,,,,True,,,,,,,V_APS_MOPlanStep1V9,9014,,,,管理员,2026-04-13 08:15:36,44754
False,SyncDatetime,datetime,29,同步时间,150,True,False,False,datebox,False,False,,,,,,,,,,,True,,,,,,,V_APS_Report43,19336,,,,陈坤和,2026-05-11 10:55:19,47011
False,Y6,decimal,29,6月,80,True,False,False,numberbox,False,False,,,,,,,,,SUM,,True,,,,,,,V_APS_MaterialDeliveryConfig,25477,,,,陈坤和,2026-05-06 08:59:54,46893
False,TraysNum,decimal,29,托盘需求,80,True,False,False,numberbox,False,False,,,,,,,{0:N4},,,,True,,,,,,,V_APS_Report47,19331,,,,陈坤和,2026-04-24 16:54:44,46237
False,DiffQty,decimal,29,差异数,80,True,False,False,numberbox,False,False,,,,True,,,,,,,True,,,,,,,V_APS_Report56,19322,,,,管理员,2026-05-05 17:52:13,46032
False,StockQty,decimal,29,最新库存数,100,True,False,False,numberbox,False,False,,,,,,,,,,,True,,,,,,,V_APS_OrderBOMNew,5021,,,,陈坤和,2026-04-23 16:50:50,46037
False,ModifyedOn,datetime,29,更新时间,100,True,False,False,,False,False,,,,,,,,,,,True,,,,,,,V_APS_PrepareView5,7789,,,,温广燕,2026-05-19 17:57:48,47461
False,IsLate,nvarchar,29,超期,40,True,False,False,textbox,False,False,,,,,,,,,,,True,,,,,,,V_APS_SalesOrderDetail_JDY,27538,,,,廖尚华,2026-06-03 17:35:27,48191
False,Code,varchar,30,物料编码,80,True,False,True,textbox,False,False,,,,True,,,,,,,True,,,,,,,V_APS_ProcessPlanHistoryForMonth,28633,,,,管理员,2026-04-21 08:43:10,45774
False,RemarkSalesOrderInfo,nvarchar,30,群组,100,True,False,True,textbox,False,False,,,True,True,,,,,,,True,,,,,,,V_APS_MOPlanStep2V10,9018,,,,廖尚华,2026-05-26 16:22:09,46556
False,Qty,decimal,30,数量,60,True,False,True,numberbox,False,False,,,,,,,,,,,True,,,,,,,V_APS_SalesOutStock,24409,,,,范龙生,2026-04-15 15:56:26,41521
False,Code,varchar,30,物料编码,80,True,False,True,textbox,False,False,False,,False,True,,,,,,custom,True,,,,,False,,V_APS_OrderBOMProgress,5162,False,,,江科,2025-09-09 09:15:58,8996
False,ReceivedQty,decimal,30,已收货,60,True,False,True,numberbox,False,False,,,,,,,,,,,True,,,,,,,V_APS_Report3,7841,,,,管理员,2026-04-28 16:10:16,28626
False,MaterialName,nvarchar,30,物料名称,150,True,False,True,textbox,False,False,,,,False,,,,,,,True,,,,,,,V_APS_Report60,19318,,,,管理员,2026-04-29 11:24:49,33694
False,ERPStartDate,datetime,30,计划开工,80,True,False,False,datebox,False,False,,,,,,,{0:yyyy-MM-dd},,,,True,,,,,,,V_APS_Report50,19328,,,,江科,2025-10-27 15:22:13,31436
False,Extend13,nvarchar,30,类型,50,True,False,False,textbox,False,False,,,,,,,,,,,True,,,,,,,V_APS_OrderInStock,10103,,,,管理员,2026-01-19 14:54:40,29393
False,SuplierCode,varchar,30,供方代码,80,True,False,False,textbox,False,False,,,,True,,,,,,,True,,,,,,,V_APS_DeliveryDataDetail,8998,,,,管理员,2026-04-27 09:26:56,26254
False,StartDate,datetime,30,计划开始,80,True,False,False,datebox,False,False,,,,,,,,,,,True,,,,,,,V_APS_Report10,7833,,,,管理员,2026-04-14 09:29:24,26338
False,MaterialName,nvarchar,30,物料名称,100,True,False,False,textbox,False,False,False,,,False,模糊匹配,,,,,custom,True,,,,,,,V_APS_Report32,7909,,,,江老师,2026-03-10 10:34:09,16895
False,NoWorkHours,int,30,忽略工时,50,True,True,False,checkbox,False,False,,,,,,,,,,,True,,,,,,,V_APS_MOPlanStep1V10,9013,,,,吴鑫鹏,2025-10-10 17:32:47,22392
False,Spec,nvarchar,30,规格,150,True,False,False,textbox,False,False,,,,True,,,,,,,True,,,,,,,V_APS_OrderPlanChange,7970,,,,范龙生,2026-05-12 12:27:11,21384
False,ProcessPartName,nvarchar,30,工段,80,True,True,False,textbox,False,False,False,,,,,,,,,custom,True,,,,,,,V_APS_ProcessGroupInfo,1186,,,,廖尚华,2026-01-21 15:01:03,9176
False,RouterName,bit,30,跳转,80,True,True,False,checkbox,False,False,True,,False,False,,,,,,custom,True,,,,,,,V_DictionaryField,35,False,,,温广燕,2026-03-16 14:26:59,9542
False,Code,varchar,30,物料编码,150,True,False,False,textbox,False,False,False,,,,,,,,,custom,True,,,,,,,V_OrderPlan4,5625,,,,江科,2025-09-09 09:17:10,10423
False,Status,int,30,启用,80,True,True,False,combobox,False,False,True,,False,False,,选择项1,,,,,True,数据状态,,,,False,,V_Dev_Organize,3026,False,,,温广燕,2025-09-22 14:09:35,5659
False,SyncResult,nvarchar,30,同步结果,60,True,False,False,textbox,False,False,,,,,,,,,,custom,True,,,,,,,APS_InterfaceSAP,9030,,,,廖尚华,2026-05-21 16:54:38,42297
False,OweMaterialCount,int,30,缺料项,80,True,False,False,numberbox,False,False,,,,,,,,,,,True,,,,,,,V_APS_Report44,19334,,,,管理员,2026-01-23 16:13:40,41783
False,IsCaseAnalyzed,nvarchar,30,是否进行案例分析,100,True,False,False,textbox,False,False,,,,,,,,,,,True,,,,,,,APS_QualityAbnormalityCase,27559,,,,system,2026-01-07 11:06:32,40585
False,FirstPassRate,varchar,30,试产一次合格率%,100,True,False,False,textbox,False,False,,,,,,,,,,,True,,,,,,,APS_NewProductTrial,27560,,,,system,2026-01-07 11:06:32,40550
False,SupplierName,nvarchar,30,供应商,70,True,False,False,textbox,False,False,,,,,,,,,,,True,,,,,,,V_APS_Report49,19329,,,,管理员,2025-12-25 15:50:53,39568
False,CompleteStatus,varchar,30,完工,100,True,False,False,textbox,False,False,,,,,,,,,,,True,,,,,,,V_APS_Report19,7920,,,,管理员,2025-11-06 16:28:23,36680
False,Extend4,nvarchar,30,工单状态,80,True,False,False,textbox,False,False,,,,,,,,,,,True,,,,,,,V_APS_SalesOrderDetailDelivery,26509,,,,江科,2025-11-06 10:02:14,36931
False,ApproveDate,datetime,30,审核日期,110,True,False,False,datebox,False,False,,,,,,,,,,,True,,,,,,,APS_OrganizeDemandOrder,26524,,,,system,2025-10-30 16:15:32,38205
False,IsCycle,bit,30,递增循环（分页使用）,80,True,True,False,checkbox,False,False,True,,,,,,,,,custom,True,,,,,,,APS_InterfaceSAPInput,9031,,,,陈坤和,2025-11-12 10:15:21,39149
False,PLT,int,30,转线时间(M),80,True,False,False,numberbox,False,False,,,,,,,,,,,True,,,,,,,APS_ProcessMaterialHistory,26519,,,,system,2025-10-29 20:30:04,38038
False,Capacity,decimal,30,标准产能,80,True,False,False,numberbox,False,False,,,,,,,,,,,True,,,,,,,V_APS_ProcessMaterialHistory,26520,,,,陈坤和,2025-10-29 21:22:33,38075
False,ERPStartDate,datetime,30,计划开工,80,True,False,False,datebox,False,False,,,,,,,,,,,True,,,,,,,V_APS_Report38,11151,,,,管理员,2026-05-06 08:36:53,46835
False,OpenCreQty,decimal,30,未清数,60,True,False,False,numberbox,False,False,,,,,,,,,,,True,,,,,,,V_APS_Report54,19323,,,,范龙生,2026-04-23 18:35:46,46077
False,OpenCreQty,decimal,30,未清数,70,True,False,False,numberbox,False,False,,,,,,,,,,,True,,,,,,,V_APS_PrepareView3,7791,,,,system,2026-04-24 15:56:42,46333
False,OpenCreQty,decimal,30,未清数,70,True,False,False,numberbox,False,False,,,,,,,,,,,True,,,,,,,V_APS_Report55,19324,,,,范龙生,2026-04-24 15:14:56,46311
False,PQTReqDate,datetime,30,请购晚日期,110,True,False,False,datebox,False,False,,,,,,,,,,,True,,,,,,,V_APS_SalesOrderDetail_JDY,27538,,,,廖尚华,2026-06-03 16:42:05,48193
False,IsSample,varchar,30,样品,50,True,False,False,textbox,False,False,,,,True,,,,,,,True,,,,,,,V_APS_OrderPlanMaterialFormList,5594,,,,管理员,2026-06-16 13:37:42,47400
False,TopPoints,int,30,板面点数,80,True,True,False,numberbox,False,False,,,,,,,,,,,True,,,,,,,V_APS_Report20,7921,,,,管理员,2026-04-13 11:08:16,44916
False,Month11Forecast,decimal,30,11月预测,80,True,False,False,numberbox,False,False,,,,,,,,,,,True,,,,,,,V_APS_SalesOrderDetailPlanLine,12192,,,,温广燕,2026-05-29 11:26:33,44113
False,StartHour,int,30,开始时段,80,True,True,False,numberbox,False,False,,,,,,,,,,,True,,,,,,,APS_InterfaceSAPInput,9031,,,,廖尚华,2026-03-13 17:22:14,44125
False,ModifyedOn,datetime,30,维护时间,100,True,False,False,datebox,False,False,,,,,,,,,,,True,,,,,,,APS_ProcessPartMaterial,28594,,,,system,2026-03-14 16:32:12,44152
False,PositionName,nvarchar,30,岗位,100,True,False,False,textbox,False,False,,,,,,,,,,,True,,,,,,,V_APS_PrepareView22,7863,,,,温广燕,2026-02-03 16:02:53,42602
False,MaterialName,nvarchar,31,物料名称,100,True,False,True,textbox,False,False,,,,True,,,,,,,True,,,,,,,V_APS_ProcessPlanHistoryForMonth,28633,,,,管理员,2026-04-21 08:43:10,45775
False,OnloadQty,decimal,31,在途数,60,True,False,True,numberbox,False,False,,,,,,,,,,,True,,,,,,,V_APS_Report3,7841,,,,管理员,2026-04-28 16:10:16,28637
False,Extend14,nvarchar,31,交易类型,80,True,False,False,textbox,False,False,,,,,,,,,,,True,,,,,,,V_APS_OrderInStock,10103,,,,管理员,2026-01-19 14:53:13,29394
False,EndDate,datetime,31,计划完成,80,True,False,False,datebox,False,False,,,,,,,,,,,True,,,,,,,V_APS_Report10,7833,,,,管理员,2026-04-14 09:29:24,26339
False,SuplierName,nvarchar,31,供方名称,250,True,False,False,textbox,False,False,,,,True,,,,,,,True,,,,,,,V_APS_DeliveryDataDetail,8998,,,,管理员,2026-04-27 14:52:10,26255
False,Seconds,decimal,31,标准工时(S),100,True,False,False,numberbox,False,False,,,,,,,,,,,True,,,,,,,V_APS_DayPlanForActive,6688,,,,江科,2025-09-09 16:56:37,26673
False,EffectiveDate,datetime,31,生效日期,160,True,True,False,datebox,True,False,True,,,,,,{0:yyyy-MM-dd},,,,True,,,,,,,V_Dev_Organize,3026,,,,江科,2025-09-27 14:19:16,16253
False,E1,decimal,31,库存+在途超订,100,True,False,False,numberbox,False,False,False,升序,,True,大于,,,,,custom,True,,,,,,,V_APS_OrderPrepareReport,7804,,,,陈坤和,2026-01-28 09:07:03,16132
False,Code,varchar,31,物料编码,150,True,False,False,textbox,False,False,False,,,,,,,,,custom,True,,,,,,,V_APS_ProcessPlanWMS,6654,,,,江科,2025-09-09 09:17:10,11273
False,align,varchar,31,align,60,True,True,False,textbox,False,False,True,,False,False,,,,,,custom,True,,,,,,,V_DictionaryField,35,False,,,温广燕,2026-03-16 14:26:59,9729
False,LT,int,31,前置时间（分）,80,True,False,False,numberbox,False,False,,,,,,,,,,,True,,,,,,,APS_ProcessMaterialHistory,26519,,,,system,2025-10-29 20:30:04,38039
False,CompletionDate,datetime,31,完成日期,110,True,False,False,datebox,False,False,,,,,,,,,,,True,,,,,,,APS_OrganizeDemandOrder,26524,,,,system,2025-10-30 16:15:32,38206
False,Factory,nvarchar,31,厂区,100,True,False,False,textbox,False,False,,,,,,,,,,,True,,,,,,,V_APS_Report19,7920,,,,管理员,2025-11-06 16:28:37,36648
False,SyncDatetime,datetime,31,同步日期,130,True,False,False,datebox,False,False,,,,,,,,,,,True,,,,,,,V_APS_MaterialMaintain,10110,,,,范龙生,2026-04-23 18:10:05,39711
False,ERPStatus,nvarchar,31,状态,50,True,False,False,textbox,False,False,,,,,,,,,,,True,,,,,,,V_APS_SalesOrderDetailALL,6694,,,,陈坤和,2026-01-27 15:41:16,39723
False,TurnDate,bit,31,判断日期,40,True,True,False,checkbox,False,False,,,,,,,,,,,True,,,,,,,APS_InterfaceSAPOutputField,9033,,,,陈坤和,2026-01-14 15:16:34,39874
False,MacPasteDate,datetime,31,机贴日期,80,True,False,False,datebox,False,False,,,,,,,{0:yyyy-MM-dd},,,,True,,,,,,,APS_SalesOrder_JDY,27537,,,,陈坤和,2026-04-14 15:36:56,39507
False,MacPasteDate,datetime,31,机贴日期,80,True,False,False,datebox,False,False,,,,,,,,,,,True,,,,,,,V_APS_SalesOrderDetail_JDY,27538,,,,system,2025-12-05 10:35:31,39453
False,FailBriefReason,nvarchar,31,不合格简要原因,100,True,False,False,textbox,False,False,,,,,,,,,,,True,,,,,,,APS_NewProductTrial,27560,,,,system,2026-01-07 11:06:32,40551
False,TechReviewComments,nvarchar,31,技术部审核意见说明,100,True,False,False,textbox,False,False,,,,,,,,,,,True,,,,,,,APS_TempChangeRequest,27558,,,,陈坤和,2026-01-31 11:57:17,40618
False,FirstPassRate,varchar,31,试产一次合格率%,80,True,False,False,textbox,False,False,,,,,,,,,,,True,,,,,,,V_APS_NewProductTrial,27561,,,,陈坤和,2026-01-31 11:56:28,40652
False,IsCriticalControlPoint,nvarchar,31,是否关键质控点,100,True,False,False,textbox,False,False,,,,,,,,,,,True,,,,,,,APS_QualityAbnormalityCase,27559,,,,system,2026-01-07 11:06:32,40586
False,Remark2,nvarchar,31,行备注,80,True,False,False,textbox,False,False,,,,,,,,,,,True,,,,,,,V_APS_POSummary,25460,,,,陈坤和,2026-01-31 11:58:51,42220
False,DocDate,datetime,31,最后入库时间,100,True,False,False,datebox,False,False,,,,,,,,,,,True,,,,,,,V_APS_SalesOrderWarning,28571,,,,陈坤和,2026-01-27 15:42:14,42044
False,AllOnload,decimal,31,在途/在制汇总(万),110,True,False,False,numberbox,False,False,,,,,,,{0:F2},,,,True,,,,,,,V_APS_PrepareView16,7871,,,,温广燕,2026-03-09 15:25:52,42143
False,CAPA,nvarchar,31,纠正预防改进措施,80,True,False,False,textbox,False,False,,,,,,,,,,,True,,,,,,,V_APS_QualityAbnormalityCase,27562,,,,陈坤和,2026-01-31 11:56:56,40698
False,OncheckQty,decimal,31,待检数,80,True,False,False,numberbox,False,False,,,,,,,,,,,True,,,,,,,V_APS_OrderBOMNew,5021,,,,陈坤和,2026-04-23 16:50:19,46038
False,TrayCode,varchar,31,托盘编码,80,True,False,False,textbox,False,False,,,,True,,,,,,,True,,,,,,,V_APS_Report47,19331,,,,陈坤和,2026-05-27 09:52:59,46238
False,Remark3,nvarchar,31,答复备注,100,True,False,False,textbox,False,False,,,,,,,,,,,True,,,,,,,V_APS_PO,6751,,,,陈坤和,2026-06-16 11:58:01,46378
False,Y7,decimal,31,7月,80,True,False,False,numberbox,False,False,,,,,,,,,SUM,,True,,,,,,,V_APS_MaterialDeliveryConfig,25477,,,,陈坤和,2026-05-06 08:59:54,46894
False,Price,decimal,31,单价,50,True,False,False,numberbox,False,False,,,,,,,,查看金额,,,True,,,,,,,V_APS_Report54,19323,,,,管理员,2026-04-28 08:40:14,46405
False,ReviewDate,datetime,31,评审日期,80,True,False,False,datebox,False,False,,,,,,,,,,,True,,,,,,,V_APS_Order,49,,,,陈坤和,2026-04-27 19:18:00,46552
False,PlanStartDate,datetime,31,计划开始,80,True,False,False,datebox,False,False,,,,,,,,,,,True,,,,,,,V_APS_OrderPlanMaterialFormList,5594,,,,管理员,2026-06-16 13:37:53,48234
False,ErrorCount,int,31,错误次数,60,True,False,False,numberbox,False,False,,,,,,,,,,custom,True,,,,,,,APS_InterfaceSAP,9030,,,,廖尚华,2026-05-21 16:54:38,42328
False,Amount6,decimal,31,库存+在途超订金额,120,True,False,False,numberbox,False,False,,,,,,,,查看金额,,,True,,,,,,,V_APS_MaterialBalanceTotalHistory,26521,,,,陈坤和,2026-01-29 08:59:25,42369
False,EndHour,int,31,结束时段,80,True,True,False,numberbox,False,False,,,,,,,,,,,True,,,,,,,APS_InterfaceSAPInput,9031,,,,廖尚华,2026-03-13 18:27:12,44127
False,Month11Actual,decimal,31,11月下单,80,True,False,False,numberbox,False,False,,,,,,,,,,,True,,,,,,,V_APS_SalesOrderDetailPlanLine,12192,,,,温广燕,2026-05-29 11:26:33,44114
False,SkipRows,int,31,每次跳行,80,True,True,False,numberbox,False,False,,,,,,,,,,,True,,,,,,,APS_InterfaceSAPInput,9031,,,,廖尚华,2026-03-17 09:41:43,44500
False,MOCount,int,31,工单数,80,True,False,False,numberbox,False,False,,,,,,,,,,,True,,,,,,,V_APS_Report42,19335,,,,陈坤和,2026-03-23 17:30:49,44716
False,TotalOweQty,decimal,32,总欠数,65,True,False,True,numberbox,False,False,,,,,,,,,,,True,,,,,,,V_APS_Report3,7841,,,,管理员,2026-04-28 16:59:45,46677
False,Spec,nvarchar,32,物料描述,100,True,False,True,textbox,False,False,,,,True,,,,,,,True,,,,,,,V_APS_ProcessPlanHistoryForMonth,28633,,,,管理员,2026-04-21 08:43:10,45783
False,DiffDay,int,32,间隔(天),70,True,False,False,numberbox,False,False,,,,True,大于等于,,,,,,True,,,,,,,V_APS_Order,49,,,,管理员,2026-04-28 07:58:07,46553
False,OpenCreAmount,decimal,32,总金额,60,True,False,False,numberbox,False,False,,,,,,,,查看金额,SUM,,True,,,,,,,V_APS_Report54,19323,,,,管理员,2026-04-28 08:52:41,46406
False,AllReplyDate,datetime,32,答复交期,80,True,False,False,textbox,False,False,,,,,,,,,,,True,,,,,,,V_APS_OrderPlanMaterialFormList,5594,,,,管理员,2026-06-16 13:37:53,46990
False,StockStatus,nvarchar,32,待检状态,100,True,False,False,textbox,False,False,,,,,,,,,,,True,,,,,,,V_APS_OrderBOMNew,5021,,,,温广燕,2026-06-16 09:28:39,48237
False,Month12Forecast,decimal,32,12月预测,80,True,False,False,numberbox,False,False,,,,,,,,,,,True,,,,,,,V_APS_SalesOrderDetailPlanLine,12192,,,,温广燕,2026-05-29 11:26:33,44115
False,IsAll,bit,32,返回所有数据,60,True,True,False,checkbox,False,False,,,,,,,,,,,True,,,,,,,APS_InterfaceSAPInput,9031,,,,廖尚华,2026-03-13 18:44:58,44128
False,ErrorMsg,text,32,最后错误信息,100,True,False,False,textbox,False,False,,,,,,,,,,custom,True,,,,,,,APS_InterfaceSAP,9030,,,,廖尚华,2026-05-21 16:54:38,42329
False,MaxPOPeriod,int,32,最长采购天数,100,True,False,False,numberbox,False,False,,,,,,,,,,,True,,,,,,,V_APS_Report44,19334,,,,管理员,2026-01-23 16:13:40,41782
False,Classification,nvarchar,32,分类,100,True,False,False,textbox,False,False,,,,,,,,,,,True,,,,,,,APS_QualityAbnormalityCase,27559,,,,system,2026-01-07 11:06:32,40587
False,TechMgrReview,nvarchar,32,技术部经理审核,100,True,False,False,textbox,False,False,,,,,,,,,,,True,,,,,,,APS_NewProductTrial,27560,,,,system,2026-01-07 11:06:32,40552
False,OrderStatus,nvarchar,32,工单状态,100,True,False,False,textbox,False,False,,,,,,,,,,,True,,,,,,,APS_OrganizeDemandOrder,26524,,,,system,2025-10-30 16:15:32,38207
False,ActualOrganizeID,int,32,数据组织,100,True,False,False,combobox,False,False,True,,,,,,,,,,True,全部组织,,,,,,V_Dev_Account,3007,,,,管理员,2026-01-21 10:14:36,38298
False,ModifiedByName,nvarchar,32,修改姓名,100,True,False,False,,False,False,,,,,,,,,,custom,True,,,,,,,APS_InterfaceSAPInput,9031,,,,范龙生,2026-01-28 10:05:02,39135
False,StandardPeoples1,int,32,直接人数,80,True,False,False,numberbox,False,False,,,,,,,,,,,True,,,,,,,APS_ProcessMaterialHistory,26519,,,,system,2025-10-29 20:30:04,38040
False,SignleCapacity,decimal,32,人均产能,80,True,False,False,numberbox,False,False,,,,,,,,,,,True,,,,,,,V_APS_ProcessMaterialHistory,26520,,,,陈坤和,2025-10-29 21:22:33,38076
False,Price,decimal,32,单价,80,True,False,False,numberbox,False,False,False,,False,False,,,,查看金额,,custom,True,,,,,,,MES_OrderOutputPersons,1174,False,,,管理员,2026-01-27 23:30:06,9877
False,ObjectName,varchar,32,表或视图名称,230,True,False,False,textbox,False,False,False,,,True,精确匹配,,,,,custom,True,,,,,,,V_DictionaryField,35,False,,,廖尚华,2026-06-16 13:50:33,755
False,TotalPeoples,int,32,人数,65,True,False,False,numberbox,False,False,,,,,,,,,,,True,,,,,,,V_APS_Report10,7833,,,,管理员,2026-04-14 09:29:08,23826
False,Qty,decimal,33,数量,50,True,False,True,numberbox,False,False,,,,,,,,,,,True,,,,,,,V_APS_ProcessPlanHistoryForMonth,28633,,,,管理员,2026-04-21 08:43:10,45777
False,OrderDate,datetime,33,最早下单日期,110,True,False,False,datebox,False,False,,,,,,,,,,,True,,,,,,,V_APS_ProcessMaterialPartError,28601,,,,范龙生,2026-04-21 15:34:14,45857
False,PCProductionStatusDate,datetime,33,计划交期,110,True,True,False,datebox,False,False,,,False,True,,,,,,,True,,,,,,,V_APS_Report54,19323,,,,管理员,2026-04-28 08:09:48,46084
False,Qty5,decimal,33,采购在途,120,True,False,False,numberbox,False,False,,,,,,,,,,,True,,,,,,,V_APS_MaterialBalanceTotalHistory,26521,,,,陈坤和,2026-01-28 16:12:11,42374
False,CustomerDate,datetime,33,客户交期,90,True,False,False,datebox,False,False,,,,False,,,,,,,True,,,,,,,V_APS_Report21,7919,,,,江老师,2026-03-10 09:58:41,42990
False,Month12Actual,decimal,33,12月下单,80,True,False,False,numberbox,False,False,,,,,,,,,,,True,,,,,,,V_APS_SalesOrderDetailPlanLine,12192,,,,温广燕,2026-05-29 11:26:33,44116
False,Capacity,decimal,33,时产,65,True,False,False,numberbox,False,False,,,,,,,,,,,True,,,,,,,V_APS_Report10,7833,,,,管理员,2026-04-14 09:29:08,23814
False,StandardPeoples,decimal,33,定编人数,80,True,False,False,numberbox,False,False,,,,,,,,,,,True,,,,,,,V_APS_DayPlanForActive,6688,,,,江科,2025-09-09 16:56:37,26672
False,IsConflict,varchar,33,冲突,50,True,False,False,textbox,False,False,,,,,,,,,,,True,,,,,,,V_APS_OrderPlanMaterialFormList,5594,,,,管理员,2026-06-16 13:37:53,32919
False,StandardPeoples2,int,33,间接人数,80,True,False,False,numberbox,False,False,,,,,,,,,,,True,,,,,,,APS_ProcessMaterialHistory,26519,,,,system,2025-10-29 20:30:04,38041
False,ModifyedOn,datetime,33,修改日期,100,True,False,False,datebox,False,False,,,,,,,,,,custom,True,,,,,,,APS_InterfaceSAPInput,9031,,,,范龙生,2026-01-28 10:05:39,39137
False,QaMgrReview,nvarchar,33,品管部经理审核,100,True,False,False,textbox,False,False,,,,,,,,,,,True,,,,,,,APS_NewProductTrial,27560,,,,system,2026-01-07 11:06:32,40553
False,CreatedByName,nvarchar,33,提交人,100,True,False,False,,False,False,,,,,,,,,,,True,,,,,,,APS_TempChangeRequest,27558,,,,陈坤和,2026-01-31 11:57:17,40600
False,FailBriefReason,nvarchar,33,不合格简要原因,150,True,False,False,textbox,False,False,,,,,,,,,,,True,,,,,,,V_APS_NewProductTrial,27561,,,,陈坤和,2026-01-31 11:56:28,40653
False,DefectCategory,nvarchar,33,不良层别,80,True,False,False,textbox,False,False,,,,,,,,,,,True,,,,,,,V_APS_QualityAbnormalityCase,27562,,,,陈坤和,2026-01-31 11:56:56,40687
False,OccurrenceCount,int,33,发生次数,80,True,False,False,numberbox,False,False,,,,,,,,,,,True,,,,,,,APS_QualityAbnormalityCase,27559,,,,system,2026-01-07 11:06:32,40588
False,DefaultValue,nvarchar,33,默认值,60,True,True,False,textbox,False,False,,,,,,,,,,,True,,,,,,,APS_InterfaceSAPOutputField,9033,,,,陈坤和,2026-01-14 15:16:34,40335
False,Extend5,nvarchar,33,备注,100,True,False,False,textbox,False,False,,,,True,,,,,,,True,,,,,,,V_APS_Order,49,,,,管理员,2026-04-28 07:56:46,39223
False,MaterialNumber,int,33,数字1,60,True,False,False,numberbox,False,False,,,,,,,,,,,True,,,,,,,APS_ToolingRegister_JDY,27556,,,,管理员,2026-04-29 10:40:08,39873
False,CustomerDate,datetime,33,客户交期,80,True,False,False,datebox,False,False,,,,False,,,,,,,True,,,,,,,V_APS_SalesOrderDetailALL,6694,,,,江老师,2026-03-03 10:42:55,39846
False,StockQtyAll,decimal,33,库存汇总,80,True,False,False,numberbox,False,False,,,,,,,,,,,True,,,,,,,V_APS_MaterialOrg,25481,,,,温广燕,2026-01-23 18:35:24,41826
False,ExpectDeliveryDate,date,33,预计交货,85,True,False,False,datebox,False,False,,,,,,,,,,,True,,,,,,,V_APS_Report44,19334,,,,管理员,2026-01-23 16:13:40,41785
False,StockQtyAll,decimal,33,库存汇总,50,True,False,False,numberbox,False,False,,,,,,,,,,,True,,,,,,,V_APS_PrepareView6,7788,,,,管理员,2026-03-02 08:33:45,41910
False,InStockTime,int,33,在库时间(天),95,True,False,False,numberbox,False,False,,,,,,,,,,,True,,,,,,,V_APS_SalesOrderWarning,28571,,,,陈坤和,2026-01-27 15:42:14,42045
False,Remark1,nvarchar,33,备注,300,True,False,False,textbox,False,False,,,,True,,,,,,,True,,,,,,,V_APS_POSummary,25460,,,,管理员,2026-04-14 11:43:22,42219
False,EPrice1,decimal,33,库存+在途超订金额,80,True,False,False,numberbox,False,False,,,,,,,,查看金额,,,True,,,,,,,V_APS_OrderPrepareReport,7804,,,,陈坤和,2026-01-28 09:11:08,42264
False,OncheckQty,decimal,34,待检,50,True,False,True,numberbox,False,False,,,,,,,,,,,True,,,,,,,V_APS_Report3,7841,,,,管理员,2026-04-28 17:00:07,28984
False,HasQty,decimal,34,已报工,60,True,False,True,numberbox,False,False,,,,,,,,,,,True,,,,,,,V_APS_ProcessPlanHistoryForMonth,28633,,,,管理员,2026-04-21 08:43:10,45632
False,PCDeliveryDate,datetime,34,计划交期,80,True,False,False,datebox,False,False,,,,,,,,,,,True,,,,,,,V_APS_MOPlanStep1V9,9014,,,,范龙生,2026-04-13 11:24:41,45195
False,DeliveryDate,datetime,34,计划交期,80,True,False,False,datebox,False,False,,,,,,,{0:MM-dd},,,,True,,,,,,,V_APS_MOPlanStep2V1,7943,,,,system,2026-03-31 16:50:16,44848
False,PORemark,nvarchar,34,采购备注,80,True,False,False,textbox,False,False,,,,,,,,,,,True,,,,,,,V_APS_OrderPlanMaterialFormList,5594,,,,管理员,2026-06-16 13:37:53,46885
False,CompletionDate,datetime,34,实际完工,80,True,False,False,datebox,False,False,,,,,,,{0:yyyy-MM-dd},,,,True,,,,,,,V_APS_Report50,19328,,,,江科,2025-10-27 15:38:16,31401
False,Remark1,nvarchar,34,送货规则,80,True,False,False,,False,False,,,,,,,,,,,True,,,,,,,V_APS_DeliveryDataDetail,8998,,,,管理员,2026-04-27 14:52:10,26249
False,StandardPeoples,decimal,34,定员,65,True,False,False,numberbox,False,False,,,,,,,,,,,True,,,,,,,V_APS_Report10,7833,,,,管理员,2026-04-14 09:29:08,24006
False,SourceOrderNo,varchar,34,销售订单,80,True,False,False,textbox,False,False,False,,,True,,,,,,,True,,,,,,,V_APS_Order,49,,,,管理员,2026-04-28 07:58:39,19103
False,E2,decimal,34,库存超订,50,True,False,False,numberbox,False,False,,,,,,,,,,,True,,,,,,,V_APS_PrepareView6,7788,,,,管理员,2026-03-02 08:33:45,41927
False,E2,decimal,34,库存超订,80,True,False,False,numberbox,False,False,,,,,,,,,,,True,,,,,,,V_APS_MaterialOrg,25481,,,,温广燕,2026-01-26 16:38:53,41829
False,ForecastStartDate,datetime,34,预计开工,110,True,True,False,datebox,False,False,True,,,,,,,,,,True,,,,,,,V_APS_ManualForecastDetail,24402,,,,温广燕,2025-12-25 14:06:36,39843
False,AlertRecipients,nvarchar,34,预警抄送,100,True,False,False,textbox,False,False,,,,,,,,,,,True,,,,,,,APS_QualityAbnormalityCase,27559,,,,system,2026-01-07 11:06:32,40589
False,VpReview,nvarchar,34,副总经理审核,100,True,False,False,textbox,False,False,,,,,,,,,,,True,,,,,,,APS_NewProductTrial,27560,,,,system,2026-01-07 11:06:32,40554
False,DeliveryDate,datetime,34,计划交期,60,True,False,False,datebox,False,False,,,,,,,{0:MM-dd},,,,True,,,,,,,V_APS_MOPlanStep1V10,9013,,,,system,2025-11-03 16:12:11,38349
False,SaveDate,datetime,34,报产日期,110,True,False,False,datebox,False,False,,,,,,,,,,,True,,,,,,,APS_ProcessMaterialHistory,26519,,,,system,2025-10-29 20:30:04,38042
False,SaveDate,datetime,34,封存时间,110,True,False,False,datebox,False,False,,倒序,,True,,,,,,,True,,,,,,,V_APS_ProcessMaterialHistory,26520,,,,陈坤和,2025-11-06 09:51:07,38103
False,SyncDatetime,datetime,34,同步时间,110,True,False,False,datebox,False,False,,,,,,,,,,,True,,,,,,,APS_ManualForecastDetail,9003,,,,system,2025-10-29 09:41:02,37952
False,StatusName,varchar,34,状态,70,True,False,False,textbox,False,False,,,,,,,,,,,True,,,,,,,V_APS_ProcessPlanForSchedinng,5168,,,,江科,2025-10-15 20:25:53,36364
False,IssueType,nchar,34,发料方式,80,True,False,False,,False,False,,,,,,,,,,custom,True,,,,,,,V_APS_OrderBOMNoIssueQty,5121,,,,system,2025-09-24 16:48:53,34633
False,OpenCreQty,decimal,35,未清数,60,True,False,True,numberbox,False,False,,,,,,,,,,,True,,,,,,,V_APS_SalesOutStock,24409,,,,范龙生,2026-04-15 15:56:26,41545
False,Capacity,decimal,35,标准产能,50,True,False,True,numberbox,False,False,,,False,,,,,,,,True,,,,,,,V_APS_ProcessPlanHistoryForWeek,28634,,,,管理员,2026-06-16 10:11:45,45675
False,CompletionQty,decimal,35,已入库,60,True,False,True,numberbox,False,False,,,,,,,,,,,True,,,,,,,V_APS_ProcessPlanHistoryForMonth,28633,,,,管理员,2026-04-21 08:43:10,45794
False,Capacity,decimal,35,标准产能,50,True,False,False,numberbox,False,False,,,False,,,,,,,,True,,,,,,,V_APS_ProcessPlanHistoryForWeek2,28636,,,,廖尚华,2026-06-04 16:33:50,45847
False,OnloadQty,decimal,35,在途数,80,True,False,False,numberbox,False,False,,,,,,,,,,,True,,,,,,,V_APS_OrderBOMNew,5021,,,,陈坤和,2026-04-23 16:50:19,46039
False,IsDeliveryReview,nvarchar,35,交期评审,50,True,False,False,textbox,False,False,,,,,,,,,,,True,,,,,,,V_APS_Report54,19323,,,,管理员,2026-04-24 11:45:32,46078
False,LevelPath,varchar,35,层级,60,True,False,False,textbox,False,False,,升序,,,,,,,,,True,,,,,,,V_APS_Report55,19324,,,,管理员,2026-04-24 15:54:50,46312
False,LevelPath,varchar,35,层级,60,True,False,False,textbox,False,False,,升序,,,,,,,,,True,,,,,,,V_APS_PrepareView3,7791,,,,system,2026-04-24 15:56:42,46334
False,Y8,decimal,35,8月,80,True,False,False,numberbox,False,False,,,,,,,,,SUM,,True,,,,,,,V_APS_MaterialDeliveryConfig,25477,,,,陈坤和,2026-05-06 08:59:54,46895
False,ERPEndDate,datetime,35,计划完工,80,True,False,False,datebox,False,False,,,,,,,,,,,True,,,,,,,V_APS_Report38,11151,,,,管理员,2026-05-06 08:36:53,46836
False,MCRemark,nvarchar,35,MC备注,100,True,False,False,textbox,False,False,,,,,,,,,,,True,,,,,,,V_APS_OrderPlanMaterialFormList,5594,,,,管理员,2026-06-16 13:37:53,46748
False,ReceivedDate,datetime,35,入库时间,110,True,False,False,datebox,False,False,,,,,,,,,,,True,,,,,,,V_APS_PO,6751,,,,陈坤和,2026-06-16 11:58:01,48242
False,BTToltalPoints,int,35,总点数,80,True,False,False,numberbox,False,False,,,,,,,,,SUM,,True,,,,,,,V_APS_Report20,7921,,,,廖尚华,2026-05-29 15:42:18,44917
False,OrderNos,varchar,35,生产订单,100,True,False,False,textbox,False,False,,,,,,,,,,,True,,,,,,,V_APS_Report42,19335,,,,陈坤和,2026-03-23 17:30:49,44717
False,ModifiedByName,nvarchar,35,维护人,100,True,False,False,textbox,False,False,,,,,,,,,,,True,,,,,,,APS_ProcessPartMaterial,28594,,,,system,2026-03-14 16:32:12,44150
False,ModifiedByName,nvarchar,35,维护人,80,True,False,False,textbox,False,False,,,,True,,,,,,,True,,,,,,,APS_ProcessPartMaterialImport,28596,,,,范龙生,2026-03-16 11:27:36,44218
False,Qty6,decimal,35,生产在制,120,True,False,False,numberbox,False,False,,,,,,,,,,,True,,,,,,,V_APS_MaterialBalanceTotalHistory,26521,,,,陈坤和,2026-01-28 16:12:11,42375
False,IsSample,varchar,35,样品,50,True,False,False,textbox,False,False,,,,True,,,,,,,True,,,,,,,V_APS_Order,49,,,,管理员,2026-04-28 07:58:39,41499
False,Problem,nvarchar,35,试产问题点信息,150,True,False,False,textbox,False,False,,,,,,,,,,,True,,,,,,,V_APS_NewProductTrial,27561,,,,陈坤和,2026-01-31 11:56:28,40659
False,E1,decimal,35,库存+在途超订,80,True,False,False,numberbox,False,False,,,,,,,,,,,True,,,,,,,V_APS_MaterialOrg,25481,,,,温广燕,2026-01-26 16:39:05,41828
False,E1,decimal,35,库存+在途超订,70,True,False,False,numberbox,False,False,,,,,,,,,,,True,,,,,,,V_APS_PrepareView6,7788,,,,管理员,2026-03-02 08:33:45,41926
False,Extend1,nvarchar,35,销售专员,80,True,False,False,textbox,False,False,,,,True,,,,,,,True,,,,,,,V_APS_SalesOrderWarning,28571,,,,陈坤和,2026-01-27 15:42:14,42046
False,Approved,int,35,通过为1,80,True,False,False,checkbox,False,False,,,,,,,,,,,True,,,,,,,APS_NewProductTrial,27560,,,,system,2026-01-07 11:06:32,40555
False,CreatedOn,datetime,35,提交时间,100,True,False,False,,False,False,,,,,,,,,,,True,,,,,,,APS_TempChangeRequest,27558,,,,陈坤和,2026-01-31 11:57:17,40603
False,Assignee,nvarchar,35,责任人,70,True,False,False,textbox,False,False,,,,,,,,,,,True,,,,,,,V_APS_QualityAbnormalityCase,27562,,,,陈坤和,2026-01-31 11:56:56,40688
False,CapaSummary,nvarchar,35,纠正预防措施主要内容,100,True,False,False,textbox,False,False,,,,,,,,,,,True,,,,,,,APS_QualityAbnormalityCase,27559,,,,system,2026-01-07 11:06:32,40590
False,ForecastDeliveryDate,datetime,35,预计交货日期,110,True,True,False,datebox,False,False,True,,,,,,,,,,True,,,,,,,V_APS_ManualForecastDetail,24402,,,,温广燕,2025-12-25 14:06:36,39844
False,EvaluationDate,datetime,35,预计开始,100,True,True,False,datebox,False,False,,,,,,,,,,,True,,,,,,,V_APS_Report44,19334,,,,管理员,2026-01-23 16:17:43,39296
False,ProductionStatusDate,datetime,35,生产交期,80,True,False,False,datebox,False,False,,倒序,,True,,,{0:yyyy-MM-dd},,,,True,,,,,,,APS_SalesOrder_JDY,27537,,,,管理员,2026-04-23 08:23:19,39466
False,ProductionStatusDate,datetime,35,生产交期,80,True,False,False,datebox,False,False,,,,True,,,,,,,True,,,,,,,V_APS_SalesOrderDetail_JDY,27538,,,,system,2025-12-05 10:35:31,39410
False,APSDeliveryReplyStartDate,date,35,评估开始时间,110,True,False,False,datebox,False,False,,,,,,,,,,,True,,,,,,,APS_ManualForecastDetail,9003,,,,system,2025-10-29 09:41:02,37953
False,EndStatus,varchar,35,到期,50,True,False,False,textbox,False,False,,,,,,,,,,,True,,,,,,,V_APS_Report50,19328,,,,江科,2025-10-27 15:22:13,37279
False,Spec,nvarchar,35,规格,200,True,False,False,textbox,False,False,False,,,False,,,,,,custom,True,,,,,,,V_APS_Report32,7909,,,,江老师,2026-03-10 10:34:09,16896
False,E2,decimal,35,库存超订,80,True,False,False,numberbox,False,False,False,,,,,,,,,custom,True,,,,,,,V_APS_OrderPrepareReport,7804,,,,陈坤和,2026-01-28 09:07:03,16133
False,Qty,decimal,35,数量,60,True,False,False,numberbox,False,False,,,,,,,,,,,True,,,,,,,V_APS_OrderPlanChange,7970,,,,范龙生,2026-05-12 12:24:53,21415
False,Remark2,nvarchar,35,规则值,80,True,False,False,,False,False,,,,,,,,,,,True,,,,,,,V_APS_DeliveryDataDetail,8998,,,,管理员,2026-04-27 14:52:10,26250
False,FactAttendances,int,35,组织人数,100,True,False,False,numberbox,False,False,,,,,,,,,,,True,,,,,,,V_APS_DayPlanForActive,6688,,,,江科,2025-09-09 16:56:37,26675
False,DeliveryDate,datetime,35,PO原交期,80,True,False,False,datebox,False,False,,,,,,,,,,,True,,,,,,,V_APS_Report3,7841,,,,管理员,2026-04-28 16:09:56,28628
False,DeliveryDate,datetime,35,订单交期,80,True,False,False,datebox,False,False,False,,,True,,,{0:yyyy-MM-dd},,,,True,,,,,,,V_APS_SalesOrderDetailALL,6694,,,,江老师,2026-03-03 10:42:55,12397
False,ExpectTime,decimal,36,需求工时,50,True,False,True,numberbox,False,False,,,False,,,,,,,,True,,,,,,,V_APS_ProcessPlanHistoryForWeek,28634,,,,管理员,2026-04-21 09:57:27,45678
False,OweQty,decimal,36,未完成,60,True,False,True,numberbox,False,False,,,,,,,,,,,True,,,,,,,V_APS_ProcessPlanHistoryForMonth,28633,,,,管理员,2026-04-21 08:43:10,45776
False,ExpectTime,decimal,36,需求工时,50,True,False,False,numberbox,False,False,,,False,,,,,,,,True,,,,,,,V_APS_ProcessPlanHistoryForWeek2,28636,,,,廖尚华,2026-06-04 16:33:50,45852
False,BoardType1,nvarchar,36,版型,100,True,True,False,combobox,False,False,,,,,,,,,,,True,版型,,,,,,V_APS_OrderForPrepare3,7975,,,,温广燕,2026-06-01 14:43:27,47920
False,ModifiedByName,nvarchar,36,修改人,70,True,False,False,textbox,False,False,,,,False,,,,,,,True,,,,,,,V_APS_ProcessPartMaterial,28593,,,,范龙生,2026-05-18 14:59:35,44189
False,PODocs,varchar,36,未交PO,150,True,False,False,textbox,False,False,False,,False,False,,,,,,,True,,,,,False,,V_APS_OrderPlanMaterialFormList,5594,False,,,管理员,2026-06-16 13:36:19,11341
False,OrganizeID,int,36,适用单位,200,True,True,False,combobox,False,False,True,,,False,,,,,,custom,True,分公司,,,,,,APS_WorkingTimes,86,False,,,管理员,2025-11-19 08:16:25,1369
False,ReplyDate,datetime,36,答复交期,110,True,True,False,datebox,False,False,,,,False,,,,,,,True,,,,,,,V_APS_Report3,7841,,,,管理员,2026-04-28 16:09:56,28635
False,CompletionOnTimeStatus,varchar,36,按时结案,75,True,False,False,textbox,False,False,,,,,,,,,,,True,,,,,,,V_APS_Report50,19328,,,,江科,2025-10-27 15:36:15,37280
False,APSDeliveryReplyEndDate,date,36,评估结束时间,110,True,False,False,datebox,False,False,,,,,,,,,,,True,,,,,,,APS_ManualForecastDetail,9003,,,,system,2025-10-29 09:41:02,37954
False,IsCapaStandardized,nvarchar,36,纠正措施是否标准化,100,True,False,False,textbox,False,False,,,,,,,,,,,True,,,,,,,APS_QualityAbnormalityCase,27559,,,,system,2026-01-07 11:06:32,40591
False,ERPStatus,nvarchar,36,ERP状态,80,True,False,False,textbox,False,False,,,,,,,,,,,True,,,,,,,V_APS_Order,49,,,,管理员,2026-04-28 07:56:46,39924
False,Status,int,36,状态,80,True,True,False,combobox,True,False,,,,,,,,,,,True,数据状态,,,,,,APS_OrderInStock,10102,,,,system,2025-12-31 09:37:54,40252
False,Rejected,int,36,不通过为1,80,True,False,False,checkbox,False,False,,,,,,,,,,,True,,,,,,,APS_NewProductTrial,27560,,,,system,2026-01-07 11:06:32,40556
False,Problem,nvarchar,37,问题,100,True,False,False,textbox,False,False,,,,,,,,,,,True,,,,,,,APS_NewProductTrial,27560,,,,system,2026-01-07 11:06:32,40557
False,IsCaseAnalyzed,nvarchar,37,是否进行案例分析,80,True,False,False,textbox,False,False,,,,,,,,,,,True,,,,,,,V_APS_QualityAbnormalityCase,27562,,,,陈坤和,2026-01-31 11:56:56,40689
False,TechMgrReview,nvarchar,37,技术部经理审核,100,True,False,False,textbox,False,False,,,,,,,,,,,True,,,,,,,V_APS_NewProductTrial,27561,,,,陈坤和,2026-01-31 11:56:28,40654
False,SubstituteCode,varchar,37,备选物料,100,True,False,False,textbox,False,False,,,,,,,,,,,True,,,,,,,V_APS_OrderBOMNew,5021,,,,陈坤和,2026-04-23 16:50:19,40007
False,ResponsibleDept,nvarchar,37,责任部门,100,True,False,False,textbox,False,False,,,,,,,,,,,True,,,,,,,APS_QualityAbnormalityCase,27559,,,,system,2026-01-07 11:06:32,40592
False,FinalDeliveryDate,datetime,37,最终交期,80,True,False,False,datebox,False,False,,,,,,,,,,,True,,,,,,,V_APS_SalesOrderDetail_JDY,27538,,,,system,2025-12-05 10:35:31,39449
False,FinalDeliveryDate,datetime,37,最终交期,80,True,False,False,datebox,False,False,,,,,,,{0:yyyy-MM-dd},,,,True,,,,,,,APS_SalesOrder_JDY,27537,,,,陈坤和,2026-04-14 15:36:56,39503
False,MaterialName,nvarchar,37,物料描述,200,True,False,False,textbox,False,False,,,,,,,,,,,True,,,,,,,V_APS_ManualForecastDetail,24402,,,,温广燕,2025-12-30 09:16:58,39851
False,EPrice2,decimal,37,库存超订金额,80,True,False,False,numberbox,False,False,,,,,,,,查看金额,,,True,,,,,,,V_APS_OrderPrepareReport,7804,,,,陈坤和,2026-01-28 09:11:08,42265
False,ActualKittingDate,date,37,实际齐料日期,110,True,False,False,datebox,False,False,,,,,,,,,,,True,,,,,,,APS_ManualForecastDetail,9003,,,,system,2025-10-29 09:41:02,37955
False,Extend4,nvarchar,37,状态,50,True,False,False,textbox,False,False,,,,,,,,,,,True,,,,,,,V_APS_Report50,19328,,,,江科,2025-10-27 15:36:15,31406
False,ProductionStatusDate,datetime,37,生产交期,120,True,False,False,datebox,False,False,False,,,,,,,,,custom,True,,,,,,,V_APS_SalesOrderDetailALL,6694,,,,陈坤和,2026-01-28 08:50:02,12401
False,POSuplierName,nvarchar,37,供应商,150,True,False,False,textbox,False,False,False,,False,False,,,,,,,True,,,,,False,,V_APS_OrderPlanMaterialFormList,5594,False,,,管理员,2026-06-16 13:36:19,11350
False,CreatedByName,nvarchar,37,创建人,100,True,False,False,,False,False,False,,,,,,,,,,True,,,,,,,V_APS_ProcessScheduling,6659,,,,江科,2025-10-15 20:48:50,11526
False,ProcessGroupName,nvarchar,37,工艺,100,True,False,False,textbox,False,False,,,,,,,,,,,True,,,,,,,V_APS_Report42,19335,,,,陈坤和,2026-03-23 17:31:28,44720
False,ReceivedStatus,varchar,37,是否超期,100,True,False,False,textbox,False,False,,,,,,,,,,,True,,,,,,,V_APS_PO,6751,,,,陈坤和,2026-06-16 11:58:01,48244
False,ReplyDate2,datetime,37,最终交期,110,True,False,False,datebox,False,False,,,,,,,,,,,True,,,,,,,V_APS_Report3,7841,,,,廖尚华,2026-06-01 13:22:57,47889
False,Remark3,nvarchar,37,采购备注,100,True,True,False,textbox,False,False,,,,,,,,,,,True,,,,,,,V_APS_Report3,7841,,,,管理员,2026-04-28 16:09:56,46376
False,Y9,decimal,37,9月,80,True,False,False,numberbox,False,False,,,,,,,,,SUM,,True,,,,,,,V_APS_MaterialDeliveryConfig,25477,,,,陈坤和,2026-05-06 08:59:54,46896
False,MCRemark,nvarchar,38,MC备注,100,True,False,False,textbox,False,False,,,,True,,,,,,,True,,,,,,,V_APS_Report3,7841,,,,管理员,2026-04-28 16:48:10,46676
False,Price,decimal,38,单价,50,True,False,False,numberbox,False,False,,,,,,,,,,,True,,,,,,,V_APS_SalesOutStock,24409,,,,范龙生,2026-04-15 15:56:26,45584
False,CreatedOn,datetime,38,创建时间,150,True,False,False,,False,False,False,,,,,,,,,,True,,,,,,,V_APS_ProcessScheduling,6659,,,,江科,2025-10-15 20:48:50,11529
False,ActualDeliveryDate,date,38,实际交货日期,110,True,False,False,datebox,False,False,,,,,,,,,,,True,,,,,,,APS_ManualForecastDetail,9003,,,,system,2025-10-29 09:41:02,37956
False,Spec,nvarchar,38,规格型号,200,True,False,False,textbox,False,False,,,,,,,,,,,True,,,,,,,V_APS_ManualForecastDetail,24402,,,,温广燕,2025-12-30 09:16:58,39852
False,CauseAnalysis,nvarchar,38,原因分析,100,True,False,False,textbox,False,False,,,,,,,,,,,True,,,,,,,APS_QualityAbnormalityCase,27559,,,,system,2026-01-07 11:06:32,40593
False,DataSource,nvarchar,38,数据来源,80,True,False,False,textbox,False,False,,,,,,,,,,,True,,,,,,,V_APS_OrderPlanMaterialFormList,5594,,,,管理员,2026-06-16 13:36:19,40353
False,WareHouseCode,varchar,39,仓库编码,80,True,False,False,textbox,False,False,,,,,,,,,,,True,,,,,,,V_APS_OrderBOMNew,5021,,,,陈坤和,2026-04-23 16:50:19,39996
False,CAPA,nvarchar,39,纠正预防改进措施,100,True,False,False,textbox,False,False,,,,,,,,,,,True,,,,,,,APS_QualityAbnormalityCase,27559,,,,system,2026-01-07 11:06:32,40594
False,QaMgrReview,nvarchar,39,品管部经理审核,100,True,False,False,textbox,False,False,,,,,,,,,,,True,,,,,,,V_APS_NewProductTrial,27561,,,,陈坤和,2026-01-31 11:56:28,40655
False,IsCriticalControlPoint,nvarchar,39,是否关键质控点,80,True,False,False,textbox,False,False,,,,,,,,,,,True,,,,,,,V_APS_QualityAbnormalityCase,27562,,,,陈坤和,2026-01-31 11:56:56,40690
False,BomCount,int,39,BOM物料项,80,True,False,False,numberbox,False,False,,,,,,,,,,,True,,,,,,,V_APS_ManualForecastDetail,24402,,,,温广燕,2025-12-25 14:05:28,39853
False,SAPDeliveryDate,datetime,39,回写SAP交期,95,True,False,False,datebox,False,False,,,,True,,,{0:yyyy-MM-dd},,,,True,,,,,,,APS_SalesOrder_JDY,27537,,,,陈坤和,2026-04-14 15:36:56,39513
False,SlpName,nvarchar,39,采购员,70,True,False,False,textbox,False,False,,,,,,,,,,,True,,,,,,,V_APS_PO,6751,,,,陈坤和,2026-06-16 11:58:01,39573
False,Amount1,numeric,39,库存金额(万),80,True,False,False,numberbox,False,False,,,,,,,{0:F2},查看金额,,,True,,,,,,,V_APS_PrepareView16,7871,,,,温广燕,2026-03-09 15:25:52,42151
False,SplitedOn,datetime,39,拆单时间,60,True,False,False,datebox,False,False,,,,,,,{0:MM-dd},,,,True,,,,,,,V_APS_MOPlanStep1V10,9013,,,,system,2025-11-03 16:12:11,38350
False,SplitedByName,nvarchar,39,拆单人,60,True,False,False,textbox,False,False,,,,,,,,,,,True,,,,,,,V_APS_MOPlanStep1V10,9013,,,,system,2025-11-03 16:12:11,38352
False,ModifiedByName,nvarchar,39,更新人,100,True,False,False,,False,False,False,,,,,,,,,,True,,,,,,,V_APS_ProcessScheduling,6659,,,,江科,2025-10-15 20:48:50,11528
False,ModifiedByName,nvarchar,39,更新人员,100,True,False,False,,False,False,,,,,,,,,,,True,,,,,,,V_APS_Report42,19335,,,,陈坤和,2026-03-23 17:30:49,30387
False,Remark1,nvarchar,39,备注,130,True,False,False,,False,False,,,,,,,,,,custom,True,,,,,,,V_APS_Report49,19329,,,,管理员,2025-12-25 15:50:53,31302
False,CustomerOrder,nvarchar,39,客户参考编号,130,True,False,False,textbox,False,False,,,,,,,,,,,True,,,,,,,V_APS_SalesOrderDetailALL,6694,,,,陈坤和,2026-01-28 08:50:02,33587
False,Price,decimal,39,单价,70,True,False,False,numberbox,False,False,False,,,,,,,查看金额,,custom,True,,,,,,,V_APS_OrderPrepareReport,7804,,,,陈坤和,2026-01-28 09:11:08,16131
False,SyncDatetime,datetime,39,运算时间,140,True,False,False,datebox,False,False,False,,,,,,,,,,True,,,,,,,V_APS_OrderPlanMaterialFormList,5594,,,,管理员,2026-06-16 13:36:19,18356
False,Amount,decimal,39,金额,50,True,False,False,numberbox,False,False,,,,,,,,,,,True,,,,,,,V_APS_SalesOutStock,24409,,,,范龙生,2026-04-15 15:56:26,45585
False,Y10,decimal,39,10月,80,True,False,False,numberbox,False,False,,,,,,,,,SUM,,True,,,,,,,V_APS_MaterialDeliveryConfig,25477,,,,陈坤和,2026-05-06 08:59:54,46897
False,SAPDeliveryDate,datetime,39,回写SAP交期,95,True,False,False,datebox,False,False,,,,True,,,,,,,True,,,,,,,V_APS_SalesOrderDetail_JDY,27538,,,,system,2026-06-03 12:05:44,48188
False,DeliveryDate,datetime,40,交货日期,80,True,False,True,datebox,False,False,,,,True,,,,,,,True,,,,,,,V_APS_SalesOutStock,24409,,,,范龙生,2026-04-15 15:56:26,41544
False,DefaultLineID,int,40,工单线体,80,True,False,False,combobox,False,False,,,,,,,,,,,True,拉线,,,,,,V_APS_MOPlanStep1V2,7961,,,,范龙生,2026-04-29 11:25:37,41570
False,OrderStatus,varchar,40,单据状态,100,True,False,False,textbox,False,False,,,,,,,,,,,True,,,,,,,V_APS_ManualForecastDetail,24402,,,,温广燕,2025-12-25 14:05:29,39854
False,Remark1,nvarchar,40,备注,400,True,False,False,,False,False,,,,,,,,,,,True,,,,,,,V_APS_OrderInStock,10103,,,,管理员,2026-01-19 14:53:18,40236
False,OrderSource,varchar,40,报工来源,100,True,True,False,combobox,False,False,,,,,,,,,,,True,报工数据来源,,,,,,V_Dev_Organize,3026,,,,陈坤和,2025-10-28 16:16:27,37911
False,CustomerName,nvarchar,40,客户名称,200,True,True,False,combobox,False,False,,,,True,,,,,,,True,客户,,,,,,V_APS_Report44,19334,,,,管理员,2026-01-23 16:17:38,34686
False,Remark2,nvarchar,40,备注2,70,True,False,False,,False,False,,,,,,,,,,custom,True,,,,,,,V_APS_Report49,19329,,,,管理员,2025-12-25 15:50:53,31303
False,SOInfo,varchar,40,影响销售订单,100,True,False,False,textbox,False,False,,,,,,,,,,,True,,,,,,,V_APS_PrepareView2,7792,,,,管理员,2026-01-23 09:41:29,29274
False,ModifyedOn,datetime,40,更新时间,150,True,False,False,,False,False,False,,,,,,,,,,True,,,,,,,V_APS_ProcessScheduling,6659,,,,江科,2025-10-15 20:48:53,11530
False,Code,varchar,40,物料编码,100,True,False,False,textbox,False,False,False,,False,True,,,,,,custom,True,,,,,True,,V_OrderPlan2V2,5616,False,,,江科,2025-09-09 09:17:10,10229
False,DictionaryID,int,40,字典ID,100,True,False,False,,False,False,False,,,True,精确匹配,,,,,custom,True,,,,,,,V_DictionaryField,35,,,,廖尚华,2026-06-16 13:48:58,724
False,ERPStatus,nvarchar,40,ERP状态,80,True,False,False,textbox,False,False,,,,,,,,,,,True,,,,,,,V_APS_Report38,11151,,,,管理员,2026-05-06 08:36:53,46837
False,PCCapacity,decimal,40,PC产能,50,True,True,False,numberbox,False,False,,,,,,,,,,,True,,,,,,,V_APS_MOPlanStep4,6734,,,,管理员,2026-06-16 09:55:22,46758
False,PCCapacity,decimal,40,PC产能,50,True,False,False,numberbox,False,False,,,,,,,,,,,True,,,,,,,V_APS_MOPlanStep4V12,9020,,,,范龙生,2026-05-11 16:45:24,47064
False,PlanQty,int,40,计划数,80,True,False,False,numberbox,False,False,,,,,,,,,,,True,,,,,,,V_APS_OrderPlanChange,7970,,,,范龙生,2026-05-12 12:27:11,47097
False,ItemCode,varchar,40,物料编码,100,True,False,False,textbox,False,False,,,,True,,,,,,,True,,,,,,,V_APS_PrepareView3,7791,,,,管理员,2026-04-24 16:11:48,46335
False,ItemCode,varchar,40,物料编码,100,True,False,False,textbox,False,False,,,,True,,,,,,,True,,,,,,,V_APS_Report55,19324,,,,管理员,2026-04-24 16:13:31,46313
False,Extend10,nvarchar,40,属性,300,True,False,False,textbox,False,False,,,,,,,,,,,True,,,,,,,V_APS_Report47,19331,,,,管理员,2026-04-24 17:58:51,46230
False,Capacity,decimal,40,标准时产,50,True,False,False,numberbox,False,False,,,,,,,,,,,True,,,,,,,V_APS_ProcessPlanHistoryForMonth,28633,,,,管理员,2026-04-21 08:43:32,45630
False,Coefficient,decimal,40,效率系数,80,True,True,False,numberbox,False,False,,,,,,,,,,,True,,,,,,,V_APS_Report20,7921,,,,范龙生,2026-03-19 18:57:28,44582
False,BatchVersion,nvarchar,40,产能版本,100,True,False,False,textbox,False,False,,,,,,,,,,,True,,,,,,,APS_ProcessPartMaterial,28594,,,,system,2026-03-14 16:52:58,44206
False,BatchVersion,nvarchar,40,版本号,70,True,False,False,textbox,False,False,,倒序,,True,,,,,,,True,,,,,,,V_APS_ProcessPartMaterial2,28595,,,,管理员,2026-04-24 13:30:17,44258
False,BatchNumber,nvarchar,40,批次,100,True,False,False,textbox,False,False,True,,,True,,,,,,,True,,,,,,,APS_ProcessPartMaterialImport,28596,,,,范龙生,2026-03-16 11:27:36,44231
False,QPA,decimal,40,用量,60,True,False,False,numberbox,False,False,,,,,,,,,,,True,,,,,,,V_APS_Report32,7909,,,,范龙生,2026-03-09 15:44:49,43017
False,Spec,nvarchar,41,规格,280,True,False,True,textbox,False,False,,,,,,,,,,,True,,,,,,,V_APS_Report60,19318,,,,管理员,2026-04-29 10:06:05,33695
False,ModifyedOn,datetime,41,修改日期,100,True,False,False,,False,False,,,,,,,,,,,True,,,,,,,V_APS_Report42,19335,,,,陈坤和,2026-03-23 17:30:49,30389
False,MaterialSpec,nvarchar,41,影响相关产品,150,True,False,False,textbox,False,False,,,,,,,,,,,True,,,,,,,V_APS_PrepareView2,7792,,,,管理员,2026-01-23 09:41:29,29275
False,SupplierName,nvarchar,41,供应商名称,170,True,False,False,textbox,False,False,False,,False,True,,,,,,custom,True,,,,,,,V_APS_PO,6751,,,,陈坤和,2026-06-16 11:58:01,13964
False,CustomerName,nvarchar,41,客户,280,True,False,False,textbox,False,False,False,,,True,模糊匹配,,,,,,True,,,,,,,V_APS_SalesOrderDetailALL,6694,,,,陈坤和,2026-01-27 15:41:16,12402
False,APSDeliveryReplyStartDate,date,41,评估开始时间,110,True,False,False,datebox,False,False,,,,,,,,,,,True,,,,,,,APS_OrganizeDemandOrder,26524,,,,system,2025-10-30 16:15:32,38214
False,WorkShift,nvarchar,41,班制,100,True,True,False,textbox,False,False,,,,,,,,,,,True,,,,,,,V_Dev_Organize,3026,,,,管理员,2026-04-14 19:21:09,38709
False,MaterialType,nvarchar,41,物料组,100,True,False,False,textbox,False,False,,,,,,,,,,,True,,,,,,,V_APS_OrderPrepareReport,7804,,,,陈坤和,2026-01-28 09:05:59,38534
False,Classification,nvarchar,41,分类,50,True,False,False,textbox,False,False,,,,,,,,,,,True,,,,,,,V_APS_QualityAbnormalityCase,27562,,,,陈坤和,2026-01-31 11:56:56,40691
False,VpReview,nvarchar,41,副总经理审核,100,True,False,False,textbox,False,False,,,,,,,,,,,True,,,,,,,V_APS_NewProductTrial,27561,,,,陈坤和,2026-01-31 11:56:28,40656
False,CustomerDeliveryDate,datetime,41,回写客户交期,95,True,False,False,datebox,False,False,,,,True,,,{0:yyyy-MM-dd},,,,True,,,,,,,APS_SalesOrder_JDY,27537,,,,陈坤和,2026-04-14 15:36:56,39512
False,CustomerDeliveryDate,datetime,41,回写客户交期,95,True,False,False,datebox,False,False,,,,True,,,,,,,True,,,,,,,V_APS_SalesOrderDetail_JDY,27538,,,,system,2025-12-05 10:35:31,39379
False,Amount3,numeric,41,原材料超订金额(万),120,True,False,False,numberbox,False,False,,,,,,,{0:F2},查看金额,,,True,,,,,,,V_APS_PrepareView16,7871,,,,温广燕,2026-03-09 15:25:52,42153
False,DataSource,nvarchar,41,单别,100,True,False,False,textbox,False,False,,,,,,,,,,,True,,,,,,,V_APS_OrderBOMNew,5021,,,,陈坤和,2026-04-23 16:50:19,41498
False,Qty,decimal,41,订单数,80,True,False,False,numberbox,False,False,,,,,,,,,SUM,,True,,,,,,,V_APS_Report32,7909,,,,江老师,2026-03-10 10:33:49,43382
False,DayCapacity,decimal,41,标准日产,50,True,False,False,numberbox,False,False,,,,,,,,,,,True,,,,,,,V_APS_ProcessPlanHistoryForMonth,28633,,,,管理员,2026-04-21 08:43:32,45784
False,PCDayCapacity,decimal,41,标准日产,50,True,False,False,numberbox,False,False,,,,,,,,,,,True,,,,,,,V_APS_MOPlanStep4V12,9020,,,,system,2026-05-11 16:43:29,47062
False,Y11,decimal,41,11月,80,True,False,False,numberbox,False,False,,,,,,,,,SUM,,True,,,,,,,V_APS_MaterialDeliveryConfig,25477,,,,陈坤和,2026-05-06 08:59:54,46898
False,SubmitStatus,varchar,41,状态,100,True,False,False,textbox,False,False,,,,,,,,,,,True,,,,,,,V_APS_OrderForPrepare3,7975,,,,温广燕,2026-06-01 14:33:19,47925
False,DayUpperCapacity,decimal,42,瓶颈日产,50,True,False,False,numberbox,False,False,,,,,,,,,,,True,,,,,,,V_APS_ProcessPlanHistoryForMonth,28633,,,,管理员,2026-04-21 08:43:32,45788
False,TotalUsage,decimal,42,总用量,80,True,False,False,numberbox,False,False,,,,,,,,,SUM,,True,,,,,,,V_APS_Report32,7909,,,,江老师,2026-03-10 10:33:50,43376
False,CreatedByName,nvarchar,42,创建人,70,True,False,False,,False,False,,,,,,,,,,,True,,,,,,,V_APS_SalesOrderDetailDeliverFreeze,24395,,,,管理员,2026-04-13 13:25:37,43875
False,ModifiedByName,nvarchar,42,修改姓名,100,True,False,False,,False,False,,,,,,,,,,,True,,,,,,,V_APS_PrepareView25,7861,,,,温广燕,2026-03-09 10:17:41,42687
False,Amount4,numeric,42,半成品超订金额(万),120,True,False,False,numberbox,False,False,,,,,,,{0:F2},查看金额,,,True,,,,,,,V_APS_PrepareView16,7871,,,,温广燕,2026-03-09 15:25:52,42154
False,Amount4,decimal,42,超订金额,80,True,False,False,numberbox,False,False,,,,,,,,,,,True,,,,,,,V_APS_PrepareView6,7788,,,,江老师,2026-03-03 10:24:27,41932
False,QPA,decimal,42,用量,80,True,False,False,numberbox,False,False,,,,,,,,,,,True,,,,,,,V_APS_Report60,19318,,,,管理员,2025-12-31 11:50:30,39916
False,APSDeliveryReplyEndDate,date,42,评估结束时间,110,True,False,False,datebox,False,False,,,,,,,,,,,True,,,,,,,APS_OrganizeDemandOrder,26524,,,,system,2025-10-30 16:15:32,38215
False,Buyer,nvarchar,42,申请人,80,True,False,False,textbox,False,False,,,,,,,,,,custom,True,,,,,,,V_APS_Report49,19329,,,,管理员,2025-12-25 15:51:10,35543
False,StandardPeoples,decimal,42,总人数,80,True,True,False,numberbox,False,False,True,,,,,,,,,,True,,,,,,,V_APS_OrderReworkCapacity,17253,,,,江科,2025-10-21 16:22:46,24098
False,Code,varchar,43,物料编码,150,True,False,False,textbox,False,False,False,,,,,,,,,custom,True,,,,,,,V_APS_AppNoSchedulingData,6677,,,,江科,2025-09-09 09:17:10,12041
False,ActualKittingDate,date,43,实际齐料日期,110,True,False,False,datebox,False,False,,,,,,,,,,,True,,,,,,,APS_OrganizeDemandOrder,26524,,,,system,2025-10-30 16:15:32,38216
False,SampleTriggerDate,datetime,43,新品样品触发日期,80,True,False,False,datebox,False,False,,,,,,,{0:yyyy-MM-dd},,,,True,,,,,,,APS_SalesOrder_JDY,27537,,,,陈坤和,2026-04-14 15:36:56,39509
False,SampleTriggerDate,datetime,43,新品样品触发日期,80,True,False,False,datebox,False,False,,,,,,,,,,,True,,,,,,,V_APS_SalesOrderDetail_JDY,27538,,,,system,2025-12-05 10:35:31,39455
False,Extend6,nvarchar,43,类型,50,True,False,False,textbox,False,False,,,,,,,,,,,True,,,,,,,V_APS_Order,49,,,,陈坤和,2026-04-27 19:17:27,39224
False,Approved,int,43,通过为1,80,True,False,False,textbox,False,False,,,,,,,,,,,True,,,,,,,V_APS_NewProductTrial,27561,,,,陈坤和,2026-01-31 11:56:28,40657
False,OccurrenceCount,int,43,发生次数,80,True,False,False,numberbox,False,False,,,,,,,,,,,True,,,,,,,V_APS_QualityAbnormalityCase,27562,,,,陈坤和,2026-01-31 11:56:56,40692
False,OrderTotalQPA,decimal,43,物料需求数,80,True,False,False,numberbox,False,False,,,,,,,,,SUM,,True,,,,,,,V_APS_Report60,19318,,,,管理员,2026-04-29 11:25:10,40263
False,OrderType,nvarchar,43,类型,50,True,False,False,textbox,False,False,,,,True,,,,,,,True,,,,,,,V_APS_OrderBOMNew,5021,,,,陈坤和,2026-04-23 16:50:19,39986
False,Amount5,numeric,43,成品超订金额(万),110,True,False,False,numberbox,False,False,,,,,,,{0:F2},查看金额,,,True,,,,,,,V_APS_PrepareView16,7871,,,,温广燕,2026-03-09 15:25:52,42155
False,ExpectTime,decimal,43,预计用时,50,True,False,False,numberbox,False,False,,,,,,,,,,,True,,,,,,,V_APS_ProcessPlanHistoryForMonth,28633,,,,管理员,2026-04-21 08:43:32,45633
False,Y12,decimal,43,12月,80,True,False,False,numberbox,False,False,,,,,,,,,SUM,,True,,,,,,,V_APS_MaterialDeliveryConfig,25477,,,,陈坤和,2026-05-06 08:59:54,46899
False,PRDocNo,varchar,43,采购申请单号,100,True,False,False,textbox,False,False,,,,,,,,,,,True,,,,,,,V_APS_PO,6751,,,,陈坤和,2026-06-16 11:58:01,48196
False,ExpectDays,int,44,生产天数,50,True,False,False,numberbox,False,False,,,,,,,,,,,True,,,,,,,V_APS_ProcessPlanHistoryForMonth,28633,,,,管理员,2026-04-21 08:43:32,45785
False,ModifyedOn,datetime,44,更新时间,100,True,False,False,,False,False,,,,,,,,,,,True,,,,,,,V_APS_PrepareView25,7861,,,,温广燕,2026-03-09 10:17:41,42689
False,ModifiedByName,nvarchar,44,修改人,70,True,False,False,,False,False,,,,,,,,,,,True,,,,,,,V_APS_SalesOrderDetailDeliverFreeze,24395,,,,管理员,2026-04-13 13:25:37,43877
False,Amount6,numeric,44,库存+在途超订金额(万),150,True,False,False,numberbox,False,False,,,,,,,{0:F2},查看金额,,,True,,,,,,,V_APS_PrepareView16,7871,,,,江老师,2026-03-09 15:43:41,42156
False,ActualDeliveryDate,date,44,实际交货日期,110,True,False,False,datebox,False,False,,,,,,,,,,,True,,,,,,,APS_OrganizeDemandOrder,26524,,,,system,2025-10-30 16:15:32,38217
False,IsQueryParams,bit,44,树形显示,80,True,True,False,checkbox,False,False,True,,,False,,,,,,custom,True,,,,,,,V_DictionaryField,35,,,,温广燕,2026-03-16 14:27:00,5181
False,Seconds,decimal,44,标准工时(S),80,True,True,False,numberbox,False,False,True,,,,,,,,,,True,,,,,,,V_APS_OrderReworkCapacity,17253,,,,吴鑫鹏,2025-10-21 16:42:37,24100
False,ModifiedByName,nvarchar,44,修改姓名,100,True,False,False,,False,False,,,,,,,,,,,True,,,,,,,V_APS_Report51,19326,,,,吴鑫鹏,2025-09-17 10:30:59,31557
False,ModifiedByName,nvarchar,44,修改姓名,100,True,False,False,,False,False,,,,,,,,,,,True,,,,,,,V_APS_Report58,19320,,,,温广燕,2026-03-28 10:31:22,32467
False,ModifiedByName,nvarchar,44,修改姓名,100,True,False,False,,False,False,,,,,,,,,,,True,,,,,,,V_APS_Report59,19319,,,,陈坤和,2026-03-23 17:43:36,32597
False,CustomerName,nvarchar,45,客户名称,200,True,False,True,textbox,False,False,,,,,,,,,,,True,,,,,,,APS_SalesOrder_JDY,27537,,,,陈坤和,2026-04-14 15:36:56,39608
False,ERPStatus,nvarchar,45,ERP状态,80,True,False,False,textbox,False,False,,,,,,,,,,,True,,,,,,,V_APS_OrderBOMNew,5021,,,,陈坤和,2026-04-23 16:50:19,39987
False,AlertRecipients,nvarchar,45,预警抄送,100,True,False,False,textbox,False,False,,,,,,,,,,,True,,,,,,,V_APS_QualityAbnormalityCase,27562,,,,陈坤和,2026-01-31 11:56:56,40693
False,Rejected,int,45,不通过为1,80,True,False,False,textbox,False,False,,,,,,,,,,,True,,,,,,,V_APS_NewProductTrial,27561,,,,陈坤和,2026-01-31 11:56:28,40658
False,SalesMan,nvarchar,45,销售员,80,True,False,False,textbox,False,False,,,,True,,,,,,,True,,,,,,,V_APS_SalesOutStock,24409,,,,范龙生,2026-04-15 15:56:26,41548
False,ExpectArrivalDate,datetime,45,期望物料到达时间,80,True,False,False,textbox,False,False,,,,,,,,,,,True,,,,,,,V_APS_Report54,19323,,,,管理员,2026-04-24 11:15:17,41232
False,PCDeliveryDate,datetime,45,成品交期,110,True,False,False,datebox,False,False,,,,,,,,,,,True,,,,,,,APS_OrganizeDemandOrder,26524,,,,system,2025-10-30 16:33:37,38243
False,OrderStatus,nvarchar,45,状态,50,True,False,False,textbox,False,False,,,,,,,,,,,True,,,,,,,V_APS_PO,6751,,,,陈坤和,2026-06-16 11:58:01,35054
False,LineNum,int,45,行号,80,True,False,False,numberbox,False,False,,,,,,,,,,,True,,,,,,,V_APS_ProcessPlan,5585,,,,system,2025-10-14 16:49:59,36258
False,LineNum,int,45,行号,80,True,False,False,numberbox,False,False,,,,,,,,,,,True,,,,,,,APS_ProcessPlan,5154,,,,system,2025-10-13 18:04:12,36186
False,Code,varchar,45,物料编码,150,True,True,False,textbox,False,False,True,,,,,,,,,custom,True,,,,,,,V_APS_SchedulingMachinePre,5064,,,,江科,2025-09-09 09:17:10,6218
False,Extend1,nvarchar,45,项目,80,True,False,False,textbox,False,False,False,,,False,,,,,,custom,True,,,,,,,V_APS_Order,49,,,,陈坤和,2026-04-27 19:17:27,640
False,Code,varchar,45,物料编码,100,True,False,False,textbox,False,False,False,,,False,,,,,,custom,True,,,,,,,V_APS_SchedulingMachineInjectionMolding,113,,,,江科,2025-09-09 09:17:10,1928
False,Code,varchar,45,物料编码,150,True,True,False,textbox,False,False,True,,,,,,,,,custom,True,,,,,,,V_APS_SchedulingPre,5072,,,,江科,2025-09-09 09:17:10,6468
False,CreatedOn,datetime,45,创建日期,140,True,False,False,,False,False,,,,,,,,,,,True,,,,,,,V_APS_SalesOrderDetailDeliverFreeze,24395,,,,管理员,2026-04-13 13:25:38,43878
False,TotalFixedDay,int,45,总提前期,80,True,False,False,numberbox,False,False,,,,,,,,,,,True,,,,,,,V_APS_MaterialBOM,1185,,,,温广燕,2026-03-03 13:46:59,42724
False,Unit,varchar,45,单位,60,True,False,False,textbox,False,False,,,,False,,,,,,,True,,,,,,,V_APS_Report32,7909,,,,江老师,2026-03-10 10:34:09,43011
False,DayUpperCapacity,decimal,45,日产上限,50,True,True,False,numberbox,False,False,,,,,,,,,,,True,,,,,,,V_APS_MOPlanStep4,6734,,,,管理员,2026-06-16 09:55:22,45347
False,LineName,nvarchar,45,产线,60,True,False,False,textbox,False,False,,,,,,,,,,,True,,,,,,,V_APS_ProcessPlanHistoryForMonth,28633,,,,管理员,2026-04-21 08:43:32,45772
False,ItemName,nvarchar,45,物料名称,100,True,False,False,textbox,False,False,,,,,,,,,,,True,,,,,,,V_APS_Report55,19324,,,,范龙生,2026-04-24 15:11:58,46314
False,ItemName,nvarchar,45,物料名称,100,True,False,False,textbox,False,False,,,,,,,,,,,True,,,,,,,V_APS_PrepareView3,7791,,,,system,2026-04-24 15:56:42,46336
False,IsSample,varchar,45,样品,50,True,False,False,textbox,False,False,,,,,,,,,,,True,,,,,,,V_APS_Report38,11151,,,,管理员,2026-05-05 18:00:56,46838
False,DayUpperCapacity,decimal,45,日产上限,50,True,False,False,numberbox,False,False,,,,,,,,,,,True,,,,,,,V_APS_MOPlanStep4V12,9020,,,,system,2026-05-11 16:43:29,47054
False,Remark3,nvarchar,45,计划备注,100,True,False,False,textbox,False,False,,,,True,,,,,,,True,,,,,,,V_APS_OrderPlanChange,7970,,,,范龙生,2026-05-12 12:27:11,47096
False,CustomerName,nvarchar,45,客户名称,200,True,False,False,textbox,False,False,,,,,,,,,,,True,,,,,,,V_APS_SalesOrderDetail_JDY,27538,,,,system,2026-06-03 12:05:44,48189
False,RemarkSalesOrderInfo,nvarchar,46,群组,80,True,False,False,textbox,False,False,,,,True,,,,,,,True,,,,,,,V_APS_MOPlanStep4,6734,,,,管理员,2026-06-16 09:52:55,47551
False,Extend5,nvarchar,46,工单备注,120,True,False,False,textbox,False,False,,,,True,,,,,,,True,,,,,,,V_APS_Report38,11151,,,,管理员,2026-05-05 18:01:23,46842
False,ModifyedOn,datetime,46,修改日期,140,True,False,False,,False,False,,,,,,,,,,,True,,,,,,,V_APS_SalesOrderDetailDeliverFreeze,24395,,,,管理员,2026-04-13 13:25:38,43879
False,active,nvarchar,46,active,150,True,True,False,textbox,False,False,True,,,False,,,,,,custom,True,,,,,,,V_DictionaryField,35,False,,,温广燕,2026-03-16 14:27:00,8691
False,ModifyedOn,datetime,46,修改日期,100,True,False,False,,False,False,,,,,,,,,,,True,,,,,,,V_APS_Report59,19319,,,,陈坤和,2026-03-23 17:43:36,32599
False,ModifyedOn,datetime,46,修改日期,100,True,False,False,,False,False,,,,,,,,,,,True,,,,,,,V_APS_Report51,19326,,,,吴鑫鹏,2025-09-19 17:26:01,31559
False,ProcessViewSort,int,46,工序内排序,80,True,False,False,numberbox,False,False,,,,,,,,,,,True,,,,,,,APS_ProcessPlan,5154,,,,system,2025-10-14 14:17:08,36231
False,ProcessViewSort,int,46,工序内排序,80,True,False,False,numberbox,False,False,,,,,,,,,,,True,,,,,,,V_APS_ProcessPlan,5585,,,,system,2025-10-14 16:49:59,36259
False,ParentCode,varchar,46,上级编码,100,True,False,False,textbox,False,False,,倒序,,,,,,,,,True,,,,,,,V_APS_Report60,19318,,,,管理员,2026-04-29 10:05:24,39923
False,CapaSummary,nvarchar,47,纠正预防措施主要内容,150,True,False,False,textbox,False,False,,,,,,,,,,,True,,,,,,,V_APS_QualityAbnormalityCase,27562,,,,陈坤和,2026-01-31 11:56:56,40694
False,Price,decimal,47,单价,80,True,False,False,numberbox,False,False,,,,,,,,查看金额,,custom,True,,,,,,,V_APS_PlanExpendDetailHistory,10134,,,,管理员,2026-01-27 23:30:06,20322
False,Remark2,nvarchar,47,行备注,80,True,False,False,textbox,False,False,False,,,,,,,,,custom,True,,,,,,,V_APS_PO,6751,,,,陈坤和,2026-06-16 11:58:01,13985
False,PCDeliveryDate,datetime,47,要求开工,50,True,False,False,datebox,False,False,,,,,,,{0:MM-dd},,,,True,,,,,,,V_APS_MOPlanStep4,6734,,,,管理员,2026-06-16 09:52:55,45352
False,BTToltalPoints,int,47,点数,50,True,False,False,numberbox,False,False,,,,,,,,,,,True,,,,,,,V_APS_ProcessPlanHistoryForWeek,28634,,,,管理员,2026-06-16 10:11:45,48201
False,ToltalPoints,decimal,48,总点数,60,True,False,False,numberbox,False,False,,,,,,,,,,,True,,,,,,,V_APS_ProcessPlanHistoryForWeek,28634,,,,管理员,2026-06-16 10:11:46,48202
False,PreStartDate,datetime,48,前序开工,50,True,False,False,datebox,False,False,,,,,,,{0:MM-dd},,,,True,,,,,,,V_APS_MOPlanStep4,6734,,,,管理员,2026-06-16 09:52:55,47878
False,Status,int,48,状态,80,True,True,False,combobox,True,False,,,,,,,,,,,True,数据状态,,,,,,V_APS_MOPlanStep1V3,7959,,,,system,2026-05-13 16:36:46,47203
False,Status,int,48,状态,80,True,True,False,combobox,True,False,,,,,,,,,,,True,数据状态,,,,,,V_APS_Report31,7908,,,,system,2026-04-13 10:53:07,45178
False,Capacity,decimal,48,标准产能,80,True,False,False,numberbox,False,False,True,,,,,,,,,,True,,,,,,,V_APS_OrderReworkCapacity,17253,,,,吴鑫鹏,2025-10-22 10:08:28,24099
False,OncheckQty,decimal,49,质检数,60,True,False,False,numberbox,False,False,,,,,,,,,,,True,,,,,,,V_APS_PO,6751,,,,陈坤和,2026-06-16 11:58:01,28985
False,DefaultAddValue,varchar,49,添加时的默认值,150,True,True,False,combobox,False,False,True,,False,False,,,,,,custom,True,数据默认值,,,,,,V_DictionaryField,35,False,,,温广燕,2026-04-24 08:38:12,10226
False,Code,varchar,49,物料编码,100,True,True,False,textbox,False,False,True,,,,,,,,,custom,True,,,,,,,V_APS_SchedulingFinish,52,,,,江科,2025-09-09 09:17:10,805
False,DeliveryDate,datetime,49,评审生产交期,100,True,False,False,datebox,False,False,True,,,False,,,,,,,True,,,,,,,V_APS_Order,49,,,,陈坤和,2026-05-13 17:04:39,631
False,IsCapaStandardized,nvarchar,49,纠正措施是否标准化,90,True,False,False,textbox,False,False,,,,,,,,,,,True,,,,,,,V_APS_QualityAbnormalityCase,27562,,,,陈坤和,2026-01-31 11:56:56,40695
False,OrderParentTotalQPA,decimal,49,上级需求,80,True,False,False,numberbox,False,False,,,,,,,,,,,True,,,,,,,V_APS_Report60,19318,,,,温广燕,2025-12-31 15:13:40,40264
False,SignleCapacity,decimal,49,人均产能,80,True,False,False,numberbox,False,False,,,,,,,,,,,True,,,,,,,V_APS_OrderReworkCapacity,17253,,,,吴鑫鹏,2025-10-21 17:19:16,36959
False,SuggestedStartDate,datetime,49,最早开工,50,True,False,False,datebox,False,False,,,,,,,{0:MM-dd},,,,True,,,,,,,V_APS_MOPlanStep4,6734,,,,管理员,2026-06-16 09:53:25,46679
False,Extend18,nvarchar,49,制程名称,100,True,False,False,textbox,False,False,,,False,,,,,,,,True,,,,,,,V_APS_ProcessPlanHistoryForWeek2,28636,,,,廖尚华,2026-06-04 16:33:50,47825
False,Extend10,nvarchar,49,属性,100,True,False,False,textbox,False,False,,,,,,,,,,,True,,,,,,,V_APS_MOPlanStep5,7769,,,,温广燕,2026-05-13 16:37:51,47332
False,Extend9,nvarchar,50,扩展9,100,True,False,False,textbox,False,False,,,,,,,,,,,True,,,,,,,V_APS_MOPlanStep5,7769,,,,温广燕,2026-05-13 16:37:51,47333
False,ReplyDateStatus2,nvarchar,50,齐料日期,50,True,False,False,textbox,False,False,,,,,,,,,,,True,,,,,,,V_APS_MOPlanStep4,6734,,,,廖尚华,2026-06-16 11:46:48,47853
False,Extend19,nvarchar,50,齐料日期,50,True,False,False,textbox,False,False,,,,,,,{0:MM-dd},,,,True,,,,,,,V_APS_ProcessPlanHistoryForWeek,28634,,,,管理员,2026-06-16 10:11:46,48204
False,SourceOrderNo,varchar,50,销售订单,100,True,False,False,textbox,False,False,,,,True,,,,,,,True,,,,,,,V_APS_OrderPlanChange,7970,,,,范龙生,2026-05-12 12:27:11,47102
False,ItemSpec,nvarchar,50,规格型号,250,True,False,False,textbox,False,False,,,,,,,,,,,True,,,,,,,V_APS_PrepareView3,7791,,,,system,2026-04-24 15:56:42,46337
False,ItemSpec,nvarchar,50,规格型号,250,True,False,False,textbox,False,False,,,,,,,,,,,True,,,,,,,V_APS_Report55,19324,,,,管理员,2026-04-24 15:55:06,46315
False,SupplierDeliveryDate,datetime,50,S1供应商交期,80,True,False,False,datebox,False,False,,,,,,,,,,,True,,,,,,,V_APS_Report54,19323,,,,管理员,2026-04-24 11:15:17,46080
False,ModifiedByName,nvarchar,50,维护人,70,True,False,False,textbox,False,False,,,,True,,,,,,,True,,,,,,,V_APS_ProcessPartMaterial2,28595,,,,管理员,2026-04-24 13:30:17,44243
False,Extend6,nvarchar,50,订单类型,80,True,False,False,textbox,False,False,,,,,,,,,,,True,,,,,,,V_APS_Report49,19329,,,,范龙生,2025-12-30 16:05:10,40219
False,CustomerCode,varchar,50,客户代码,80,True,False,False,textbox,False,False,,,,True,,,,,,,True,,,,,,,V_APS_SalesOutStock,24409,,,,范龙生,2026-04-15 15:56:26,41552
False,ModifiedByName,nvarchar,50,修改姓名,90,True,False,False,textbox,False,False,False,,,False,,,,,,custom,True,,,,,,,V_DictionaryField,35,,,,温广燕,2026-03-16 14:27:00,746
False,Status,int,50,状态,80,True,True,False,combobox,True,False,True,,,False,,选择项1,,,,,True,数据状态,,,,,,V_APS_Process,1182,False,,,管理员,2026-04-24 16:54:24,3149
False,IsConflict,varchar,50,冲突,50,True,False,False,textbox,False,False,,,,True,精确匹配,,,,,,True,,,,,,,V_APS_Report3,7841,,,,管理员,2026-04-28 16:47:39,28654
False,MaterialID,bigint,50,料品ID,600,True,False,False,numberbox,False,True,,,,,精确匹配,,,,,custom,True,,,,,,,V_APS_Report20,7921,,,,管理员,2026-04-24 16:55:10,26008
False,SourceOrderNo,varchar,50,销售订单,80,True,True,False,textbox,False,False,True,,,True,,,,,,,True,,,,,,,V_APS_OrderForm,15199,,,,江老师,2026-03-03 13:29:30,25307
False,Code,varchar,50,物料编码,80,True,False,False,textbox,False,False,False,,,True,模糊匹配,,,,,custom,True,,,,,,,V_APS_Proofing,9023,,,,江科,2025-09-09 09:16:22,19002
False,Extend10,nvarchar,50,属性,60,True,False,False,textbox,False,False,False,,,True,,,,,,custom,True,,,,,,,V_APS_Report32,7909,,,,范龙生,2026-03-09 15:45:58,17130
False,Remark1,nvarchar,51,备注,250,True,False,False,textbox,False,False,False,,,True,,,,,,custom,True,,,,,,,V_APS_PO,6751,,,,陈坤和,2026-06-16 11:58:01,13984
False,ModifyedOn,datetime,51,修改日期,100,True,False,False,,False,False,,倒序,,,,,,,,,True,,,,,,,V_APS_Report58,19320,,,,吴鑫鹏,2025-09-19 15:52:49,32469
False,ModifyedOn,datetime,51,修改日期,120,True,False,False,datebox,False,False,False,,,True,,,,,,custom,True,,,,,,,V_DictionaryField,35,,,,廖尚华,2026-06-16 13:41:58,748
False,CreatedByName,nvarchar,51,提交人,100,True,False,False,,False,False,,,,,,,,,,,True,,,,,,,V_APS_QualityAbnormalityCase,27562,,,,陈坤和,2026-01-31 11:56:56,40667
False,FinalDeliveryDate,datetime,51,ERP最终交期,100,True,False,False,textbox,False,False,,,,,,,,,,,True,,,,,,,V_APS_Order,49,,,,陈坤和,2026-04-27 19:17:27,40361
False,FormRate8,varchar,51,齐套率,60,True,False,False,textbox,False,False,,,,,,,,,,,True,,,,,,,V_APS_ProcessPlanHistoryForWeek,28634,,,,廖尚华,2026-06-04 14:09:35,48205
False,ReplyDate,datetime,51,最迟交期,90,True,False,False,datebox,False,False,,,,,,,,,,,True,,,,,,,V_APS_MOPlanStep4,6734,,,,廖尚华,2026-06-16 11:47:12,47826
False,Extend8,nvarchar,51,分组,100,True,False,False,textbox,False,False,,升序,,True,,,,,,,True,,,,,,,V_APS_MOPlanStep5,7769,,,,温广燕,2026-05-13 16:43:28,47334
False,Extend7,int,52,生产版本,80,True,False,False,numberbox,False,False,,,,,,,,,,,True,,,,,,,V_APS_MOPlanStep5,7769,,,,温广燕,2026-05-13 16:37:51,47335
False,DeliveryRate,numeric,52,发料率,60,True,False,False,,False,False,,,,,,,{0:P0},,,,True,,,,,,,V_APS_ProcessPlanHistoryForWeek,28634,,,,廖尚华,2026-06-04 14:09:35,48206
False,Extend5,nvarchar,52,工单备注,150,True,False,False,textbox,False,False,,,,True,,,,,,,True,,,,,,,V_APS_ProcessPlanHistoryForMonth,28633,,,,管理员,2026-04-21 08:31:32,45782
False,Status,int,52,状态,80,True,True,False,combobox,False,False,,,,,,,,,,,True,数据状态,,,,,,V_APS_Report58,19320,,,,吴鑫鹏,2025-10-27 17:33:58,32471
False,MOInfo,varchar,52,关联工单,80,True,False,False,textbox,False,False,,,,False,,,,,,,True,,,,,,,V_APS_Report3,7841,,,,廖尚华,2026-05-25 12:06:34,29264
False,DeliveryDate,datetime,52,生产交期,50,True,False,False,datebox,False,False,False,,,,,,{0:MM-dd},,,custom,True,,,,,,,V_APS_MOPlanStep4,6734,,,,廖尚华,2026-06-16 11:46:48,13810
False,Remark1,nvarchar,53,PC备注,100,True,True,False,,False,False,True,,,,,,,,,custom,True,,,,,,,V_APS_MOPlanStep4,6734,,,,廖尚华,2026-06-16 11:46:48,13790
False,MaterialSpec,nvarchar,53,相关机种,200,True,False,False,textbox,False,False,,,,True,,,,,,,True,,,,,,,V_APS_Report3,7841,,,,廖尚华,2026-05-25 12:06:34,29266
False,CustomerOrder,nvarchar,53,客户参考编号,100,True,False,False,textbox,False,False,,,,,,,,,,,True,,,,,,,V_APS_Order,49,,,,陈坤和,2026-04-27 19:17:27,40275
False,Extend6,nvarchar,53,单据类型,80,True,False,False,textbox,False,False,,,,,,,,,,,True,,,,,,,V_APS_PO,6751,,,,陈坤和,2026-06-16 11:58:01,40185
False,SourceOrderNo,varchar,53,销售单,60,True,False,False,textbox,False,False,,,,,,,,,,,True,,,,,,,V_APS_ProcessPlanHistoryForMonth,28633,,,,管理员,2026-04-21 08:42:03,45786
False,RouteNameAlIS,nvarchar,53,制程名称,100,True,False,False,textbox,False,False,,,,,,,,,,,True,,,,,,,V_APS_ProcessPlanHistoryForWeek,28634,,,,管理员,2026-06-16 10:58:00,45811
False,CustomerName,nvarchar,53,客户名称,100,True,False,False,textbox,False,False,,,False,,,,,,,,True,,,,,,,V_APS_ProcessPlanHistoryForWeek2,28636,,,,廖尚华,2026-06-04 16:33:50,47888
False,MaterialType,varchar,53,物料类型,100,True,False,False,textbox,False,False,,,,,,,,,,,True,,,,,,,V_APS_MOPlanStep5,7769,,,,温广燕,2026-05-13 16:37:51,47336
False,Extend19,nvarchar,54,最迟交期,100,True,False,False,textbox,False,False,,,False,,,,,,,,True,,,,,,,V_APS_ProcessPlanHistoryForWeek2,28636,,,,廖尚华,2026-06-04 16:33:50,48187
False,PCB,varchar,54,PCB板,80,True,False,False,textbox,False,False,,,,,,,,,,,True,,,,,,,V_APS_ProcessPlanHistoryForWeek,28634,,,,管理员,2026-06-16 10:12:52,48230
False,ProductionStatusDate,nvarchar,54,生产交期,80,True,False,False,textbox,False,False,,,,,,,,,,,True,,,,,,,V_APS_ProcessPlanHistoryForMonth,28633,,,,管理员,2026-04-21 08:38:58,45787
False,StartDate,datetime,54,计划开始,50,True,False,False,datebox,False,False,True,升序,,,,,{0:MM-dd},,,custom,True,,,,,,,V_APS_MOPlanStep4,6734,,,,廖尚华,2026-05-23 08:15:48,13778
False,EndDate,datetime,55,计划完成,50,True,False,False,datebox,False,False,True,,,,,,{0:MM-dd},,,custom,True,,,,,,,V_APS_MOPlanStep4,6734,,,,管理员,2026-04-28 19:08:34,13779
False,EXTEND12,varchar,55,厂区,60,True,False,False,textbox,False,False,,升序,,False,,,,,,,True,,,,,,,V_APS_PO,6751,,,,陈坤和,2026-06-16 11:58:01,27516
False,CreatedOn,datetime,55,创建日期,150,True,False,False,,False,False,False,,,False,范围,,,,,,True,,,,,,,V_APS_Process,1182,,,,管理员,2026-04-24 16:54:24,3146
False,CustomerName,nvarchar,55,客户名称,200,True,False,False,textbox,False,False,,,,True,,,,,,,True,,,,,,,V_APS_SalesOutStock,24409,,,,范龙生,2026-04-15 15:56:26,41553
False,NoWorkHours,int,55,忽略工时,50,True,True,False,checkbox,False,False,,,,,,,,,,,True,,,,,,,V_APS_MOPlanStep1V2,7961,,,,范龙生,2026-04-29 11:25:23,35936
False,SDeliveryDate2,datetime,55,S2供应商交期,80,True,False,False,datebox,False,False,,,,,,,,,,,True,,,,,,,V_APS_Report54,19323,,,,管理员,2026-04-24 11:15:17,46081
False,QPA,decimal,55,用量,50,True,False,False,numberbox,False,False,,,,,,,,,,,True,,,,,,,V_APS_Report55,19324,,,,范龙生,2026-04-24 15:13:33,46316
False,QPA,decimal,55,用量,50,True,False,False,numberbox,False,False,,,,,,,,,,,True,,,,,,,V_APS_PrepareView3,7791,,,,system,2026-04-24 15:56:42,46338
False,Extend5,nvarchar,55,工单备注,100,True,False,False,textbox,False,False,,,,True,,,,,,,True,,,,,,,V_APS_OrderPlanChange,7970,,,,范龙生,2026-05-12 12:27:11,47103
False,ModifiedByName,nvarchar,55,修改姓名,100,True,False,False,,False,False,,,,,,,,,,,True,,,,,,,V_APS_Report3,7841,,,,温广燕,2026-05-07 15:07:30,46994
False,FirstOweMaterialDate,datetime,55,上欠料时间,110,True,False,False,datebox,False,False,,,,,,,,,,,True,,,,,,,V_APS_Report3,7841,,,,温广燕,2026-05-15 11:00:36,46863
False,IsManualDIP,int,55,DIP手工焊,80,True,False,False,combobox,False,False,,,,True,,,,,,,True,是否10,,,,,,V_APS_Report38,11151,,,,范龙生,2026-05-05 17:55:14,46840
False,StencilNO,varchar,55,钢网,100,True,False,False,textbox,False,False,,,,,,,,,,,True,,,,,,,V_APS_ProcessPlanHistoryForWeek,28634,,,,廖尚华,2026-06-04 20:46:32,48231
False,FormRate8,varchar,55,齐套率,60,True,False,False,textbox,False,False,,,False,,,,,,,,True,,,,,,,V_APS_ProcessPlanHistoryForWeek2,28636,,,,廖尚华,2026-06-04 16:33:50,48199
False,ModifyedOn,datetime,55,维护时间,150,True,False,False,datebox,False,False,,,,True,,,,,,,True,,,,,,,V_APS_ProcessPartMaterial2,28595,,,,管理员,2026-04-24 13:27:12,44245
False,FormRate8,varchar,55,齐套率,60,True,False,False,numberbox,False,False,,,,,,,{0:P0},,,,True,,,,,,,V_APS_MOPlanStep2V10,9018,,,,廖尚华,2026-05-06 13:07:32,42746
False,DeliveryRate,numeric,56,发料率,60,True,False,False,,False,False,,,False,,,,{0:P0},,,,True,,,,,,,V_APS_ProcessPlanHistoryForWeek2,28636,,,,廖尚华,2026-06-04 16:33:50,48200
False,ModifyedOn,datetime,56,修改日期,130,True,False,False,,False,False,,,,,,,,,,,True,,,,,,,V_APS_Report3,7841,,,,温广燕,2026-05-07 15:08:02,46995
False,UnFormCount,int,56,齐料,50,True,False,False,numberbox,False,False,,,,,,,,,,,True,,,,,,,V_APS_MOPlanStep2V10,9018,,,,温广燕,2026-05-06 14:45:58,46387
False,ModifyedOn,datetime,56,修改日期,1150,True,False,False,,False,False,False,,,,,,,,,,True,,,,,,,V_APS_Process,1182,,,,管理员,2026-04-24 16:54:40,3147
False,Code,varchar,56,物料编码,150,True,True,False,textbox,False,False,True,,,True,,,,,,custom,True,,,,,,,V_APS_OrderForMakeByOrder,103,False,,,江科,2025-09-09 09:17:10,1756
False,Code,varchar,56,物料编码,150,True,False,False,textbox,False,False,False,,,,,,,,,custom,True,,,,,,,V_APS_SchedulingMonthPre,5145,,,,江科,2025-09-09 09:17:10,8537
False,Code,varchar,56,物料编码,150,True,False,False,textbox,False,False,False,,,,,,,,,custom,True,,,,,,,V_APS_SchedulingWeek,5146,,,,江科,2025-09-09 09:17:10,8584
False,CompletionDate,datetime,57,完工日期,80,True,False,False,datebox,False,False,True,,,False,,,{0:yyyy-MM-dd},,,,True,,,,,,,V_APS_Order,49,,,,陈坤和,2026-04-27 19:17:27,639
False,FormCount,int,57,欠料,50,True,False,False,numberbox,False,False,,,,,,,,,,,True,,,,,,,V_APS_MOPlanStep2V10,9018,,,,温广燕,2026-05-06 14:45:58,46386
False,StockStatus,nvarchar,57,待检状态,100,True,False,False,textbox,False,False,,,,,,,,,,,True,,,,,,,V_APS_MaterialForecastBom,28597,,,,温广燕,2026-06-16 09:40:18,48236
False,MaterialName,nvarchar,58,物料名称,200,True,True,True,textbox,False,False,True,,,True,,,,,,custom,True,,,,,,,V_APS_OrderForMakeByOrder,103,,,,江科,2025-09-09 09:18:46,1758
False,MaterialName,nvarchar,58,物料名称,150,True,True,False,textbox,False,False,True,,,False,,,,,,custom,True,,,,,,,V_APS_OrderForSchedulingForIssue,3011,,,,江科,2025-09-09 09:18:46,4029
False,FormQty,int,58,齐套数,80,True,False,False,numberbox,False,False,,,,,,,,,,,True,,,,,,,V_APS_MOPlanStep2V10,9018,,,,温广燕,2026-05-06 14:45:58,46650
False,DeliveryRate,numeric,59,发料率,80,True,False,False,numberbox,False,False,,,,,,,{0:P0},,,,True,,,,,,,V_APS_MOPlanStep2V10,9018,,,,温广燕,2026-05-06 14:47:20,46977
False,Code,varchar,59,物料编码,150,True,True,False,textbox,False,False,True,,,,,,,,,custom,True,,,,,,,V_APS_OrderForSchedulingForIssue,3011,,,,江科,2025-09-09 09:17:10,4030
False,CustomerName,nvarchar,59,客户名称,160,True,False,False,textbox,False,False,False,,,False,,,,,,,True,,,,,,,V_APS_Order,49,,,,陈坤和,2026-04-27 19:17:27,1235
False,ID,int,59,ID,100,True,False,False,numberbox,False,True,False,,,False,精确匹配,,,,,custom,True,,,,,,,V_DictionaryField,35,False,,,廖尚华,2026-05-21 16:29:23,722
False,PCDeliveryDate,datetime,60,计划交期,50,True,False,True,datebox,False,False,,,False,,,,{0:MM-dd},,,,True,,,,,,,V_APS_ProcessPlanHistoryForWeek,28634,,,,管理员,2026-06-16 10:12:52,45770
False,PCDeliveryDate,datetime,60,计划交期,50,True,False,False,datebox,False,False,,,False,,,,{0:MM-dd},,,,True,,,,,,,V_APS_ProcessPlanHistoryForWeek2,28636,,,,廖尚华,2026-06-04 16:33:50,45851
False,NewMaterialDate,datetime,60,新物料交期,80,True,False,False,datebox,False,False,,,,,,,,,,,True,,,,,,,V_APS_Report54,19323,,,,管理员,2026-04-24 11:15:17,46082
False,DemandQty,decimal,60,需求数,80,True,False,False,numberbox,False,False,,,,,,,,,SUM,,True,,,,,,,V_APS_PrepareView3,7791,,,,管理员,2026-04-24 16:30:00,46339
False,DemandQty,decimal,60,需求数,80,True,False,False,numberbox,False,False,,,,,,,,,,,True,,,,,,,V_APS_Report55,19324,,,,范龙生,2026-04-24 15:11:58,46317
False,TotalUnDeliveredCount,int,60,未发齐数,80,True,False,False,numberbox,False,False,,,,,,,,,,,True,,,,,,,V_APS_MOPlanStep2V10,9018,,,,温广燕,2026-05-06 14:45:58,46979
False,Extend11,nvarchar,60,预警信息,180,True,False,False,textbox,False,False,,,,,,,,,,,True,,,,,,,V_APS_Report38,11151,,,,管理员,2026-05-05 18:01:12,46964
False,ERPStartDate,datetime,60,计划开始,110,True,False,False,datebox,False,False,,,,False,,,,,,,True,,,,,,,V_APS_OrderPlanChange,7970,,,,范龙生,2026-05-12 12:27:11,47104
False,ProductionStatusDate,nvarchar,60,生产交期,100,True,False,False,textbox,False,False,,,,,,,,,,,True,,,,,,,V_APS_MOPlanStep2V1,7943,,,,system,2026-03-31 16:50:16,44854
False,Code,varchar,60,物料编码,70,True,False,False,textbox,False,False,False,,False,False,,,,,,custom,True,,,,,False,,V_APS_OrderDistribution,6657,False,,,江科,2025-09-09 09:17:09,11490
False,POInfo,nvarchar,60,未交PO信息,350,True,False,False,textbox,False,False,,,,,,,,,,,True,,,,,,,V_APS_PrepareView2,7792,,,,管理员,2026-01-23 09:42:31,29222
False,SupplCode,varchar,60,补充代码,100,True,False,False,textbox,False,False,,,,True,,,,,,,True,,,,,,,V_APS_SalesOutStock,24409,,,,范龙生,2026-04-15 15:56:26,41543
False,OnHandQty,decimal,60,存货量,80,True,False,False,numberbox,False,False,,,,,,,,,,,True,,,,,,,V_APS_OrderBOMProgress,5162,,,,system,2025-12-29 11:31:41,39980
False,Remark1,nvarchar,61,备注,80,True,False,True,textbox,False,False,,,False,True,,,,,,,True,,,,,,,V_APS_ProcessPlanHistoryForWeek,28634,,,,管理员,2026-04-21 09:57:27,45691
False,FinalDeliveryDate,nvarchar,61,最终交期,100,True,False,False,textbox,False,False,,,,,,,,,,,True,,,,,,,V_APS_MOPlanStep2V1,7943,,,,system,2026-03-31 16:50:16,44855
False,Codes,varchar,61,无答复交期,130,True,False,False,textbox,False,False,,,,,,,,,,,True,,,,,,,V_APS_MOPlanStep2V10,9018,,,,管理员,2026-04-28 20:25:28,46664
False,ProcessPartName,nvarchar,61,工段,80,True,False,False,textbox,False,False,,,,True,,,,,,,True,,,,,,,V_APS_PrepareView3,7791,,,,管理员,2026-04-24 16:32:15,46353
False,DeliveryDate_JDY,datetime,61,客供料交期,80,True,False,False,datebox,False,False,,,,,,,,,,,True,,,,,,,V_APS_Report54,19323,,,,管理员,2026-04-24 11:45:03,46227
False,Remark1,nvarchar,61,备注,60,True,False,False,textbox,False,False,,,False,True,,,,,,,True,,,,,,,V_APS_ProcessPlanHistoryForWeek2,28636,,,,廖尚华,2026-06-04 16:33:50,45848
False,Extend3,nvarchar,61,用户,60,True,False,False,textbox,False,False,,,,,,,,,,,True,,,,,,,V_APS_Order,49,,,,陈坤和,2026-04-27 19:17:27,39222
False,MaterialName,nvarchar,62,物料名称,200,True,True,False,textbox,False,False,True,,,False,,,,,,custom,True,,,,,,,V_APS_OrderForMakeByOrderLINE,5068,False,,,江科,2025-09-09 09:18:46,6340
False,Capacity,decimal,62,标准产能,80,True,True,False,numberbox,False,False,,,,,,,,,,,True,,,,,,,V_APS_PrepareView3,7791,,,,管理员,2026-04-24 16:57:42,46351
False,CodesDate,varchar,62,最迟答复交期(前三),230,True,False,False,textbox,False,False,,,,,,,,,,,True,,,,,,,V_APS_MOPlanStep2V10,9018,,,,管理员,2026-04-28 20:33:39,46665
False,IsSample,nvarchar,62,样品,100,True,False,False,textbox,False,False,,,,,,,,,,,True,,,,,,,V_APS_MOPlanStep2V1,7943,,,,system,2026-03-31 16:50:16,44856
False,IsSample,nvarchar,62,样品,50,True,False,False,textbox,False,False,,,,,,,,,,,True,,,,,,,V_APS_MOPlanStep1V9,9014,,,,管理员,2026-04-13 12:59:48,44792
False,ExpectTime,decimal,63,预计用时,80,True,False,False,numberbox,False,False,,,,,,,,,SUM,,True,,,,,,,V_APS_PrepareView3,7791,,,,管理员,2026-04-24 16:29:51,46354
False,Extend13,int,63,委外,50,True,True,False,checkbox,False,False,,,,,,,,,,,True,订单手工识别类型,,,,,,V_APS_MOPlanStep2V10,9018,,,,管理员,2026-04-28 20:05:41,45861
False,Code,varchar,63,物料编码,150,True,True,False,textbox,False,False,True,,,True,,,,,,custom,True,,,,,,,V_APS_forNotScheduling,5084,False,,,江科,2025-09-09 09:17:10,6789
False,Extend1,nvarchar,63,呆滞原因,100,True,True,False,combobox,False,False,True,,,True,,,,,,,True,呆滞原因,,,,,,V_APS_PrepareView6,7788,,,,管理员,2026-03-02 08:34:29,41951
False,Extend1,nvarchar,63,呆滞原因,150,True,True,False,combobox,False,False,True,,,True,,,,,,,True,呆滞原因,,,,,,V_APS_MaterialOrg,25481,,,,管理员,2026-01-26 13:32:42,41862
False,Extend2,nvarchar,64,责任部门,100,True,True,False,combobox,False,False,True,,,,,,,,,,True,责任部门,,,,,,V_APS_MaterialOrg,25481,,,,温广燕,2026-01-23 18:52:21,41863
False,Extend2,nvarchar,64,责任部门,80,True,True,False,combobox,False,False,True,,,True,,,,,,,True,责任部门,,,,,,V_APS_PrepareView6,7788,,,,管理员,2026-03-02 08:34:29,41952
False,Extend14,int,64,手帖,50,True,True,False,checkbox,False,False,,,,,,,,,,,True,,,,,,,V_APS_MOPlanStep2V10,9018,,,,管理员,2026-04-28 20:05:41,46380
False,DeliveryDate,datetime,65,订单交期,80,True,False,False,datebox,False,False,,,,,,,,,,,True,,,,,,,V_APS_Report55,19324,,,,范龙生,2026-04-24 15:13:33,46326
False,MacPasteDate,datetime,65,机贴日期,80,True,False,False,datebox,False,False,,,,,,,,,,,True,,,,,,,V_APS_Report54,19323,,,,范龙生,2026-04-23 18:36:25,46083
False,ERPEndDate,datetime,65,计划完工,110,True,False,False,datebox,False,False,,,,,,,,,,,True,,,,,,,V_APS_OrderPlanChange,7970,,,,范龙生,2026-05-12 12:27:11,47105
False,Extend3,nvarchar,65,下步处理对策,120,True,True,False,combobox,False,False,True,,,,,,,,,,True,处理方式,,,,,,V_APS_PrepareView6,7788,,,,管理员,2026-03-02 08:33:45,41953
False,Extend3,nvarchar,65,下步处理对策,100,True,True,False,combobox,False,False,True,,,,,,,,,,True,处理方式,,,,,,V_APS_MaterialOrg,25481,,,,温广燕,2026-01-23 18:52:21,41864
False,Remark1,nvarchar,65,备注,300,True,False,False,textbox,False,False,,,,True,,,,,,,True,,,,,,,V_APS_SalesOutStock,24409,,,,范龙生,2026-04-15 15:56:26,41535
False,Extend4,nvarchar,65,工单状态,80,True,False,False,textbox,False,False,,,,True,,,,,,custom,True,,,,,,,V_APS_OrderBOMNoIssueQty,5121,,,,江科,2025-10-21 19:58:25,34648
False,WorkOrderTypeName,nvarchar,66,生产类型,120,True,False,False,textbox,False,False,,,,,,,,,,custom,True,,,,,,,V_APS_OrderBOMNoIssueQty,5121,,,,江科,2025-10-21 19:58:43,34649
False,ProductionStatusDate,datetime,66,生产交期,80,True,False,False,textbox,False,False,,,,,,,,,,,True,,,,,,,V_APS_Report54,19323,,,,管理员,2026-04-24 11:46:28,41233
False,DeliveryDate,datetime,67,订单交期,80,True,False,False,datebox,False,False,,,,,,,,,,,True,,,,,,,V_APS_Report54,19323,,,,管理员,2026-04-24 11:46:28,41153
False,HandleCompletionDate,datetime,67,处理完成日期,110,True,True,False,datebox,False,False,True,,,,,,,,,,True,,,,,,,V_APS_MaterialOrg,25481,,,,温广燕,2026-01-23 18:25:24,41866
False,HandleCompletionDate,datetime,67,处理完成日期,120,True,True,False,datebox,False,False,True,,,True,,,,,,,True,,,,,,,V_APS_PrepareView6,7788,,,,管理员,2026-03-02 08:34:29,41955
False,ModifiedByName,nvarchar,68,修改姓名,100,True,False,False,,False,False,,,,,,,,,,,True,,,,,,,V_APS_PrepareView6,7788,,,,温广燕,2026-01-26 16:32:57,41957
False,ModifiedByName,nvarchar,68,修改姓名,100,True,False,False,,True,False,,,,,,,,,,,True,,,,,,,V_APS_MaterialOrg,25481,,,,温广燕,2026-01-26 15:21:23,41884
False,ModifyedOn,datetime,69,修改日期,100,True,False,False,,True,False,,,,,,,,,,,True,,,,,,,V_APS_MaterialOrg,25481,,,,温广燕,2026-01-26 15:21:23,41885
False,ModifyedOn,datetime,69,修改日期,100,True,False,False,,False,False,,,,,,,,,,,True,,,,,,,V_APS_PrepareView6,7788,,,,温广燕,2026-01-26 16:32:57,41958
False,DataType,varchar,70,类型,50,True,False,True,textbox,False,False,,,,,,,,,,,True,,,,,,,V_APS_ProcessPlanHistoryForWeek2,28636,,,,廖尚华,2026-06-04 15:27:54,45839
False,DataType,varchar,70,类型,50,True,False,True,textbox,False,False,,倒序,,,,,,,,,True,,,,,,,V_APS_ProcessPlanHistoryForWeek,28634,,,,管理员,2026-04-21 09:57:27,45741
False,OrderDate,datetime,70,下单时间,80,True,False,False,datebox,False,False,,,,,,,,,,,True,,,,,,,V_APS_Report55,19324,,,,范龙生,2026-04-24 15:13:33,46325
False,SyncDatetime,datetime,70,运算时间,110,True,False,False,datebox,False,False,,,,,,,,,,,True,,,,,,,V_APS_Report3,7841,,,,温广燕,2026-05-07 15:07:38,46375
False,OrderDate,datetime,70,下单日期,80,True,False,False,datebox,False,False,,,,,,,,,,,True,,,,,,,V_APS_Report54,19323,,,,管理员,2026-04-27 16:43:34,46226
False,MaterialName,nvarchar,70,物料名称,80,True,False,False,textbox,False,False,False,,,True,模糊匹配,,,,,custom,True,,,,,,,V_APS_Proofing,9023,,,,江科,2025-09-09 09:18:48,19003
False,CreatedByName,nvarchar,70,操作人,100,True,False,False,textbox,False,False,,,,,,,,,,custom,True,,,,,,,V_APS_OrderPlanChange,7970,,,,范龙生,2026-05-12 12:27:11,21397
False,IsSample,varchar,71,样品,50,True,False,False,textbox,False,False,,,,,,,,,,,True,,,,,,,V_APS_MOPlanStep2V10,9018,,,,管理员,2026-04-28 20:04:02,41765
False,Remark1,nvarchar,72,备注,200,True,True,False,,False,False,,,,,,,,,,,True,,,,,,,V_APS_MOPlanStep2V10,9018,,,,廖尚华,2026-05-12 10:37:53,47079
False,PCB,varchar,72,PCB板,100,True,False,False,textbox,False,False,,,,,,,,,,,True,,,,,,,V_APS_MOPlanStep2V10,9018,,,,廖尚华,2026-05-20 09:05:59,47477
False,StencilNO,varchar,73,钢网,100,True,False,False,textbox,False,False,,,,,,,,,,,True,,,,,,,V_APS_MOPlanStep2V10,9018,,,,廖尚华,2026-05-20 09:05:16,47478
False,AfterExecution,varchar,73,完成后执行,100,True,True,False,textbox,False,False,,,,,,,,,,,True,,,,,,,Dev_Dictionary,33,,,,陈坤和,2026-04-13 19:43:26,44422
False,TotalCountRank,bigint,73,总超订数量排名,80,True,False,False,numberbox,False,False,,升序,,,,,,,,,True,,,,,,,V_APS_MaterialOrg,25481,,,,温广燕,2026-01-27 13:52:18,42181
False,OnOrderQty,decimal,75,已承诺,80,True,False,False,numberbox,False,False,,,,,,,,,,,True,,,,,,,V_APS_OrderBOMProgress,5162,,,,system,2025-12-29 16:44:50,39990
False,ChangeReason,nvarchar,75,改期原因,130,True,True,False,textbox,False,False,,,,True,,,,,,,True,,,,,,,V_APS_OrderPlanChange,7970,,,,范龙生,2026-05-12 12:27:11,21385
False,BeforeUpdate,varchar,75,保存前事件,100,True,True,False,textbox,False,False,True,,,False,,,,,,,True,,,,,,,Dev_Dictionary,33,,,,管理员,2026-04-24 10:54:56,336
False,CustomerName,nvarchar,75,客户,200,True,False,False,textbox,False,False,,,,,,,,,,,True,,,,,,,V_APS_Report55,19324,,,,范龙生,2026-04-24 15:14:42,46320
False,ErrorType,varchar,77,缺失类型,100,True,False,False,textbox,False,False,,,,,,,,,,,True,,,,,,,V_APS_ProcessMaterialPartError,28601,,,,范龙生,2026-03-19 17:26:34,44521
False,Price,decimal,77,单价,80,True,True,False,numberbox,False,False,True,,,,,,{0:G0},查看金额,,custom,True,,,,,,,V_APS_SchedulingPre,5072,,,,管理员,2026-01-27 23:30:06,6500
False,Extend3,nvarchar,77,异常类型,80,True,False,False,textbox,False,False,,,,,,,,,,,True,,,,,,,V_APS_Report10,7833,,,,管理员,2026-04-14 09:29:08,26728
False,Extend5,nvarchar,78,不达成原因,100,True,False,False,textbox,False,False,,,,,,,,,,,True,,,,,,,V_APS_Report10,7833,,,,管理员,2026-04-14 09:29:08,26729
False,ProcessGroupID,varchar,78,返工工艺,150,True,True,False,combobox,False,False,True,,,,,,,,,,True,返工工艺,,,,,,V_APS_OrderRework,17254,,,,温广燕,2026-03-10 13:19:15,24181
False,IsContinueCapacity,int,78,沿用标准产能,80,True,True,False,checkbox,False,False,True,,,,,,,,,,True,,,,,,,V_APS_OrderRework,17254,,,,温广燕,2026-03-10 13:19:15,36971
False,ReplyDate,nvarchar,78,最迟交期,110,True,False,False,datebox,False,False,,,,,,,,,,,True,,,,,,,V_APS_SalesOrderDetail_JDY,27538,,,,廖尚华,2026-06-03 17:35:54,48198
False,IsLackCapacity,varchar,79,产能缺失,100,True,False,False,textbox,False,False,,,,,,,,,,,True,,,,,,,V_APS_OrderRework,17254,,,,吴鑫鹏,2025-10-22 10:04:51,37003
False,AfterUpdate,varchar,79,保存后事件,100,True,True,False,textarea,False,False,True,,,False,,,,,,,True,,,,,,,Dev_Dictionary,33,,,,管理员,2026-04-24 10:54:56,337
False,ItemCode,varchar,80,物料编码,150,True,True,False,textbox,False,False,True,,,,,,,,,custom,True,,,,,,,V_APS_SchedulingMachinePre,5064,,,,江科,2025-09-28 10:11:51,6253
False,CommitedQty,decimal,80,已订购,80,True,False,False,numberbox,False,False,,,,,,,,,,,True,,,,,,,V_APS_OrderBOMProgress,5162,,,,system,2025-12-29 11:31:41,39979
False,CapacityDataSource,nvarchar,80,产能类型,80,True,False,False,textbox,False,False,,,,True,,,,,,,True,,,,,,,V_APS_PrepareView3,7791,,,,管理员,2026-04-24 18:02:36,46372
False,AbnormalType,nvarchar,80,异常类型,100,True,True,False,combobox,False,False,,,,,,,,,,,True,异常分类,,,,,,V_APS_OrderPlanChange,7970,,,,范龙生,2026-05-12 12:35:24,47113
False,CustomerName,nvarchar,80,客户名称,100,True,False,False,textbox,False,False,,,,True,,,,,,,True,,,,,,,V_APS_Report38,11151,,,,范龙生,2026-04-29 17:42:51,46845
False,WorkFlowInstanceID,varchar,81,班次ID,100,True,True,False,textbox,False,False,True,,,,,,,,,,True,,,,,,,Dev_Dictionary,33,,,,管理员,2026-04-24 10:47:50,344
False,IsCusSupplied,int,82,客供料,80,True,False,False,combobox,False,False,,,,True,,,,,,,True,0和1,,,,,,V_APS_MaterialMaintain,10110,,,,管理员,2026-04-24 09:16:13,46071
False,DutyUnit,nvarchar,85,责任部门,80,True,True,False,combobox,False,False,,,,,,,,,,,True,责任部门,,,,,,V_APS_OrderPlanChange,7970,,,,范龙生,2026-05-12 12:37:10,47115
False,AvailableQty,decimal,85,可用的,80,True,False,False,numberbox,False,False,,,,,,,,,,,True,,,,,,,V_APS_OrderBOMProgress,5162,,,,system,2025-12-29 11:31:41,39978
False,TaxPrice,decimal,86,含税单价,80,True,False,False,numberbox,False,False,,,,,,,,查看金额,,custom,True,,,,,,,V_APS_BusinessOrderDetailReport,10109,,,,管理员,2026-01-27 23:30:06,20996
False,TaxPriceAmount,decimal,88,价税合计,80,True,False,False,numberbox,False,False,,,,,,,,查看金额,,custom,True,,,,,,,V_APS_BusinessOrderDetailReport,10109,,,,管理员,2026-01-27 23:30:06,21025
False,IsPlan,varchar,88,计划预排,100,True,False,False,textbox,False,False,,,,,,,,,,,True,,,,,,,V_APS_ProcessMaterialPartError,28601,,,,陈坤和,2026-04-30 10:09:46,46869
False,MESProcessGroupName,nvarchar,90,MES工艺,300,True,False,False,numberbox,False,False,,,,True,,,,,,,True,,,,,,,V_APS_Report38,11151,,,,管理员,2026-05-05 18:00:56,46846
False,CreatedByName,nvarchar,90,创建人,70,True,False,False,,False,False,,,,,,,,,,,True,,,,,,,V_APS_Report44,19334,,,,管理员,2026-01-23 16:14:48,30645
False,WidthScale,varchar,90,宽度比例,150,True,True,False,textbox,False,False,True,,,False,,,,,,,True,,,,,,,Dev_Dictionary,33,,,,管理员,2026-04-24 10:54:56,5177
False,OpenQty,decimal,90,未清数量,80,True,False,False,numberbox,False,False,,,,,,,,,,,True,,,,,,,V_APS_OrderBOMProgress,5162,,,,system,2025-12-29 11:31:41,39981
False,SubstituteCode,varchar,91,备选物料,100,True,False,False,textbox,False,False,,,,,,,,,,,True,,,,,,,V_APS_OrderBOMProgress,5162,,,,system,2025-12-30 14:29:13,40008
False,WareHouseCode,varchar,95,仓库编码,80,True,False,False,textbox,False,False,,,,,,,,,,,True,,,,,,,V_APS_OrderBOMProgress,5162,,,,system,2025-12-29 11:31:41,39977
False,NoSchedulingWeek,bit,95,挂起,50,True,False,False,checkbox,False,False,,,,,,,,,,,True,,,,,,,V_APS_ProcessPlanHistoryForMonth,28633,,,,管理员,2026-04-21 08:40:41,45789
False,DataSource,nvarchar,96,单别,100,True,False,False,textbox,False,False,,,,,,,,,,,True,,,,,,,V_APS_OrderBOMProgress,5162,,,,system,2026-02-05 16:55:22,42635
False,OrderType,nvarchar,96,类型,50,True,False,False,textbox,False,False,,,,True,,,,,,,True,,,,,,,V_APS_OrderBOMProgress,5162,,,,system,2026-02-05 16:55:22,42631
False,ERPStatus,nvarchar,97,ERP状态,80,True,False,False,textbox,False,False,,,,,,,,,,,True,,,,,,,V_APS_OrderBOMProgress,5162,,,,system,2026-02-05 16:55:22,42632
False,OrderDate,datetime,100,下单时间,110,True,False,True,datebox,False,False,,,,,,,{0:yyyy-MM-dd},,,,True,,,,,,,V_APS_SalesOrderDetailDelivery,26509,,,,江科,2025-11-06 10:02:39,36896
False,MenuCode,varchar,100,菜单编码,100,True,False,False,textbox,False,True,,,,,精确匹配,,,,,,True,,,,,,,V_APS_Report51,19326,,,,吴鑫鹏,2025-09-17 15:20:55,34363
False,Status,int,100,状态,80,True,True,False,combobox,True,False,True,,,,,选择项1,,,,custom,True,数据状态,,,,,,V_Dev_Account,3007,,,,管理员,2026-01-21 09:50:08,3849
False,Remark1,nvarchar,100,效率系数,90,True,True,False,numberbox,False,False,False,,,False,,,,,,custom,True,,,,,,,V_APS_ProcessMaterial,15,False,,,范龙生,2026-04-14 17:33:26,134
False,CreatedOn,datetime,100,创建时间,150,True,False,False,datebox,False,False,,,,True,,,,,,,True,,,,,,,V_APS_Report44,19334,,,,温广燕,2026-05-18 18:02:37,30648
False,OrderDate,datetime,100,下单日期,80,True,False,False,datebox,False,False,,,False,False,,,,,,,True,,,,,,,V_APS_Report50,19328,,,,江科,2025-10-27 15:31:35,31387
False,SyncDatetime,datetime,100,同步时间,110,True,False,False,datebox,False,False,,,,,,,,,,,True,,,,,,,Dev_Dictionary,33,,,,管理员,2026-04-24 10:54:56,33458
False,BTToltalPoints,int,100,SMT点数,80,True,False,False,numberbox,False,False,,,,,,,,,,,True,,,,,,,V_APS_ProcessMaterial,15,,,,范龙生,2026-04-01 15:50:37,44911
False,ProcessGroupName,nvarchar,100,工艺,350,True,False,False,textbox,False,False,,,,True,,,,,,,True,,,,,,,V_APS_ProcessPlanHistoryForMonth,28633,,,,管理员,2026-04-21 08:40:20,45790
False,IsSetDayPlan,varchar,100,是否在滚动日计划,100,True,False,False,textbox,False,False,,,,,,,,,,,True,,,,,,,V_APS_MOPlanStep1V2,7961,,,,范龙生,2026-05-11 19:24:01,47075
False,Status,int,102,状态,60,True,True,False,combobox,False,False,True,,,False,,选择项1,,,,custom,True,数据状态,,,,,,APS_WorkingTimes,86,False,,,管理员,2025-11-19 08:16:31,1364
False,PlanStartDate,datetime,102,APS开工期,110,True,False,False,datebox,False,False,,,,,,,,,,,True,,,,,,,V_APS_Order,49,,,,温广燕,2026-01-21 15:47:45,41556
False,PCDeliveryDate,datetime,106,要求开工,50,True,False,False,datebox,False,False,,,,,,,{0:MM-dd},,,,True,,,,,,,V_APS_MOPlanStep4V12,9020,,,,system,2026-05-11 16:43:29,47058
False,SuggestedStartDate,datetime,111,建议开工,50,True,False,False,datebox,False,False,,,,,,,{0:MM-dd},,,,True,,,,,,,V_APS_MOPlanStep4V12,9020,,,,system,2026-05-11 16:43:29,47063
False,SyncDatetime,datetime,128,同步日期,500,True,False,False,datebox,False,False,,,,,,,,,,,True,,,,,,,V_APS_OrderForm,15199,,,,江老师,2026-03-03 13:29:55,40717
False,StatusName,nvarchar,150,APS状态,80,True,False,False,textbox,False,False,True,,,False,,,,,,,True,,,,,,,V_APS_Order,49,,,,管理员,2026-01-21 14:26:12,661
False,ModifiedByName,nvarchar,150,修改姓名,250,True,False,False,,False,False,False,,,,,,,,,custom,True,,,,,,,V_Dev_Account,3007,,,,江科,2025-09-27 14:25:29,3845
False,SplitQty,decimal,152,拆单时数量,80,True,False,False,numberbox,False,False,,,,,,,,,,,True,,,,,,,V_APS_OrderSplitLog,16234,,,,吴鑫鹏,2025-10-29 14:50:12,37958
False,OrderBomOrderDetailID,varchar,153,来源工单,100,True,False,False,textbox,False,False,,,,,,,,,,,True,,,,,,,V_APS_OrderSplitLog,16234,,,,吴鑫鹏,2025-10-29 14:50:04,37959
False,ICreatedByName,nvarchar,190,创建人,100,True,False,False,textbox,False,False,,,,,,,,,,,True,,,,,,,V_APS_SalesOrderDetailDelivery,26509,,,,江科,2025-11-06 09:57:55,36889
False,ModifiedByName,nvarchar,200,修改姓名,60,True,False,False,textbox,False,False,,,,,,,,,,custom,True,,,,,,,APS_InterfaceSAP,9030,,,,廖尚华,2026-01-28 11:39:39,39103
False,ProcessID,varchar,200,ID,150,True,False,False,textbox,False,True,False,,False,False,精确匹配,,,,,,True,工序,,,,False,,V_APS_Process,1182,False,,,廖尚华,2026-05-26 08:29:08,3136
False,FormUrl,varchar,200,表单URL,150,True,True,False,textbox,False,False,True,,,False,,,,,,,True,,,,,,,Dev_Dictionary,33,,,,管理员,2026-04-24 10:54:56,5179
False,ChildDictionaryID,int,200,子表ID,80,True,True,False,numberbox,False,False,True,,,False,,,,,,,True,,,,,,,Dev_Dictionary,33,,,,管理员,2026-04-24 10:54:56,5174
False,ChildPrimaryKey,varchar,200,子表关联字段,150,True,True,False,textbox,False,False,True,,,False,,,,,,,True,,,,,,,Dev_Dictionary,33,,,,管理员,2026-04-24 10:54:56,5175
False,DictPrimaryKey,varchar,200,主表关联字段,150,True,True,False,textbox,False,False,True,,,False,,,,,,,True,,,,,,,Dev_Dictionary,33,,,,管理员,2026-04-24 10:54:56,5176
False,DeleteForInsertCondition,varchar,200,添加前先清除的条件,150,True,True,False,textbox,False,False,True,,,False,,,,,,,True,,,,,,,Dev_Dictionary,33,False,,,管理员,2026-04-24 10:54:56,6054
False,TreeField,varchar,200,树形字段,160,True,True,False,textbox,False,False,True,,,False,,,,,,,True,,,,,,,Dev_Dictionary,33,,,,管理员,2026-04-24 10:54:56,580
False,ParentField,varchar,200,上级字段,160,True,True,False,textbox,False,False,True,,,False,,,,,,,True,,,,,,,Dev_Dictionary,33,,,,管理员,2026-04-24 10:54:56,581
False,ObjectKeyfield,varchar,200,树形主键,100,True,True,False,textbox,False,False,True,,,False,,,,,,,True,,,,,,,Dev_Dictionary,33,,,,管理员,2026-04-24 10:54:56,622
False,Condition,varchar,200,查询条件,80,True,True,False,textarea,False,False,True,,,False,,,,,,,True,,,,,,,Dev_Dictionary,33,,,,管理员,2026-04-24 10:54:56,719
False,MenuCode,varchar,200,菜单编码,100,True,True,False,combobox,False,False,True,,,False,,,,,,,True,菜单,,,,,,Dev_Dictionary,33,,,,管理员,2026-04-24 10:54:56,999
False,GridOption,varchar,200,grid的其他配置,225,True,True,False,textarea,False,False,True,,,False,,,,,,,True,,,,,,,Dev_Dictionary,33,,,,管理员,2026-04-24 10:54:56,1497
False,ForeignKey,varchar,200,"外键，多个按,分割",150,True,True,False,textbox,False,False,True,,False,False,,,,,,,True,,,,,,,Dev_Dictionary,33,False,,,管理员,2026-04-24 10:54:56,9535
False,AfterDelete,varchar,200,删除后执行,300,True,True,False,textbox,False,False,True,,False,False,,,,,,,True,,,,,False,,Dev_Dictionary,33,False,,,管理员,2026-04-24 10:54:56,10948
False,DeleteCondition,varchar,200,删除的条件,300,True,True,False,textbox,False,False,True,,False,False,,,,,,,True,,,,,False,,Dev_Dictionary,33,False,,,管理员,2026-04-24 10:54:56,10949
False,BeforeDelete,varchar,200,删除前执行,300,True,True,False,textbox,False,False,True,,False,False,,,,,,,True,,,,,False,,Dev_Dictionary,33,False,,,管理员,2026-04-24 10:54:56,10950
False,VisitDatetime,datetime,200,页面访问时间,110,True,False,False,datebox,False,False,,,,,,,,,,,True,,,,,,,Dev_Dictionary,33,,,,管理员,2026-04-24 10:54:56,33461
False,DataSource,nvarchar,200,APS类型,90,True,False,False,textbox,False,False,,,,False,,,,,,,True,,,,,,,V_APS_Order,49,,,,管理员,2026-04-21 16:52:27,26900
False,ModifiedByName,nvarchar,200,修改姓名,100,True,False,False,,False,False,,,,,,,,,,,True,,,,,,,V_APS_MOPlanStep2V10,9018,,,,廖尚华,2026-05-17 19:34:54,23244
False,ModifyedOn,datetime,200,修改日期,100,True,False,False,,False,False,,,,,,,,,,,True,,,,,,,V_APS_MOPlanStep2V10,9018,,,,廖尚华,2026-05-17 19:34:54,23246
False,ProcessGroupName,nvarchar,200,工艺,90,True,False,False,textbox,False,False,False,,,,,,,,,,True,,,,,,,V_APS_Order,49,,,,管理员,2026-04-21 17:22:16,19093
False,ModifiedByName,nvarchar,200,修改人,70,True,False,False,,False,False,,,,,,,,,,,True,,,,,,,V_APS_MOPlanStep2V1,7943,,,,system,2026-03-31 16:50:16,44828
False,Remark1,nvarchar,200,结果,50,True,False,False,,False,False,,,,True,,,,,,,True,,,,,,,APS_ProcessPartMaterialImport,28596,,,,范龙生,2026-03-16 11:27:36,44222
False,Remark2,nvarchar,200,错误解析,120,True,False,False,,False,False,,,,True,,,,,,,True,,,,,,,APS_ProcessPartMaterialImport,28596,,,,范龙生,2026-03-16 11:27:36,44223
False,CreatedOn,datetime,200,创建日期,100,True,False,False,,False,False,,,,,,,,,,,True,,,,,,,V_APS_ProcessPartMaterial,28593,,,,廖尚华,2026-05-13 16:52:37,44190
False,CreatedByName,nvarchar,200,创建人,100,True,False,False,,False,False,,,,,,,,,,,True,,,,,,,V_APS_ProcessPartMaterial,28593,,,,范龙生,2026-05-18 14:59:57,44187
False,Extend5,nvarchar,200,工单备注,90,True,False,False,textbox,False,False,,,,,,,,,,,True,,,,,,,V_APS_MOPlanStep2V10,9018,,,,管理员,2026-04-28 20:26:43,42754
False,OrganizeID,int,200,所属组织,300,True,False,False,numberbox,False,False,,,,,,,,,,,True,,,,,,,V_APS_SalesOrderDetailDeliver3Total,27540,,,,温广燕,2026-03-13 13:20:22,43802
False,ModifyedOn,datetime,201,修改日期,150,True,False,False,,False,False,,,,,,,,,,,True,,,,,,,V_APS_MOPlanStep2V1,7943,,,,system,2026-03-31 16:50:16,44800
False,ModifyedOn,datetime,220,维护时间,140,True,False,False,datebox,False,False,,,,,,,,,,,True,,,,,,,APS_ProcessPartMaterialImport,28596,,,,江老师,2026-03-17 14:36:42,44220
False,OrderDate,datetime,300,下单时间,60,True,False,False,datebox,False,False,,,,,,,{0:MM-dd},,,,True,,,,,,,V_APS_MOPlanStep2V1,7943,,,,system,2026-03-31 16:50:16,44842
False,LastCalcTime1,datetime,300,最新计算时间,150,True,False,False,datebox,False,False,,,,,,,,,,,True,,,,,,,V_APS_MaterialForecastForm,28598,,,,管理员,2026-04-13 11:37:10,44938
False,LastCalcUser1,nvarchar,300,最新计算人,90,True,False,False,textbox,False,False,,,,,,,,,,,True,,,,,,,V_APS_MaterialForecastForm,28598,,,,管理员,2026-04-13 11:37:10,44939
False,LastCalcTime2,datetime,300,上次计算时间,150,True,False,False,datebox,False,False,,,,,,,,,,,True,,,,,,,V_APS_MaterialForecastForm,28598,,,,管理员,2026-04-13 11:37:10,44940
False,LastCalcUser2,nvarchar,300,上次计算人,90,True,False,False,textbox,False,False,,,,,,,,,,,True,,,,,,,V_APS_MaterialForecastForm,28598,,,,管理员,2026-04-13 11:37:10,44941
False,SourceOrderNo,varchar,300,销售单,70,True,False,False,textbox,False,False,,,False,True,,,,,,,True,,,,,,,V_APS_MOPlanStep2V10,9018,,,,廖尚华,2026-05-13 08:09:49,42750
False,ModifiedBy,varchar,300,修改账号,100,True,False,False,,False,False,False,,False,False,,,,,,custom,True,,,,,,,V_APS_Report17,7843,False,,,廖尚华,2026-05-22 11:41:40,14957
False,ModifiedByName,nvarchar,300,修改姓名,100,True,False,False,,False,False,False,,False,False,,,,,,custom,True,,,,,,,V_APS_Report17,7843,False,,,廖尚华,2026-05-22 11:41:40,14958
False,OrderDate,datetime,300,下单时间,60,True,False,False,datebox,False,False,,,,,,,{0:MM-dd},,,,True,,,,,,,V_APS_MOPlanStep1V9,9014,,,,吴鑫鹏,2025-09-27 10:25:07,24952
False,CreatedByName,nvarchar,300,创建人,70,True,False,False,textbox,False,False,False,,,False,,,,,,custom,True,,,,,,,V_APS_ProcessMaterial,15,,,,江老师,2026-03-06 08:11:13,128
False,ModifiedByName,nvarchar,301,更新人,70,True,False,False,textbox,False,False,False,,,,,,,,,custom,True,,,,,,,V_APS_ProcessMaterial,15,,,,江老师,2026-03-06 08:11:13,130
False,CreatedOn,datetime,302,创建日期,120,True,False,False,datebox,False,False,False,,,False,,,{0:yyyy-MM-dd},,,custom,True,,,,,,,V_APS_ProcessMaterial,15,,,,江老师,2026-03-06 08:11:13,131
False,ModifyedOn,datetime,303,更新时间,120,True,False,False,datebox,False,False,False,,,False,,,{0:yyyy-MM-dd},,,,True,,,,,,,V_APS_ProcessMaterial,15,False,,,江老师,2026-03-06 08:11:13,132
False,Remark1,nvarchar,340,规则,60,True,False,False,,False,False,,,,,,,,,,custom,True,,,,,,,APS_DeliveryData,8993,,,,廖尚华,2026-02-03 13:26:01,25251
False,ModifiedByName,nvarchar,383,修改姓名,90,True,False,False,textbox,False,False,False,,,,,,,,,,True,,,,,,,Dev_Dictionary,33,,,,管理员,2026-04-24 10:47:50,341
False,ModifyedOn,datetime,385,修改日期,120,True,False,False,datebox,False,False,True,,,False,,,,,,,True,,,,,,,Dev_Dictionary,33,,,,管理员,2026-04-24 10:47:50,343
False,CreatedOn,datetime,467,创建日期,120,True,False,False,datebox,False,False,True,,,,,,,,,custom,True,,,,,,,Dev_Position,39,,,,温广燕,2026-01-12 15:27:37,425
False,ModifyedOn,datetime,468,修改日期,120,True,False,False,datebox,False,False,True,,,,,,,,,custom,True,,,,,,,Dev_Position,39,,,,温广燕,2026-01-12 15:27:37,426
False,ProcessGroupName,nvarchar,500,工艺,60,True,False,False,textbox,False,False,,,,True,模糊匹配,,,,,custom,True,,,,,,,V_APS_MaterialMaintain,10110,,,,廖尚华,2026-06-04 20:30:33,21572
