字段名称,数据类型,显示顺序,栏位名称,表或者视图名称,ID
OrderDate,datetime,-6,下单时间,V_APS_OrderBOMNoIssueQty,34651
LineName,nvarchar,-5,线体,V_APS_DayPlanForActive,12262
ProcessGroupName,nvarchar,-5,MES工艺,V_APS_MOPlanStep4V11,18757
YearMonth,varchar,-5,月份,V_APS_Report54,41239
LineName,nvarchar,-5,线体,V_APS_ProcessPlanHistoryForWeek,45763
LineName,nvarchar,-5,线体,V_APS_ProcessPlanHistoryForWeek2,45840
LineName,nvarchar,-5,线体,V_APS_OrderForPrepare2,47798
DefaultLineID,int,-4,生产线,V_APS_MOPlanStep4V11,46479
SourceOrderNo,varchar,-4,销售单,V_APS_OrderForPrepare2,47808
OrderNo,varchar,-3,生产单,V_APS_OrderForPrepare2,25944
LineID,bigint,-2,生产线,V_APS_MOPlanStep1V2,35941
PCDeliveryDate,datetime,-2,要求开工,V_APS_MOPlanStep4V11,46493
StartDate,datetime,-2,计划开始,V_APS_OrderForPrepare2,47773
ErrorType,nvarchar,-2,错误类型,V_APS_OrderWarning,43673
LevelPath,varchar,-1,层级,V_APS_MaterialBOM,39957
ViewSort,int,-1,顺序,V_APS_MOPlanStep1V2,35940
MinStartDate,datetime,-1,最早需求,V_APS_PrepareView2,29220
SourceOrderNo,varchar,-1,销售订单,V_APS_OrderForToDo,25833
OrganizeID,int,-1,生产线,APS_Machine,1384
OrderBOMCount,int,-1,工单组件,V_APS_OrderWarning,43676
T,int,-1,T+,V_APS_Report32,43018
EndDate,datetime,-1,结束日期,V_APS_OrderForPrepare2,47774
RowNum,bigint,-1,顺序,V_APS_Report44,47402
SystemViewSort,int,0,顺序,V_APS_ProcessPlanHistoryForWeek2,47768
YearMonth,varchar,0,月份,V_APS_PrepareView3,46341
PlanStartDate,datetime,0,要求齐料日期,V_APS_MaterialForecast,46018
YearMonth,varchar,0,月份,V_APS_Report55,46319
RowNum,bigint,0,No,V_APS_Report17,45609
LineID,bigint,0,生产线,V_APS_MOPlanStep2V1,44809
SystemViewSort,int,0,顺序,V_APS_MOPlanStep1V9,45124
RowNum,bigint,0,顺序,V_APS_Report1,45345
SlpName,nvarchar,0,采购员,V_APS_Report3,41880
LineID,bigint,0,生产线,V_APS_MOPlanStep1V9,44758
Extend10,nvarchar,0,属性,V_APS_MaterialBalancePlan,38487
SupplierGroup,nvarchar,0,分组,Dev_Supplier,39232
OrderDate,datetime,0,单据日期,V_APS_SalesOutStock,41542
Code,nvarchar,0,产品编码,V_APS_ProcessMaterial,1683
Code,varchar,0,产品编号,V_APS_Report20,26009
WorkShopName,nvarchar,0,车间,V_APS_OrganizeWorkingPlan,26616
PlanDay,datetime,0,排产日期,V_APS_Report10,23816
LineName,nvarchar,0,产线,V_APS_MOPlanStep4,13807
MasterCode,varchar,0,产品编码,V_APS_MaterialBOM,30008
OrderDate,datetime,0,下单日期,V_APS_OrderInfo,27521
OrderNo,varchar,0,工单号,V_APS_MOPlanStep1V2,35944
LineName,nvarchar,0,生产线,V_APS_MOPlanStep4V9,36031
SplitDate,datetime,0,拆单时间,V_APS_OrderSplitLog,36226
ParentCode,varchar,0,上级编码,V_APS_Report51,34369
OrderDate,datetime,0,下单时间,V_APS_SalesOrderDeliveryReplyInfo,35241
PlanStartDate,datetime,0,日期,V_APS_OrderForFormRate3,29044
Remark1,nvarchar,0,排名,V_APS_PrepareView11,29565
CreatedOn,datetime,0,单据日期,V_APS_Report49,31298
OrderYearMonth,nvarchar,0,月份,V_APS_SalesOrderDetailDelivery,37166
RoleName,nvarchar,0,角色名,V_Dev_AccountRole,19174
CustomerGroup,nvarchar,0,分组,V_Dev_Customer,21155
OrderDate,datetime,0,下单日期,V_APS_OrderRework,24108
CreatedOn,datetime,0,记录日期,V_APS_OrderPlanChange,21400
ObjectID,nvarchar,0,页面ID,Dev_ColorConfig,21830
OrganizeID,int,0,所属组织,V_Dev_Account,3837
CreatedOn,datetime,0,过账日期,V_APS_OrderPicking,3950
StartDate,datetime,0,计划日期,V_APS_OrderPlanMaterialForm,9089
CreatedOn,datetime,0,导入时间,V_APS_ProcessMaterialError,7662
isChecked,bit,0,,V_APS_ProcessPositionMap,41380
ButtonRow,varchar,0,操作,V_APS_Report44,41780
PositionAttribute,nvarchar,0,属性,Dev_Position,40771
OrganizeName,nvarchar,0,组织,V_APS_MaterialBalancePlan,38521
OrganizeName,nvarchar,0,组织,V_APS_SalesPlanMaterial,39069
OrderType,varchar,0,订单类型,V_APS_SalesPlanMaterial,39084
Priority,int,0,序号,V_PWS_ProcessMaterial,44507
Code,varchar,0,物料编码,V_APS_ProcessPartMaterial,44198
Code,varchar,0,物料编码,APS_ProcessPartMaterialImport,44227
Code,varchar,0,物料编码,V_APS_ProcessPartMaterial2,44252
MaterialBOMCount,int,0,物料BOM,V_APS_OrderWarning,43677
Code,varchar,0,物料编码,APS_ProcessPartMaterial,44159
MaterialType,nvarchar,0,物料组,V_APS_MaterialOrg,41858
T,int,0,T+,V_APS_Report21,42999
SalesOrderNo,varchar,0,销售订单,V_APS_Report32,43009
CalculationResult,nvarchar,0,结论,V_APS_Report33,43047
CalculationResult,nvarchar,0,结论,V_APS_PrepareView26,42733
ViewSort,int,0,顺序,V_APS_Report36,45117
DeliveryYM,nvarchar,0,月份,V_APS_Report47,46239
RouteNameAlIS,nvarchar,0,制程名称,V_APS_OrderForPrepare2,47809
StartDate,datetime,0,计划开始,V_APS_ProcessPlanHistoryForWeek3,48218
OrderDate,datetime,0,单据日期,V_APS_Report38,46832
ViewSort,int,1,序号,V_APS_MOPlanStep2V1,44808
OrganizeID,int,1,线别,V_Dev_PositionExamRecord,42856
TotalPriceRank,bigint,1,排名,V_APS_PrepareView6,42185
ProductionDate,datetime,1,生产日期,V_APS_ProductionReportMt,42427
Year,varchar,1,年份,V_APS_SalesOrderDetailPlanLine,44090
YearMonth,nvarchar,1,月份,V_APS_SchedulingForERP,43814
YearMonth,nvarchar,1,月份,V_APS_SchedulingOutByOrder,43819
YearMonth,varchar,1,月份,V_APS_SalesOrderDetailDeliverFreeze,44032
Code,varchar,1,物料编码,V_APS_MaterialForecastBom,44416
ViewSort,int,1,插单,V_APS_MOPlanStep1V9,44757
ViewSort,int,1,顺序,V_APS_MaterialForecastForm,44731
DepartmentName,nvarchar,1,组织名称,V_APS_UserOnlineCount,38398
SupplierType,nvarchar,1,类别,Dev_Supplier,39231
ApplyDate,datetime,1,申请日期,APS_ProductCheck_JDY,39335
Workshop,nvarchar,1,车间,APS_ToolingRegister_JDY,39803
CreatedOn,datetime,1,创建时间,V_APS_ManualForecastDetail,39815
MaterialName,nvarchar,1,物料名称,V_APS_ProcessMaterial,40738
ObjectName,varchar,1,对象名称,Dev_Dictionary,332
DataSourceID,varchar,1,数据源,Dev_DataSource,566
LineName,nvarchar,1,产线,V_APS_Report10,23827
WorkShopName,nvarchar,1,车间,V_APS_OrganizeWorkingTimesDetail,25141
SourceOrderNo,varchar,1,销售订单,V_APS_PrepareView4,14160
SourceOrderNo,varchar,1,销售单,V_APS_Report17,14968
PlanDay,datetime,1,排产日期,V_APS_Report19,36612
Code,varchar,1,物料编码,V_APS_PrepareView26,30198
OweDay,datetime,1,要求齐料,V_APS_OrderPlanMaterialFormByItem1,28583
PlanStartDate,datetime,1,要求齐料,V_APS_Report1,27694
ProcessName,nvarchar,1,工序,V_APS_MOPlanStep1V2,35949
ProcessName,nvarchar,1,工序,V_APS_MOPlanStep4V9,35999
OrderDate,datetime,1,下单时间,V_APS_Orderfinish,36113
OrganizeName,nvarchar,1,组织名称,V_Dev_OrganizeProcess,35072
DocNo,varchar,1,单据编号,V_APS_Report49,35530
ProcessName,nvarchar,1,工序,V_ProcessOrganizeMap,34453
ButtonMenuMapID,int,1,按钮关系ID,V_APS_Report58,33749
DeliveryDate,datetime,1,订单交期,V_APS_Report21,28388
SourceOrderNo,varchar,1,销售订单,V_APS_OrderInfo,27567
ERPEndDate,datetime,1,日期,V_APS_PrepareView10,29147
ERPEndDate,datetime,1,日期,V_APS_PrepareView8,29148
ERPEndDate,datetime,1,日期,V_APS_PrepareView9,29149
MaterialType,nvarchar,1,类型,V_APS_MaterialLadderLossConfig,36324
MaterialProp,nvarchar,1,属性,V_APS_MaterialLadderLossRelated,36426
OrganizeID,int,1,组织ID,APS_MaterialLadderLossConfig,36283
OrganizeID,int,1,组织ID,APS_MaterialLadderLossRelated,36304
S1,decimal,1,排产数,V_APS_Report48,37191
ID,bigint,1,ID,APS_ManualForecastDetail,37921
CustomerName,nvarchar,1,客户,V_APS_SalesOrderDeliveryReplyInfo,36833
ProductOrganizeName,nvarchar,1,生产组织,V_APS_SalesOrderDetailDelivery,36998
OrganizeID,int,1,组织ID,APS_MaterialBalanceHistory,37961
OrganizeID,int,1,组织ID,APS_MaterialBalanceTotalHistory,37988
ID,bigint,1,ID,APS_ProcessMaterialHistory,38009
ERPEndYearMonth,nvarchar,1,月份,V_APS_OrderAchievedRate,37865
ID,bigint,1,ID,APS_OrganizeDemandOrder,38176
AllUnIssuedQty,decimal,1,需求汇总,V_APS_MaterialBalanceHistoryReason,38054
LineName,nvarchar,1,生产线,V_APS_PrepareView11,38139
Code,varchar,1,物料编码,V_APS_PrepareView25,14481
Name,nvarchar,1,姓名,V_Dev_AccountRole,19146
ParentCode,varchar,1,上级编码,V_APS_MaterialBOM,21123
ProductionDate,datetime,1,报工日期,V_APS_Report29,24304
OrderNo,varchar,1,生产单号,V_APS_OrderForm,25303
LastOweDate,datetime,1,最早缺料,V_APS_DeliveryData2,26646
Code,varchar,1,货品编码,V_APS_OrderForPrepare2,25939
DataSource,nvarchar,1,数据来源,V_APS_Report35,26153
AttendanceDate,datetime,1,日期,V_APS_LineAttendanceDetail,21617
RoleID,varchar,1,代码,Dev_Role,582
PositionName,nvarchar,1,岗位名称,Dev_Position,419
ProcessPriority,int,1,顺序,V_APS_ProcessGroupInfo,3260
ProcessGroupID,varchar,1,工艺编码,APS_ProcessGroup,3012
OrderNo,varchar,1,生产单号,V_APS_OrderProcess,6552
ProcessPriceID,bigint,1,,PWS_ProcessPrice,6971
OrderNo,varchar,1,生产单号,V_APS_OrderPlanMaterialForm,9071
DocNo,varchar,1,发料单号,V_APS_OrderPicking,10312
PositionAttribute,nvarchar,1,属性,V_Dev_Position,40885
OrganizeID,int,1,组织ID,Dev_PositionAccountMap,40798
PositionName,nvarchar,1,子岗位,V_Dev_PositionAccountMap,41070
ProcessName,nvarchar,1,工序名称,V_APS_ProcessPositionMap,41377
YearMonth,varchar,1,月份,V_APS_Report41,41470
StatusLabel,varchar,1,状态,V_APS_Report44,41779
MaterialType,nvarchar,1,分类,V_APS_SalesOrderBom,41751
MachineID,varchar,1,设备,V_APS_AssessmentMachine,41701
OrganizeID,bigint,1,组织ID,APS_AssessmentHR,41573
OrganizeID,bigint,1,组织,V_APS_AssessmentHR,41636
ID,int,1,ID,APS_AssessmentMachine,41593
OrganizeID,bigint,1,组织ID,APS_AssessmentResources,41614
OrganizeID,int,1,组织ID,APS_ProcessPosition,40779
OrganizeID,int,1,组织ID,Dev_PositionLevelMap,40824
ID,int,1,ID,APS_QualityAbnormalityCase,40558
ID,int,1,ID,APS_NewProductTrial,40523
CustomerType,nvarchar,1,类别,V_Dev_Customer,39228
EID,bigint,1,明细ID,APS_InterfaceSAPInput,39122
FName,varchar,1,字段,APS_InterfaceSAPInput,39124
EID,bigint,1,EID,APS_InterfaceSAPOutput,39150
FName,varchar,1,字段名称,APS_InterfaceSAPOutputField,39174
SourceOrderNo,varchar,1,销售订单,V_APS_MOPlanStep1V10,38357
CreatedOn,date,1,日期,V_PWS_WageTrendReport,38383
OrderNO,varchar,1,来源订单,V_APS_SalesPlanMaterial,39067
MaterialType,nvarchar,1,分类,V_APS_MaterialBalancePlan,38532
DemandDateF,nvarchar,1,日期,V_APS_OrderPlanMaterialFormListForBoardSum,38857
MaterialName,nvarchar,1,物料描述,V_APS_ProcessPartMaterial2,44423
OrganizeID,int,1,组织ID,APS_MaterialForecastForm,44306
OrganizeID,int,1,组织ID,APS_MaterialForecastBom,44283
AttendanceDate,datetime,1,出勤日期,V_APS_SalesOrderDetailDeliver3Total,43801
MissingMaterials,nvarchar,1,不在BOM的物料,V_APS_OrderWarning,43675
CustomerName,nvarchar,1,客户名称(工单),V_APS_PrepareView1,43713
ID,bigint,1,ID,MES_RouteReport,44046
YearMonth,varchar,1,年月,V_APS_OrderForCheck,44037
Code,varchar,1,产品编码,V_MES_RouteReport,44069
Name1,nvarchar,1,日期,V_APS_MaterialBalanceByType,42377
SupplierType,nvarchar,1,类别,V_APS_PrepareView17,42327
Name1,nvarchar,1,日期,V_APS_PrepareView16,42347
MaterialType,nvarchar,1,分类,V_APS_Report45,42268
Extend10,nvarchar,1,属性,V_APS_MaterialOrg,41794
ParentID,int,1,岗位名称,V_Dev_PositionDetail,42837
OrganizeID,int,1,生产线,V_Dev_AccountEmployee,42809
OrganizeID,int,1,线别,Dev_PositionExamRecord,42774
RankNo,bigint,1,排名,V_APS_PrepareView15,42539
ImportResult,nvarchar,1,导入结果,V_APS_ProcessMaterialError,42561
DocDate,datetime,1,时间,V_WMS_ArrivalGoods,42614
CustomerName,nvarchar,1,客户,V_APS_CustomerByMonthlySummary,42636
CustomerName,nvarchar,1,客户,V_APS_CustomerByQuarterSummary,42640
Extend1,nvarchar,1,工种,V_APS_LineAttendance,43612
PCDeliveryDate,datetime,1,要求开工,V_APS_MOPlanStep1V2,44942
MasterCode,varchar,1,产品编码,V_APS_Report36,45102
DeliveryDate,datetime,1,订单交期,V_APS_Report47,46240
YearMonth,varchar,1,月份,V_APS_Report18,46518
YearMonth,varchar,1,月份,V_APS_PrepareView20,46526
ProductionDate,datetime,1,生产日期,V_APS_Report26,46681
SourceOrderNo,varchar,1,销售订单,V_APS_Report38,46839
ID,bigint,1,ID,MES_OrderRouteReport,46901
RemarkSalesOrderInfo,nvarchar,1,群组,V_APS_Report14,47373
ProductionDate,datetime,1,生产日期,V_APS_PrepareView5,47436
DefaultLineID,int,1,生产线,V_APS_MOPlanStep5,47284
DeliveryDate,datetime,1,生产交期,V_APS_MOPlanStep2V10,47122
ProductionDate,datetime,1,生产日期,V_APS_OrderForPrepare3,47890
ForeCastNo,varchar,1,预测单号,V_APS_OrderForPrepare,47741
Remark1,nvarchar,2,MC备注,V_APS_Report1,45343
Name,nvarchar,2,姓名,V_Dev_PositionExamRecord,42884
MaterialType,nvarchar,2,物料组,V_APS_PrepareView6,41947
LineName,nvarchar,2,产线,V_APS_ProductionReportMt,42421
OrganizeName,nvarchar,2,生产线,V_APS_SchedulingOutByOrder,43821
CustomerID,bigint,2,客户,V_APS_SalesOrderDetailDeliverFreeze,43848
Code,varchar,2,产品编码,V_APS_MaterialForecast,44334
MasterCode,varchar,2,产品编码,V_APS_MaterialForecastForm,44407
MaterialName,nvarchar,2,物料名称,V_APS_MaterialForecastBom,44732
CreatedByName,nvarchar,2,姓名,V_APS_UserOnlineCount,38399
CheckType,nvarchar,2,检验类型,APS_ProductCheck_JDY,39337
ForeCastNo,varchar,2,预测单号,V_APS_ManualForecastDetail,39823
ToolingCode,varchar,2,工装编号,APS_ToolingRegister_JDY,39800
ViewSort,int,2,顺序,V_APS_ProcessMaterial,39551
PCDeliveryDate,datetime,2,要求开工,V_APS_MOPlanStep1V12,41769
OrganizeName,nvarchar,2,拉线,V_APS_OrganizeWorkingTimesDetail,10126
Code,varchar,2,物料编码,V_APS_MaterialBOM,4604
OrganizeName,nvarchar,2,所属组织,V_APS_SchedulingForERP,2071
Code,varchar,2,物料编码,Dev_Supplier,3654
TabelName,varchar,2,表名称,Dev_Dictionary,334
MaterialName,nvarchar,2,物料名称,V_APS_SchedulingSpecial,21466
SourceOrderNo,varchar,2,生产批号,V_APS_Report10,23740
OrganizeName,nvarchar,2,产线,V_APS_OrganizeWorkingPlan,26614
SuplierCode,varchar,2,供应商代码,APS_DeliveryDataByName,26269
CustomerName,nvarchar,2,客户名称,V_APS_SalesOrderDetailPlanLine,21238
OrderNo,varchar,2,生产单号,V_APS_PrepareView4,14159
OrderNo,varchar,2,工单号,V_APS_Report17,14945
WorkShopName,nvarchar,2,车间,V_APS_Report19,36622
OrderNo,varchar,2,生产单号,V_APS_OrderSplitLog,28768
MaterialType,nvarchar,2,分类,V_APS_OrderPlanMaterialFormByItem1,28610
OrderDate,datetime,2,下单时间,V_APS_Report21,28382
OrderNo,varchar,2,生产单号,V_APS_OrderInfo,27520
MaterialName,nvarchar,2,物料名称,V_APS_PrepareView26,30199
SystemViewSort,int,2,系统排序,V_APS_MOPlanStep4V9,36087
OrderNo,varchar,2,生产单号,V_APS_Orderfinish,36114
MenuCode,varchar,2,菜单,V_APS_Report58,33750
OrderNo,varchar,2,生产单号,V_APS_SalesOrderDeliveryReplyInfo,35242
ProcessValues,nvarchar,2,适用工序,V_Dev_OrganizeProcess,35113
FreezeDate,datetime,2,封存日期,WMS_StockAll,29396
ERPEndDate,date,2,计划完工,V_APS_Report53,31827
SuplierCode,varchar,2,供方代码,V_APS_WeekDeliveryDataDetail,28548
MaterialType,nvarchar,2,分类,V_APS_MaterialLadderLossRelated,36368
StartNumber,int,2,起始数量,V_APS_MaterialLadderLossConfig,36325
OrganizeName,nvarchar,2,组织,APS_MaterialLadderLossRelated,36305
OrganizeName,nvarchar,2,组织,APS_MaterialLadderLossConfig,36284
CreatedBy,varchar,2,创建账号,APS_ManualForecastDetail,37922
S2,decimal,2,报工数,V_APS_Report48,37192
SourceOrderNo,varchar,2,销售订单,V_APS_SalesOrderDetailDelivery,37132
PlanQty,decimal,2,计划数,V_APS_PrepareView11,38118
Extend2,varchar,2,单据状态,V_APS_ProcessMaterialHistory,38109
AllOnload,decimal,2,在途汇总,V_APS_MaterialBalanceHistoryReason,38055
CreatedBy,varchar,2,创建账号,APS_OrganizeDemandOrder,38177
Code,varchar,2,物料编码,V_APS_MaterialBalanceHistory,38044
Extend15,nvarchar,2,生产组织,V_APS_OrderAchievedRate,37287
ProcessMaterial,varchar,2,配置ID,APS_ProcessMaterialHistory,38010
OrganizeName,nvarchar,2,组织,APS_MaterialBalanceTotalHistory,37989
OrganizeName,nvarchar,2,组织,APS_MaterialBalanceHistory,37962
CustomerCode,varchar,2,代码,V_Dev_Customer,21135
Account,varchar,2,账号,V_Dev_AccountRole,19143
MaterialName,nvarchar,2,机种名称,V_APS_OrderForPrepare2,25940
Code,varchar,2,物料编码,V_APS_OrderForm,25304
LineName,nvarchar,2,产线,V_APS_Report29,24300
OrganizeName,nvarchar,2,所属组织,V_APS_LineAttendanceDetail,21631
DataType,varchar,2,数据类型,V_DictionaryField,726
ProcessName,nvarchar,2,工序,V_APS_ProcessGroupInfo,3273
Price,decimal,2,单价,Wages_Incentive,3331
Pwd,varchar,2,密码,V_Dev_Account,3832
OrganizeID,int,2,公司,APS_Holiday,2482
ProcessGroupName,nvarchar,2,工艺,APS_ProcessGroup,3056
ProcessGroupName,nvarchar,2,工艺,V_APS_ProcessGroup,3057
ProcessGroupName,nvarchar,2,工艺,V_APS_Material,7360
CreatedBy,varchar,2,导入人,V_APS_ProcessMaterialError,7658
Code,varchar,2,物料编码,V_APS_OrderPlanMaterialForm,9063
ResourcesName,nvarchar,2,资源名称,V_APS_AssessmentResources,41704
OrganizeName,nvarchar,2,组织,APS_AssessmentHR,41574
OrganizeName,nvarchar,2,组织,APS_AssessmentResources,41615
OrganizeID,bigint,2,组织ID,APS_AssessmentMachine,41594
OrderNo,varchar,2,生产单号,V_APS_Report41,41474
PositionName,nvarchar,2,岗位名称,V_Dev_Position,40867
OrganizeName,nvarchar,2,组织,Dev_PositionAccountMap,40799
OrganizeID,int,2,组织ID,APS_NewProductTrial,40524
OrganizeID,int,2,组织ID,APS_QualityAbnormalityCase,40559
OrganizeName,nvarchar,2,组织,Dev_PositionLevelMap,40825
OrganizeName,nvarchar,2,组织,APS_ProcessPosition,40780
BatchNO,nvarchar,2,询单编号,V_APS_Report44,39298
FNameCaption,nvarchar,2,字段描述,APS_InterfaceSAPInput,39125
SyncDatetime,datetime,2,同步日期,V_APS_Report35,38302
CreatedByName,nvarchar,2,姓名,V_PWS_WageTrendReport,38385
OrderDate,datetime,2,下单时间,V_APS_MOPlanStep1V10,38347
Extend14,nvarchar,2,物料分组,V_APS_MaterialBalancePlan,38533
LineNum,int,2,来源行号,V_APS_SalesPlanMaterial,39068
Spec,nvarchar,2,规格型号,V_APS_ProcessPartMaterial2,44260
OrganizeName,nvarchar,2,组织,APS_MaterialForecastForm,44307
OrganizeName,nvarchar,2,组织,APS_MaterialForecastBom,44284
SalesCustomerName,nvarchar,2,客户名称(销售),V_APS_PrepareView1,43798
OrganizeName,nvarchar,2,生产线,V_APS_SalesOrderDetailDeliver3Total,43803
CustomerName,nvarchar,2,客户名称,V_APS_OrderForCheck,44039
MaterialID,bigint,2,料品ID,MES_RouteReport,44047
S1,decimal,2,超订汇总,V_APS_MaterialBalanceByType,42378
SupplierGroup,nvarchar,2,分组,V_APS_PrepareView17,42326
Extend10,nvarchar,2,属性,V_APS_Report45,42269
SuplierCode,varchar,2,供应商代码,APS_DeliveryRule,42272
E2,decimal,2,呆滞数量,V_APS_PrepareView15,42092
Code,varchar,2,物料编码,V_APS_MaterialOrg,41795
LevelName,nvarchar,2,岗位等级,V_Dev_PositionAccountMap,42928
Name,nvarchar,2,姓名,V_APS_LineAttendance,43611
DocNo,varchar,2,发料单号,V_WMS_ArrivalGoods,42615
Name,nvarchar,2,姓名,Dev_PositionExamRecord,42802
Name,nvarchar,2,姓名,V_Dev_AccountEmployee,42806
PositionName,nvarchar,2,子岗位名称,V_Dev_PositionDetail,42836
MasterMaterialName,nvarchar,2,产品名称,V_APS_Report36,45103
Code,varchar,2,物料编码,V_APS_Report37,45106
LineName,nvarchar,2,生产组,V_APS_Report26,46682
ProcessPartName,nvarchar,2,类型,V_APS_PrepareView20,46527
Extend13,int,2,委外,V_APS_MOPlanStep4V11,46497
ProcessPartName,varchar,2,类型,V_APS_Report18,46519
OrderNo,varchar,2,工单号,V_APS_Report14,45864
MaterialType,nvarchar,2,分类,V_APS_OrderForPrepare,47725
LineName,nvarchar,2,生产线别,V_APS_OrderForPrepare3,47897
OrderNo,varchar,2,生产单号,V_APS_PrepareView5,47439
OrderID,bigint,2,工单ID,MES_OrderRouteReport,46902
SuggestedStartDate,datetime,2,建议开工,V_APS_MOPlanStep1V2,46678
OrderNo,varchar,3,生产单号,V_APS_MOPlanStep2V1,44813
NoWorkHours,bit,3,忽略,V_APS_MOPlanStep4,45354
LineName,nvarchar,3,生产线别,V_APS_ProcessStaffMatrix,42521
OrderNo,varchar,3,生产单号,V_APS_PrepareView1,43388
PositionName,nvarchar,3,岗位,V_Dev_PositionExamRecord,42885
Code,varchar,3,物料编码,V_APS_PrepareView6,41941
OrderNo,varchar,3,生产单,V_APS_ProductionReportMt,42425
Code,varchar,3,产品编码,V_APS_SalesOrderDetailDeliverFreeze,44029
OrderNo,varchar,3,生产单号,V_APS_OrderWarning,43665
Remark1,nvarchar,3,类型,V_APS_SchedulingOutByOrder,43827
Qty,decimal,3,数量,V_APS_MaterialForecast,44335
Spec,nvarchar,3,规格型号,V_APS_MaterialForecastBom,44733
MasterMaterialName,nvarchar,3,产品名称,V_APS_MaterialForecastForm,44723
LineName,nvarchar,3,线别,APS_ProductCheck_JDY,39344
Code,varchar,3,物料编码,APS_ProductAgingCondition_JDY,39771
ToolingName,nvarchar,3,工装名称,APS_ToolingRegister_JDY,39801
CustomerID,bigint,3,客户,V_APS_ManualForecastDetail,39841
ProcessPartName,nvarchar,3,工段,V_APS_ProcessMaterial,40702
WorkingDate,datetime,3,工作日期,V_APS_OrganizeWorkingTimesDetail,1505
SupplierName,nvarchar,3,供应商名称,Dev_Supplier,3458
FieldIndex,int,3,顺序,V_DictionaryField,750
DictionaryID,int,3,ID,Dev_Dictionary,331
LineID,bigint,3,生产线,V_APS_MOPlanStep1V10,22406
Code,varchar,3,产品编码,V_APS_SalesOrderDetailPlanLine,21234
OrderNo,varchar,3,工单号,V_APS_Report10,23720
OrderNo,varchar,3,生产单号,V_APS_MOPlanStep1V9,24951
ItemCode,varchar,3,物料编码,APS_DeliveryDataByName,26265
Code,varchar,3,成品料号,V_APS_PrepareView5,20840
ProductCode,varchar,3,产品编码,V_APS_Report17,14940
Code,varchar,3,物料编码,V_APS_PrepareView4,14161
LineName,nvarchar,3,生产线,V_APS_Report19,36624
OrderNo,varchar,3,工单号,V_APS_Report1,28498
Code,varchar,3,物料编码,V_APS_OrderInfo,27638
Extend10,nvarchar,3,属性,V_APS_SalesOrderBom,35216
ManagerCode,varchar,3,负责人,V_Dev_OrganizeProcess,35087
ProcessName,nvarchar,3,工序,V_APS_SchedulingSpecial,33743
Code,nvarchar,3,物料编码,V_APS_Report44,34695
ProcessName,nvarchar,3,工序,V_APS_MaterialForSpecial,34194
SourceOrderNo,varchar,3,销售订单,V_APS_MOPlanStep4V9,36041
SuplierName,nvarchar,3,供应商名称,V_APS_WeekDeliveryDataDetail,28547
EndNumber,int,3,上限数量,V_APS_MaterialLadderLossConfig,36326
MaterialGroup,nvarchar,3,物料分组,V_APS_MaterialLadderLossRelated,36369
GroupID,int,3,群组ID,APS_MaterialLadderLossConfig,36285
GroupID,int,3,群组ID,APS_MaterialLadderLossRelated,36306
SourceOrderLineNo,varchar,3,行号,V_APS_SalesOrderDetailDelivery,37155
CreatedByName,nvarchar,3,创建姓名,APS_ManualForecastDetail,37923
LineNum,varchar,3,行号,V_APS_SalesOrderDeliveryReplyInfo,36832
GroupID,int,3,群组ID,APS_MaterialBalanceHistory,37963
GroupID,int,3,群组ID,APS_MaterialBalanceTotalHistory,37990
MaterialID,bigint,3,料品ID,APS_ProcessMaterialHistory,38011
total,int,3,工单总数,V_APS_OrderAchievedRate,37288
CreatedByName,nvarchar,3,创建姓名,APS_OrganizeDemandOrder,38178
StockQtyAll,decimal,3,库存汇总,V_APS_MaterialBalanceHistoryReason,38056
HasQty,decimal,3,报工数,V_APS_PrepareView11,38119
MaterialName,nvarchar,3,物料名称,V_APS_PrepareView25,14480
NoSchedulingWeek,bit,3,挂起,V_APS_MOPlanStep4V11,19095
CustomerName,nvarchar,3,名称,V_Dev_Customer,21136
OrderNo,varchar,3,工单号,V_APS_OrderForPrepare3,17451
Code,varchar,3,物料编码,V_APS_DeliveryData2,26641
MaterialName,nvarchar,3,物料名称,V_APS_OrderForm,25305
OrderNo,varchar,3,生产单号,V_APS_Report29,24295
MachineName,nvarchar,3,机台名称,APS_Machine,1381
MaterialName,nvarchar,3,物料名称,V_APS_MaterialBOM,3237
IsScheduling,bit,3,排产,V_APS_ProcessGroupInfo,3255
MaterialName,nvarchar,3,物料名称,V_APS_OrderPlanMaterialForm,9065
ProcessName,nvarchar,3,工序,V_APS_ProcessScheduling,11520
Code,varchar,3,产品编码,V_APS_OrderForCheck,5908
GroupID,int,3,群组ID,APS_ProcessPosition,40781
GroupID,int,3,群组ID,Dev_PositionLevelMap,40826
OrganizeName,nvarchar,3,组织,APS_QualityAbnormalityCase,40560
OrganizeName,nvarchar,3,组织,APS_NewProductTrial,40525
GroupID,int,3,群组ID,Dev_PositionAccountMap,40800
Code,varchar,3,物料编码,V_APS_Report41,41475
ProcessName,nvarchar,3,岗位(工序)名称,V_APS_ProcessPosition,41347
OrganizeName,nvarchar,3,组织,APS_AssessmentMachine,41595
GroupID,int,3,群组ID,APS_AssessmentResources,41616
GroupID,int,3,群组ID,APS_AssessmentHR,41575
FName,varchar,3,字段,APS_InterfaceSAPInputParameter,39198
FNameCaption,nvarchar,3,字段描述,APS_InterfaceSAPOutputField,39175
Code,varchar,3,物料编码,V_APS_OrderPlanMaterialFormListForBoardSum,38854
SyncRate,int,3,同步频率,V_APS_Report35,38303
MenuAddress,varchar,3,功能菜单,V_PWS_WageTrendReport,38388
GroupID,int,3,群组ID,APS_MaterialForecastForm,44308
GroupID,int,3,群组ID,APS_MaterialForecastBom,44285
TotalWorkTimesRegular,decimal,3,正式工工时,V_APS_SchedulingForERP,43816
Name,nvarchar,3,姓名,V_APS_LineAttendanceDetail,43654
TotalPeoples,int,3,总人数,V_APS_SalesOrderDetailDeliver3Total,43804
Code,varchar,3,产品编码,MES_RouteReport,44048
RuleType,nvarchar,3,规则类型,APS_DeliveryRule,42273
SuplierCode,varchar,3,供应商代码,V_APS_PrepareView17,42299
MaterialCode,varchar,3,物料编码,V_APS_Report45,42266
MaterialName,nvarchar,3,物料名称,V_APS_MaterialOrg,41796
EditRow,int,3,操作,V_Dev_PositionDetail,42918
ParentPositionName,nvarchar,3,岗位大类,V_Dev_PositionAccountMap,42927
StatusName,nvarchar,3,状态,V_APS_LineAttendance,43613
Code,nvarchar,3,物料编码,V_APS_ProcessMaterialError,42541
LineNum,nvarchar,3,行号,V_WMS_ArrivalGoods,42617
Extend1,varchar,3,工种,V_Dev_AccountEmployee,42831
PositionID,int,3,岗位,Dev_PositionExamRecord,42791
Spec,nvarchar,3,物料规格,V_APS_PrepareView26,42728
MaterialName,nvarchar,3,名称,V_APS_Report37,45107
LevelPath,varchar,3,层级,V_APS_Report36,45095
ExpectTime,int,3,需求总工时,V_APS_Report18,46520
Extend14,int,3,手帖,V_APS_MOPlanStep4V11,46498
ExpectTime,int,3,计划需求工时,V_APS_PrepareView20,46528
MaterialID,bigint,3,物料ID,MES_OrderRouteReport,46903
OrderNo,varchar,3,工单号,V_MES_OrderRouteReport,46927
DeliveryDate,datetime,3,生产交期,V_APS_MOPlanStep1V12,47118
OrderNO,varchar,3,工单号,V_APS_MOPlanStep5,47286
Qty,decimal,3,订单数,V_APS_OrderForPrepare2,47804
Extend10,nvarchar,3,属性,V_APS_OrderForPrepare,47595
OrderNo,varchar,3,生产单,V_APS_ProcessPlanHistoryForWeek3,48214
IsLock,bit,4,锁定,V_APS_MOPlanStep4,46879
Code,varchar,4,物料编码,V_APS_MOPlanStep2V1,44815
SourceOrderNo,varchar,4,销售单,V_APS_ProcessPlanHistoryForWeek2,45853
Code,varchar,4,物料编码,V_APS_PrepareView1,43412
LevelName,nvarchar,4,申请等级,V_Dev_PositionExamRecord,42875
MaterialName,nvarchar,4,物料名称,V_APS_PrepareView6,41939
Spec,nvarchar,4,规格,V_APS_PrepareView6,41940
Code,varchar,4,物料编码,V_APS_ProductionReportMt,42399
FrocastQty,decimal,4,本月预测数量,V_APS_SalesOrderDetailDeliverFreeze,44030
Code,varchar,4,物料编码,V_APS_OrderWarning,43667
MasterSpec,nvarchar,4,产品规格,V_APS_MaterialForecastForm,44724
DayCount,int,4,访问次数,V_APS_UserOnlineCount,38401
WeekdayName,nvarchar,4,星期,V_APS_OrganizeWorkingTimesDetail,39221
Code,varchar,4,物料编码,V_APS_ManualForecastDetail,39842
ServiceLife,int,4,工装寿命,APS_ToolingRegister_JDY,39806
SalesOrderNo,varchar,4,销售订单,V_APS_Report54,41179
TotalPeoples,int,4,组织人数,V_Dev_Organize,5664
Comment,nvarchar,4,栏位名称,V_DictionaryField,725
MaterialName,nvarchar,4,产品描述,V_APS_SalesOrderDetailPlanLine,21229
OrderNo,varchar,4,工单号,V_APS_MOPlanStep4V11,18734
Code,varchar,4,物料编码,V_APS_Report1,14896
ProductName,nvarchar,4,产品描述,V_APS_Report17,14941
MaterialName,nvarchar,4,物料描述,V_APS_PrepareView4,13682
OrderNo,varchar,4,生产单号,V_APS_Report19,36615
MaterialName,nvarchar,4,物料名称,V_APS_OrderInfo,27637
Spec,nvarchar,4,规格,V_APS_MaterialBOM,29936
ViewSort,int,4,序号,V_APS_MOPlanStep1V10,36098
OrderNo,varchar,4,生产单号,V_APS_MOPlanStep4V9,35994
Code,varchar,4,物料编码,V_APS_MOPlanStep1V2,35946
MainLine,int,4,主线,V_APS_MaterialForSpecial,34195
MainLine,int,4,主线,V_APS_ProcessScheduling,34222
MaterialName,nvarchar,4,物料名称,V_APS_Report44,34694
MainLine,int,4,主线,V_APS_SchedulingSpecial,33744
MenuName,nvarchar,4,关联菜单,Dev_Dictionary,33463
MaterialName,nvarchar,4,物料名称,V_APS_Report45,34725
Code,varchar,4,物料编码,V_APS_SalesOrderDeliveryReplyInfo,35246
ItemCode,varchar,4,物料编码,V_APS_WeekDeliveryDataDetail,28550
RelatedType,nvarchar,4,对应类别(损耗配置),V_APS_MaterialLadderLossRelated,36370
LossProportion,decimal,4,阶梯损耗值,V_APS_MaterialLadderLossConfig,36327
GroupName,nvarchar,4,群组,APS_MaterialLadderLossRelated,36307
GroupName,nvarchar,4,群组,APS_MaterialLadderLossConfig,36286
OrderNo,varchar,4,生产单号,V_APS_SalesOrderDetailDelivery,36944
ModifiedBy,varchar,4,修改账号,APS_ManualForecastDetail,37924
PlanQtyReachM,decimal,4,达成率,V_APS_PrepareView11,38144
Code,varchar,4,物料编码,V_APS_ProcessMaterialHistory,38105
LineNum2,int,4,拆单行号,V_APS_OrderSplitLog,37362
RemainQty,decimal,4,超需求数,V_APS_MaterialBalanceHistoryReason,38057
ModifiedBy,varchar,4,修改账号,APS_OrganizeDemandOrder,38179
UnkownCount,int,4,未到期待结案数,V_APS_OrderAchievedRate,37289
total,int,4,工单总数,V_APS_Report53,37285
Code,varchar,4,产品编号,V_APS_OrderForPrepare3,37916
GroupName,nvarchar,4,群组,APS_MaterialBalanceTotalHistory,37991
GroupName,nvarchar,4,群组,APS_MaterialBalanceHistory,37964
MaterialName,nvarchar,4,成品描述,V_APS_PrepareView5,13686
Status,int,4,状态,Dev_ColorConfig,21819
JudgeFieldName,nvarchar,4,描述,Dev_ColorConfig,21831
Code,varchar,4,物料编码,V_APS_Report29,24299
Spec,nvarchar,4,物料描述,V_APS_OrderForm,25306
PlanStartDate,datetime,4,要求料齐,V_APS_MOPlanStep1V12,25102
Tel,varchar,4,简称,Dev_Supplier,3460
MaterialName,nvarchar,4,产品描述,V_APS_OrderForCheck,5909
FixDay,int,4,提前期,V_APS_ProcessGroupInfo,6586
ProcessName,nvarchar,4,工序名称,V_APS_OrderProcess,6535
UnitPrice,numeric,4,,R_InventoryValueDetail,10062
Spec,nvarchar,4,规格,V_APS_OrderPlanMaterialForm,9064
GroupName,nvarchar,4,群组,Dev_PositionAccountMap,40801
LevelID,int,4,等级代码,V_APS_ProcessPosition,41348
MaterialName,nvarchar,4,物料名称,V_APS_Report41,41476
GroupName,nvarchar,4,群组,APS_AssessmentHR,41576
GroupName,nvarchar,4,群组,APS_AssessmentResources,41617
GroupID,int,4,群组ID,APS_AssessmentMachine,41596
Status,int,4,状态,APS_NewProductTrial,40526
Status,int,4,状态,APS_QualityAbnormalityCase,40561
GroupName,nvarchar,4,群组,Dev_PositionLevelMap,40827
GroupName,nvarchar,4,群组,APS_ProcessPosition,40782
APSTableName,varchar,4,正式表B,APS_InterfaceSAPOutput,39155
MenuName,nvarchar,4,菜单,V_APS_Report35,38305
SysID,varchar,4,系统ID,V_PWS_WageTrendReport,38387
MaterialName,nvarchar,4,物料名称,V_APS_OrderPlanMaterialFormListForBoardSum,38855
Code,varchar,4,物料编码,V_WMS_ArrivalGoods,38902
MasterCode,varchar,4,产品编码,V_APS_SalesPlanMaterial,39070
GroupName,nvarchar,4,群组,APS_MaterialForecastBom,44286
GroupName,nvarchar,4,群组,APS_MaterialForecastForm,44309
Qty,decimal,4,工单数,V_APS_MaterialForecastBom,44370
Remark1,nvarchar,4,工种,V_APS_LineAttendanceDetail,43679
TotalAttendancePeoples,int,4,出勤人数,V_APS_SalesOrderDetailDeliver3Total,43805
TotalWorkTimesTemp,decimal,4,小时工工时,V_APS_SchedulingForERP,43817
RouteNameAlIS,nvarchar,4,制程名称,V_MES_RouteReport,44120
OrganizeID,bigint,4,组织ID,MES_RouteReport,44049
SupplierName,nvarchar,4,供应商名称,V_APS_PrepareView17,42322
TotalPrice,decimal,4,呆滞金额(元),V_APS_PrepareView15,42186
Spec,nvarchar,4,规格,V_APS_MaterialOrg,41797
ParamsLabel,varchar,4,状态,V_Dev_AccountEmployee,42932
ProcessNames,nvarchar,4,关联工序,V_Dev_PositionDetail,42917
MaterialType,nvarchar,4,属性,V_APS_Report33,43043
WorkTimeMorning,decimal,4,上午时长,V_APS_LineAttendance,43625
MaterialType,nvarchar,4,属性,V_APS_PrepareView26,42729
LevelName,nvarchar,4,申请等级,Dev_PositionExamRecord,42793
Spec,nvarchar,4,物料规格,V_APS_PrepareView25,42650
ViewSort,int,4,顺序,V_APS_ProcessMaterialError,42542
SourceOrderNo,varchar,4,销售单,V_APS_ProcessPlanHistoryForWeek,45810
Spec,nvarchar,4,规格,V_APS_Report37,45108
ParentCode,varchar,4,上级编码,V_APS_Report36,45110
ScheduleDays,int,4,排班天数,V_APS_PrepareView20,46529
ReportQty,decimal,4,MES报工,V_APS_Report26,46683
ScheduleDays,int,4,排班天数,V_APS_Report18,46521
RouteName,nvarchar,4,制程名称,V_MES_OrderRouteReport,46949
OrderNo,varchar,4,工单号,MES_OrderRouteReport,46904
LineNum,varchar,4,行号,V_APS_MOPlanStep5,47287
ProductCode,varchar,4,产品编码,V_APS_ProcessPlanHistoryForWeek3,48217
Code,varchar,4,物料编码,V_APS_OrderForPrepare,47723
SidedType,varchar,4,面型,V_APS_Report24,47540
PlanQty,decimal,4,排产数,V_APS_OrderForPrepare2,47799
SystemViewSort,int,5,顺序,V_APS_MOPlanStep4V12,47053
PCProductionStatusDate,datetime,5,计划交期,V_APS_PrepareView3,46340
PCProductionStatusDate,datetime,5,计划交期,V_APS_Report55,46318
MaterialName,nvarchar,5,物料名称,V_APS_MOPlanStep2V1,44816
TotalBomCount,int,5,物料总数,V_APS_MaterialForecast,45262
OrderNo,varchar,5,生产单,V_APS_ProcessPlanHistoryForWeek2,45841
OrderNo,varchar,5,生产单,V_APS_ProcessPlanHistoryForWeek,45764
Name,nvarchar,5,姓名,V_APS_ProcessStaffMatrix,42518
MaterialName,nvarchar,5,物料描述,V_APS_PrepareView1,43414
Code,nvarchar,5,物料编码,V_Dev_PositionExamRecord,42876
UnIssuedQty3,decimal,5,销售需求,V_APS_PrepareView6,41915
CreatedOn,datetime,5,单据日期,V_APS_POSummary,42217
MaterialName,nvarchar,5,物料描述,V_APS_ProductionReportMt,42443
Name,nvarchar,5,员工姓名,V_APS_SchedulingOutByOrder,43826
YearMonth,nvarchar,5,月份,V_APS_LineAttendanceDetailByMonth,44010
MaterialName,nvarchar,5,物料描述,V_APS_OrderWarning,43668
Qty,decimal,5,数量,V_APS_MaterialForecastForm,44393
MaterialType,nvarchar,5,物料组,V_APS_ProcessMaterialPartError,44474
Code,varchar,5,物料编码,V_APS_MaterialBalancePlan,38520
ProCheckNo,varchar,5,记录编号,APS_ProductCheck_JDY,39336
IssueCount,int,5,领用次数,APS_ToolingRegister_JDY,39809
MaterialName,nvarchar,5,机型,APS_ProductAgingCondition_JDY,39772
SalesOrderNo,varchar,5,订单编号,APS_SalesOrder_JDY,39347
PONO,varchar,5,交货单号,V_APS_SalesOutStock,41520
StartTime,varchar,5,开始时间,V_APS_OrganizeWorkingTimesDetail,11320
OrderDate,datetime,5,下单时间,V_APS_SalesOrderDetailALL,12390
ManagerCode,varchar,5,负责人,V_Dev_Organize,5665
Code,varchar,5,物料编码,V_APS_Material,3088
StandardPeoples,decimal,5,人数,V_APS_ProcessMaterial,1483
OrderDate,datetime,5,单据日期,V_APS_Order,627
MaterialName,nvarchar,5,产品描述,V_APS_Report20,26011
Spec,nvarchar,5,规格型号,V_APS_SalesOrderDetailPlanLine,21230
MaterialType,nvarchar,5,物料组,V_APS_MaterialMaintain,21560
Code,varchar,5,物料编码,V_APS_Report17,14937
MaterialName,nvarchar,5,物料名称,V_APS_Report1,14868
CreatedOn,datetime,5,单据日期,V_APS_PO,13982
Code,varchar,5,物料编码,V_APS_MOPlanStep4V11,18735
Extend10,nvarchar,5,属性,V_APS_OrderPrepareReport,16110
CreatedOn,datetime,5,封存时间,V_APS_MaterialBalanceTotalHistory,38068
LineNum,varchar,5,行号,V_APS_SalesOrderDetailDelivery,36908
Spec,nvarchar,5,规格,V_APS_OrderInfo,27639
ERPEndDate,datetime,5,计划完工,V_APS_Report50,31437
LineNum,varchar,5,行号,V_APS_Report54,31995
OrderDate,datetime,5,订单日期,V_APS_OrderBOMNew,29812
Code,varchar,5,物料编码,V_APS_SalesOrderBom,35211
MaterialName,nvarchar,5,物料名称,V_APS_MOPlanStep1V2,35947
Code,varchar,5,物料编码,V_APS_MOPlanStep4V9,35996
Code,varchar,5,物料编码,V_APS_OrderSplitLog,36221
EffectiveDate,datetime,5,生效日期,V_Dev_OrganizeProcess,35093
MaterialName,nvarchar,5,物料名称,V_APS_SalesOrderDeliveryReplyInfo,35247
Spec,nvarchar,5,规格,V_APS_Report44,34696
Extend1,nvarchar,5,呆滞原因,V_APS_PrepareView15,29672
Code,varchar,5,物料编码,WMS_StockAll,29399
ItemName,nvarchar,5,物料名称,V_APS_WeekDeliveryDataDetail,28551
PCDeliveryDate,datetime,5,要求开工,V_APS_OrderPlanChange,28364
Extend23,nvarchar,5,品类,V_APS_Report42,37016
ModifiedByName,nvarchar,5,修改姓名,APS_ManualForecastDetail,37925
UnkownCount,int,5,未到期待结案数,V_APS_Report53,37284
Status,int,5,状态,APS_MaterialLadderLossConfig,36287
Status,int,5,状态,APS_MaterialLadderLossRelated,36308
RemainReason,nvarchar,5,呆滞原因,V_APS_MaterialBalanceHistoryReason,38058
MaterialName,nvarchar,5,物料名称,V_APS_MaterialBalanceHistory,38300
ModifiedByName,nvarchar,5,修改姓名,APS_OrganizeDemandOrder,38180
Status,int,5,状态,APS_MaterialBalanceHistory,37965
Status,int,5,状态,APS_MaterialBalanceTotalHistory,37992
MaterialName,nvarchar,5,产品描述,V_APS_OrderForPrepare3,37917
ValidCount,int,5,有效工单,V_APS_OrderAchievedRate,37292
OrganizeID,int,5,OrganizeID,APS_ProcessMaterialHistory,38013
Contact,nvarchar,5,联系人,V_Dev_Customer,21140
Spec,nvarchar,5,品名规格,V_APS_PrepareView5,20841
Code,varchar,5,物料编码,V_APS_Report2,15369
LineName,nvarchar,5,生产线别,V_APS_PrepareView13,26599
ObjectText,nvarchar,5,对象文本,Dev_Dictionary,621
Price,decimal,5,单价,APS_Material,718
Width,int,5,宽度,V_DictionaryField,732
MachineCapacity,int,5,机台点数(小时),APS_Machine,1383
Remark1,nvarchar,5,放假说明,APS_Holiday,2492
WarehouseName,nvarchar,5,仓库,V_WMS_Stock,2823
Contacts,nvarchar,5,联系人,Dev_Supplier,3461
Price,real,5,单价,V_WMS_DeliveryPlanForNew,3524
Spec,nvarchar,5,规格型号,V_APS_OrderForCheck,5911
PostProcessID,varchar,5,锚点工序,V_APS_ProcessGroupInfo,6577
Molecule,decimal,5,分子,V_APS_MaterialBOM,12178
Price,decimal,5,单价,V_PWS_WJProcess,9991
IsScheduling,bit,5,计划排产,V_APS_OrderProcess,9536
Spec,nvarchar,5,规格,V_APS_Report41,41477
LevelName,nvarchar,5,技能等级,V_APS_ProcessPosition,41349
Status,int,5,状态,Dev_PositionAccountMap,40802
GroupName,nvarchar,5,群组,APS_AssessmentMachine,41597
Status,int,5,状态,APS_AssessmentResources,41618
Status,int,5,状态,APS_AssessmentHR,41577
Status,int,5,状态,APS_ProcessPosition,40783
Status,int,5,状态,Dev_PositionLevelMap,40828
ChangeRequestNo,nvarchar,5,临时变更单号,APS_TempChangeRequest,40611
Source,nvarchar,5,质量异常信息来源,V_APS_QualityAbnormalityCase,40678
CreatedBy,varchar,5,创建账号,APS_QualityAbnormalityCase,40562
CreatedBy,varchar,5,创建账号,APS_NewProductTrial,40527
TrialSummaryNo,varchar,5,试产总结单号,V_APS_NewProductTrial,40641
SalesOrderNo,varchar,5,订单编号,V_APS_SalesOrderDetail_JDY,39381
ProcessGroupName,nvarchar,5,制程名称,V_APS_Report29,39533
OrderNo,varchar,5,生产单号,V_APS_OrderPicking,40254
FNameAPS,varchar,5,APS字段(表),APS_InterfaceSAPOutputField,39176
APSTableNameTemp,varchar,5,临时表名A,APS_InterfaceSAPOutput,39154
PlanQty,decimal,5,计划数,V_APS_OrderPlanMaterialFormListForBoardSum,38869
Qty,decimal,5,工单数,V_APS_SalesPlanMaterial,39085
DictionaryID,int,5,字典ID,V_APS_Report35,38304
RequestCount,int,5,次数,V_PWS_WageTrendReport,38386
ProcessName,nvarchar,5,工序,V_PWS_ProcessMaterial,44509
Code,varchar,5,产品编号,V_APS_Report59,44657
Status,int,5,状态,APS_MaterialForecast,44266
Status,int,5,状态,APS_MaterialForecastForm,44310
Status,int,5,状态,APS_MaterialForecastBom,44287
MaterialName,nvarchar,5,物料描述,APS_ProcessPartMaterialImport,44234
StatusName,nvarchar,5,出勤状态,V_APS_LineAttendanceDetail,43656
TotalWorkTimes,decimal,5,总工时,V_APS_SchedulingForERP,43818
TotalUnattendanceRegular,int,5,正式工缺勤,V_APS_SalesOrderDetailDeliver3Total,43811
OrganizeName,nvarchar,5,组织,MES_RouteReport,44050
RuleType,nvarchar,5,送货规则,V_APS_PrepareView17,42300
OrderDate,datetime,5,下单时间,V_APS_SalesOrderWarning,41975
UnIssuedQty3,decimal,5,销售需求,V_APS_MaterialOrg,41801
EditRow,int,5,操作,V_Dev_AccountEmployee,42933
Status,int,5,启用,V_Dev_PositionDetail,42847
TotalRequiredQty,decimal,5,总需求,V_APS_Report33,43042
LineNum,varchar,5,行号,V_APS_Report32,43010
WorkTimeAfternoon,decimal,5,下午时长,V_APS_LineAttendance,43626
ProcessPartName,nvarchar,5,工段,V_APS_ProcessMaterialError,42557
TotalRequiredQty,decimal,5,总需求,V_APS_PrepareView26,42727
Code,nvarchar,5,物料编码,Dev_PositionExamRecord,42794
Code1,varchar,5,物料编码,V_APS_Report43,45283
Code,varchar,5,物料编码,V_APS_Report14,45989
OrderDate,datetime,5,下单时间,V_APS_Report56,46024
OrderDate,datetime,5,最早下单时间,V_APS_Report46,46193
DeliveryYM,nvarchar,5,月份,V_APS_Report39,46356
DailyAttendanceHours,int,5,每日出勤工时,V_APS_Report18,46522
DailyAttendanceHours,decimal,5,日出勤工时,V_APS_PrepareView20,46530
Code,varchar,5,物料编码,V_APS_MOPlanStep5,47288
OrganizeID,bigint,5,组织ID,MES_OrderRouteReport,46905
PCDeliveryDate,datetime,5,排产日期,V_APS_Report57,46793
OrderNo,varchar,5,生产单号,V_APS_Report38,46833
IssuedQty,decimal,5,已领,V_APS_MaterialForecastBom,46720
Years,nvarchar,5,年份,V_APS_MaterialDeliveryConfig,46886
CompletionQty,decimal,5,已入库,V_APS_OrderForPrepare2,47811
CustomerName,nvarchar,5,客户名称,V_APS_Report17,47833
ReplyDateStatus2,nvarchar,5,欠料情况,V_APS_MOPlanStep1V12,47848
PanelQty,decimal,5,拼版数,V_APS_Report24,47541
MaterialName,nvarchar,5,物料名称,V_APS_OrderForPrepare,47722
ProductName,nvarchar,5,产品描述,V_APS_ProcessPlanHistoryForWeek3,48215
Extend13,int,6,委外,V_APS_MOPlanStep1V12,45860
TotalDeliveredCount,int,6,发齐物料,V_APS_MaterialForecast,45261
OrderDate,datetime,6,订单日期,V_APS_OrderBOMProgress,42633
ProcessCount,int,6,岗位数,V_APS_ProcessStaffMatrix,42522
OrganizeName,nvarchar,6,生产线,V_APS_PrepareView4,43634
Spec,nvarchar,6,规格型号,V_APS_PrepareView1,43417
TestTime,decimal,6,考试时间(分钟),V_Dev_PositionExamRecord,42877
UnIssuedQty1,decimal,6,生产需求,V_APS_PrepareView6,41911
Spec,nvarchar,6,规格型号,V_APS_ProductionReportMt,42444
TotalForecast,decimal,6,累计预测,V_APS_SalesOrderDetailPlanLine,44091
Spec,nvarchar,6,规格型号,V_APS_OrderWarning,43669
MaterialName,nvarchar,6,物料名称,V_APS_MaterialBalancePlan,38518
OrderNo,varchar,6,生产单号,APS_ProductCheck_JDY,39340
UsageCount,int,6,使用次数,APS_ToolingRegister_JDY,39808
MachineName,nvarchar,6,治具/设备名称,V_APS_ProcessMaterial,39553
EndTime,varchar,6,结束时间,V_APS_OrganizeWorkingTimesDetail,11321
ProcessName,nvarchar,6,工序,V_APS_ProcessMaterial,1820
OrderNo,varchar,6,生产单号,V_APS_MOPlanStep1V10,22308
MaterialName,nvarchar,6,物料描述,V_APS_Report17,14939
MaterialName,nvarchar,6,物料名称,V_APS_MOPlanStep4V11,18736
Code,varchar,6,物料编码,V_APS_SalesOrderDetailDelivery,36947
Qty,decimal,6,订单数,V_APS_OrderInfo,27522
Code,varchar,6,物料编码,V_APS_Report19,27118
SourceOrderNo,varchar,6,销售订单,V_APS_Report50,31435
OrderNo,varchar,6,生产单号,V_APS_Report50,31386
MaterialName,nvarchar,6,物料名称,V_APS_SalesOrderBom,35210
MaterialName,nvarchar,6,物料名称,V_APS_MOPlanStep4V9,35997
Spec,nvarchar,6,规格,V_APS_MOPlanStep1V2,35948
MaterialName,nvarchar,6,物料名称,V_APS_OrderSplitLog,36222
Spec,nvarchar,6,规格,V_APS_SalesOrderDeliveryReplyInfo,35248
MaterialName,nvarchar,6,物料名称,WMS_StockAll,29400
Extend2,nvarchar,6,责任部门,V_APS_PrepareView15,29673
Qty,decimal,6,数量,V_APS_Report44,30608
Spec,nvarchar,6,物料描述,V_APS_Report1,27691
ResourceNO,varchar,6,采购单号,V_APS_WeekDeliveryDataDetail,28554
OnTimeCount,int,6,按时结案数,V_APS_Report53,37282
CreatedBy,varchar,6,创建账号,APS_MaterialLadderLossRelated,36309
CreatedBy,varchar,6,创建账号,APS_MaterialLadderLossConfig,36288
LossProportionLabel,decimal,6,阶梯损耗百分比值,V_APS_MaterialLadderLossConfig,36461
Capacity,decimal,6,时产能,APS_ProcessMaterialHistory,38014
OnTimeCount,int,6,按时结案数,V_APS_OrderAchievedRate,37291
CreatedBy,varchar,6,创建账号,APS_MaterialBalanceTotalHistory,37993
CreatedBy,varchar,6,创建账号,APS_MaterialBalanceHistory,37966
MaterialName,nvarchar,6,物料名称,V_APS_ProcessMaterialHistory,38104
OrganizeID,int,6,组织ID,V_APS_MaterialBalanceHistoryReason,38059
ProcessValues,nvarchar,6,适用工序,V_Dev_Organize,16585
Remark1,nvarchar,6,采购员,V_Dev_Customer,21150
UnIssuedQty,decimal,6,未领,V_APS_OrderPlanMaterialForm,13301
OrderNo,varchar,6,工单号,V_APS_PrepareView13,26497
Spec,nvarchar,6,规格,V_APS_MOPlanStep1V9,25066
Remark2,nvarchar,6,工序名称,V_APS_Report29,24317
Price,decimal,6,单价,APS_Order,1613
TotalPrice,decimal,6,金额(单据数量*单价),V_WMS_DeliveryPlanForNew,3525
Price,real,6,单价,V_WMS_ReceiptDetail,3660
Price,decimal,6,单价,V_APS_OrderForSchedulingForIssue,3977
TotalPrice,decimal,6,金额,V_WMS_StockForInOut,4075
MaterialType,nvarchar,6,类型,V_WMS_Stock,4284
IsVisible,bit,6,可见,V_DictionaryField,729
Price,decimal,6,单价,V_APS_SchedulingFinish,762
Denominator,decimal,6,分母,V_APS_MaterialBOM,12179
StandardPeoples,decimal,6,人数,V_APS_ProcessMaterialError,7656
IssuedQty,decimal,6,已领用量,V_APS_OrderBOMNoIssueQty,7591
Remark1,nvarchar,6,备注,APS_InterfaceSAPOutput,39167
ParentCode,varchar,6,上级编码,V_APS_SalesPlanMaterial,39072
OweQty,decimal,6,欠数,V_APS_OrderPlanMaterialFormListForBoardSum,38860
CreatedByName,nvarchar,6,创建姓名,APS_NewProductTrial,40528
CreatedByName,nvarchar,6,创建姓名,APS_QualityAbnormalityCase,40563
CreatedBy,varchar,6,创建账号,Dev_PositionLevelMap,40829
CreatedBy,varchar,6,创建账号,APS_ProcessPosition,40784
CreatedBy,varchar,6,创建账号,APS_AssessmentHR,41578
CreatedBy,varchar,6,创建账号,APS_AssessmentResources,41619
Status,int,6,状态,APS_AssessmentMachine,41598
CreatedBy,varchar,6,创建账号,Dev_PositionAccountMap,40803
ProcessName,nvarchar,6,工序,V_APS_Report41,41473
WorkTimeMorning,decimal,6,上午时长,V_APS_LineAttendanceDetail,43650
TotalUnattendanceTemp,int,6,小时工缺勤,V_APS_SalesOrderDetailDeliver3Total,43812
MaterialName,nvarchar,6,产品描述,V_APS_SalesOrderDetailDeliverFreeze,44033
Status,int,6,状态,APS_SalesOrderDetailPlanLineFreeze,43977
GroupID,int,6,群组ID,MES_RouteReport,44051
LastMonthDifference,decimal,6,上月消耗差异,V_APS_OrderForCheck,44040
Priority,int,6,序号,V_MES_RouteReport,44086
CreatedBy,varchar,6,创建账号,APS_MaterialForecastBom,44288
CreatedBy,varchar,6,创建账号,APS_MaterialForecastForm,44311
RuleValue,varchar,6,规则参数,V_APS_PrepareView17,42301
UnIssuedQty1,decimal,6,生产需求,V_APS_MaterialOrg,41799
PositionCount,int,6,岗位数,V_Dev_AccountEmployee,42939
StockQty,decimal,6,库存,V_APS_Report33,43044
WorkTimeEvening,decimal,6,晚上时长,V_APS_LineAttendance,43627
AcceptedInventoryQty,decimal,6,数量,V_WMS_ArrivalGoods,42618
TestTime,decimal,6,考试时间(分钟),Dev_PositionExamRecord,42795
StockQty,decimal,6,库存,V_APS_PrepareView26,42730
Spec,nvarchar,6,规格,V_APS_MOPlanStep2V1,44817
Code,varchar,6,物料编码,V_APS_Report36,45099
Status,int,6,状态,APS_MonthTargetSale,45727
MaterialName,nvarchar,6,物料描述,V_APS_Report14,45990
TotalHours,decimal,6,排班工时,V_APS_PrepareView20,46531
DemandPeoples,int,6,需求总人数,V_APS_Report18,46523
ProductSpec,nvarchar,6,产品规格,V_APS_ProcessPlanHistoryForWeek3,48216
Unit,varchar,6,计量单位,V_APS_OrderForPrepare,47726
PointQty,decimal,6,单板点数,V_APS_Report24,47542
HasQty,decimal,6,已报工,V_APS_OrderForPrepare2,47800
UnIssuedQty,decimal,6,未领,V_APS_MaterialForecastBom,46690
UnIssuedQty3,decimal,6,订单需求,V_APS_Report45,46744
Priority,int,6,序号,V_MES_OrderRouteReport,46945
OrganizeName,nvarchar,6,组织,MES_OrderRouteReport,46906
MaterialName,nvarchar,6,物料名称,V_APS_MOPlanStep5,47289
Qty,decimal,6,工单数量,V_APS_PrepareView5,47440
DeliveryRate,decimal,7,发料率,V_APS_MaterialForecast,45260
Qty,decimal,7,数量,V_APS_ProductionReportMt,42449
Qty,decimal,7,订单数,V_APS_PrepareView1,43390
TargetNumber,decimal,7,产能目标,V_Dev_PositionExamRecord,42878
UnIssuedQty2,decimal,7,预测需求,V_APS_PrepareView6,41914
PODocNo,varchar,7,采购单号,V_APS_POSummary,42200
Code,varchar,7,物料编码,V_APS_ProcessMaterialPartError,44434
TotalActual,decimal,7,累计下单,V_APS_SalesOrderDetailPlanLine,44092
OrganizeName,nvarchar,7,生产线,V_APS_LineAttendanceDetailByMonth,44011
Qty,decimal,7,订单数,V_APS_OrderWarning,43670
Spec,nvarchar,7,物料规格,V_APS_MaterialBalancePlan,38519
ProductCode,varchar,7,机种编号,APS_ProductCheck_JDY,39341
MaterialTypeCode,varchar,7,机种编号,APS_ProductAgingCondition_JDY,39773
RemainingUsages,int,7,维修保养后可使用次数,APS_ToolingRegister_JDY,39807
MaterialName,nvarchar,7,物料名称,V_APS_Material,7321
Peoples,int,7,排班人数,V_APS_OrganizeWorkingTimesDetail,6799
OrderNo,varchar,7,生产单号,V_APS_OrderBOMNew,4829
OrderNo,varchar,7,生产单号,V_APS_Order,626
ProcessGroupName,nvarchar,7,工艺,V_APS_MOPlanStep1V12,24769
Spec,nvarchar,7,规格,V_APS_Report20,26010
Code,varchar,7,物料编码,V_APS_MaterialMaintain,21523
Code,varchar,7,物料编码,V_APS_OrderPrepareReport,13760
PODocNo,varchar,7,采购单号,V_APS_PO,13968
Spec,nvarchar,7,物料规格,V_APS_Report17,14938
Extend3,nvarchar,7,优先级,V_APS_SalesOrderDetailALL,21282
Spec,nvarchar,7,物料描述,V_APS_MOPlanStep4V11,18737
AllUnIssuedQty,decimal,7,需求汇总,V_APS_MaterialBalanceTotalHistory,38063
MaterialName,nvarchar,7,物料名称,V_APS_SalesOrderDetailDelivery,36946
OrderNo,varchar,7,生产单号,V_APS_Report26,33071
Spec,nvarchar,7,规格,V_APS_MOPlanStep4V9,35998
Qty,decimal,7,数量,V_APS_SalesOrderDeliveryReplyInfo,35243
UnIssuedQty,decimal,7,未领用量,V_APS_OrderBOMNoIssueQty,34623
Spec,nvarchar,7,规格,WMS_StockAll,29401
AvailableQty,decimal,7,PO未交数,V_APS_WeekDeliveryDataDetail,28552
Qty,decimal,7,数量,V_APS_Report1,27692
MaterialName,nvarchar,7,物料名称,V_APS_Report19,27119
Qty,decimal,7,订单数,V_APS_OrderSplitLog,28770
MaterialType,nvarchar,7,分类,V_APS_Report42,37019
OutTimeCount,int,7,未按时结案数,V_APS_Report53,37283
CreatedByName,nvarchar,7,创建姓名,APS_MaterialLadderLossConfig,36289
CreatedByName,nvarchar,7,创建姓名,APS_MaterialLadderLossRelated,36310
CreatedOnDate,date,7,保存日期(日),V_APS_MaterialBalanceHistoryReason,38060
Spec,nvarchar,7,规格,V_APS_MaterialBalanceHistory,38301
CreatedByName,nvarchar,7,创建姓名,APS_MaterialBalanceHistory,37967
CreatedByName,nvarchar,7,创建姓名,APS_MaterialBalanceTotalHistory,37994
OutTimeCount,int,7,未按时结案数,V_APS_OrderAchievedRate,37290
SignleCapacity,decimal,7,人均产能,APS_ProcessMaterialHistory,38015
SchedulingType,nvarchar,7,排程方案,V_Dev_Organize,18484
Price,decimal,7,单价,V_APS_OrderPlanMaterialFormList2,16196
Code,varchar,7,产品编号,V_APS_PrepareView13,26489
IsShowCheck,bit,7,显示选择,Dev_Dictionary,593
IsEdit,bit,7,编辑,V_DictionaryField,737
TotalPrice,real,7,金额,V_WMS_ReceiptDetail,3661
Price,decimal,7,单价,WMS_ReceiptDetail,3642
Remark1,nvarchar,7,采购员,Dev_Supplier,3469
Price,decimal,7,单价,V_Wages_DayWages,3321
Code,varchar,7,物料编码,V_WMS_Stock,3130
QPA,decimal,7,用量,V_APS_MaterialBOM,3230
WorkingQtyPrice,decimal,7,排产产值,V_APS_SchedulingOutByOrganizePrice,2181
CreatedByName,nvarchar,7,创建人,V_APS_MaterialForSpecial,5977
Price,decimal,7,单价,V_PWS_MonthReckon,5578
ProcessName,nvarchar,7,工序,V_APS_ProcessMaterialError,7770
Code,varchar,7,物料编码,V_APS_SalesPlanMaterial,12135
LineNum,varchar,7,行号,V_APS_OrderPicking,10310
MaterialName,nvarchar,7,物料名称,V_APS_Report59,40333
LineNum,varchar,7,行号,V_APS_SalesOrderDetail_JDY,39411
LineNum,varchar,7,行号,APS_SalesOrder_JDY,39467
Remark1,nvarchar,7,备注,APS_InterfaceSAPOutputField,39187
DepartmentName,nvarchar,7,组织名称,V_PWS_WageTrendReport,38389
OnloadQty,decimal,7,PO未交数,V_APS_OrderPlanMaterialFormListForBoardSum,38863
ReportQty,decimal,7,报工数,V_APS_Report29,38932
APSStartDate,datetime,7,APS开工期,V_APS_Report41,41467
CreatedByName,nvarchar,7,创建姓名,Dev_PositionAccountMap,40804
CreatedBy,varchar,7,创建账号,APS_AssessmentMachine,41599
CreatedByName,nvarchar,7,创建姓名,APS_AssessmentResources,41620
CreatedByName,nvarchar,7,创建姓名,APS_AssessmentHR,41579
CreatedByName,nvarchar,7,创建姓名,APS_ProcessPosition,40785
CreatedByName,nvarchar,7,创建姓名,Dev_PositionLevelMap,40830
SourceRefNo,nvarchar,7,质量异常信息来源记录编号,V_APS_QualityAbnormalityCase,40679
RequestDateTime,datetime,7,需求发起时间,APS_TempChangeRequest,40612
ModifiedBy,varchar,7,修改账号,APS_QualityAbnormalityCase,40564
ModifiedBy,varchar,7,修改账号,APS_NewProductTrial,40529
CreateDateTime,datetime,7,日期时间,V_APS_NewProductTrial,40642
WorkTimeAfternoon,decimal,7,下午时长,V_APS_LineAttendanceDetail,43651
Spec,nvarchar,7,规格,V_APS_SalesOrderDetailDeliverFreeze,44034
WeekAttendanceDays,int,7,平日出勤天数,V_APS_SchedulingOutByOrder,43828
GroupName,nvarchar,7,群组,MES_RouteReport,44052
Remark1,nvarchar,7,工序,V_MES_RouteReport,44081
FrocastQty,decimal,7,本月预测数量,V_APS_OrderForCheck,44038
TotalWorkHours,decimal,7,总工时,V_APS_SalesOrderDetailDeliver3Total,44121
StockQty,decimal,7,库存,V_APS_MaterialForecastBom,44410
IsScheduling,int,7,是否排产,V_APS_ProcessMaterial,44520
CreatedByName,nvarchar,7,创建姓名,APS_MaterialForecastForm,44312
CreatedByName,nvarchar,7,创建姓名,APS_MaterialForecastBom,44289
CountPercent,numeric,7,占比,V_APS_PrepareView15,42187
TransitTime,int,7,运输时间,V_APS_PrepareView17,42321
UnIssuedQty2,decimal,7,预测需求,V_APS_MaterialOrg,41800
Extend6,nvarchar,7,类型,V_APS_SalesOrderWarning,42012
UnReceivedQty,decimal,7,采购未交,V_APS_Report33,43045
AttendanceTimes,decimal,7,实际出勤,V_APS_LineAttendance,43628
UnReceivedQty,decimal,7,采购未交,V_APS_PrepareView26,42731
TargetNumber,decimal,7,产能目标,Dev_PositionExamRecord,42796
MaterialName,nvarchar,7,物料名称,V_APS_Report43,45266
MaterialName,nvarchar,7,物料名称,V_APS_Report36,45100
ProcessName,nvarchar,7,工序,V_APS_MOPlanStep2V1,44818
TotalPeoples,int,7,现有人数,V_APS_Report18,46524
TrayCode,varchar,7,托盘编码,V_APS_Report39,46355
DiffHours,decimal,7,差异工时,V_APS_PrepareView20,46532
Spec,nvarchar,7,物料规格,V_APS_Report14,45991
MaterialType,nvarchar,7,物料组,V_APS_Report46,46161
SalesOrderNo,varchar,7,销售订单,V_APS_Report56,46022
Extend6,nvarchar,7,类型,V_APS_Report47,46228
LineName,nvarchar,7,生产线别,V_APS_PrepareView5,47442
GroupID,int,7,群组ID,MES_OrderRouteReport,46907
Remark1,nvarchar,7,工序,V_MES_OrderRouteReport,46940
WorkShopID,int,7,车间,V_APS_MaterialDeliveryConfig,46968
UnIssuedQty1,decimal,7,工单需求,V_APS_Report45,46745
OweQty,decimal,7,未完工数量,V_APS_OrderForPrepare2,47801
ToltalPointQty,int,7,机种点数,V_APS_Report24,47543
ForecastStartDate,datetime,7,预计开工,V_APS_OrderForPrepare,47720
YearDifference,decimal,8,累计消耗差异,V_APS_SalesOrderDetailPlanLine,47865
Extend14,int,8,手帖,V_APS_MOPlanStep1V12,46379
CompletionQty,decimal,8,投产,V_APS_ProductionReportMt,42450
ProcessName,nvarchar,8,工序,V_APS_PrepareView4,43638
ActualNumber,decimal,8,实际完成,V_Dev_PositionExamRecord,42879
Remark2,nvarchar,8,MC备注,V_APS_MaterialForecast,44346
MaterialName,nvarchar,8,物料名称,V_APS_MaterialForecastForm,44721
AllUnIssuedQty,decimal,8,需求汇总(分配数),V_APS_MaterialBalancePlan,38490
ProductName,nvarchar,8,机种名称,APS_ProductCheck_JDY,39342
MachineNum,int,8,治具/设备数量,V_APS_ProcessMaterial,39554
ParentID,int,8,上级组织,V_Dev_Organize,5651
Code,varchar,8,货品编码,V_APS_Report10,23822
Code,varchar,8,物料编码,V_APS_MOPlanStep1V10,22397
PlanQty,decimal,8,计划数,V_APS_MOPlanStep4V11,18712
Qty,decimal,8,数量,V_APS_MOPlanStep4V11,18767
DemandQty,decimal,8,需求,V_APS_Report17,14946
SourceOrderNo,varchar,8,销售单,V_APS_MOPlanStep4,13826
PlanQty,decimal,8,计划数,V_APS_MOPlanStep4V9,35979
DataSource,nvarchar,8,数据来源,V_APS_OrderSplitLog,36219
Extend1,varchar,8,物料属性,V_APS_OrderBOMNoIssueQty,34632
Spec,nvarchar,8,规格,V_APS_Report19,27120
OnloadQty,decimal,8,PO未交,V_APS_DeliveryData2,27511
Buyer,nvarchar,8,采购员,V_APS_WeekDeliveryDataDetail,33134
Priority,int,8,优先级,APS_ProcessMaterialHistory,38016
ModifiedBy,varchar,8,修改账号,APS_MaterialBalanceTotalHistory,37995
ModifiedBy,varchar,8,修改账号,APS_MaterialBalanceHistory,37968
Spec,nvarchar,8,规格,V_APS_ProcessMaterialHistory,38107
OrganizeName,nvarchar,8,组织,V_APS_MaterialBalanceHistoryReason,38061
SyncDatetime,datetime,8,同步日期,APS_OrganizeDemandOrder,38183
ModifiedBy,varchar,8,修改账号,APS_MaterialLadderLossRelated,36311
ModifiedBy,varchar,8,修改账号,APS_MaterialLadderLossConfig,36290
Status,int,8,状态,V_APS_DayPlanReachList,36511
CreatedOn1,datetime,8,创建日期,V_APS_MaterialLadderLossConfig,37169
Status,int,8,状态,APS_ManualForecastDetail,37928
Qty,decimal,8,订单数,V_APS_SalesOrderDetailDelivery,36897
Rate,numeric,8,按时结案率,V_APS_OrderAchievedRate,36860
DeliveryDate,datetime,8,计划交期,V_APS_SalesOrderDeliveryReplyInfo,36828
OweQty,decimal,8,总欠数,V_APS_PrepareView2,14087
Remark2,nvarchar,8,状态,V_Dev_Customer,21151
CreatedOn,datetime,8,创建时间,V_APS_SchedulingSpecial,21462
RemarkField,nvarchar,8,条件字段（显示）,Dev_ColorConfig,21835
MaterialName,nvarchar,8,产品描述,V_APS_PrepareView13,26491
CreatedOn,datetime,8,创建时间,V_APS_MaterialForSpecial,5980
PageSize,int,8,默认页数,Dev_Dictionary,1700
WorkingTimesID,varchar,8,班别,V_APS_OrganizeWorkingTimesDetail,1515
Remark2,nvarchar,8,状态,Dev_Supplier,3470
TotalPrice,decimal,8,金额,WMS_ReceiptDetail,3643
Remark2,nvarchar,8,dicID,Dev_Menu,4198
Code,varchar,8,物料编码,V_APS_OrderPicking,3955
Unit,varchar,8,单位,V_APS_MaterialBOM,3967
IsFrozen,bit,8,固定,V_DictionaryField,733
MaterialName,nvarchar,8,物料名称,V_WMS_Stock,1191
QualifiedQty,decimal,8,合格数,V_APS_Report29,39534
ToolingSpec,nvarchar,8,型号,APS_ToolingRegister_JDY,39802
UpdateDate,nvarchar,8,更新时间,V_APS_OrderPlanMaterialFormListForBoardSum,38867
CurrentIndex,int,8,层级,V_APS_SalesPlanMaterial,39071
ModifiedByName,nvarchar,8,修改姓名,APS_NewProductTrial,40530
ModifiedByName,nvarchar,8,修改姓名,APS_QualityAbnormalityCase,40565
ModifiedBy,varchar,8,修改账号,Dev_PositionLevelMap,40831
ModifiedBy,varchar,8,修改账号,APS_ProcessPosition,40786
ModifiedBy,varchar,8,修改账号,APS_AssessmentHR,41580
StockQty,decimal,8,库存数,V_APS_SalesOrderBom,41755
ModifiedBy,varchar,8,修改账号,APS_AssessmentResources,41621
CreatedByName,nvarchar,8,创建姓名,APS_AssessmentMachine,41600
ModifiedBy,varchar,8,修改账号,Dev_PositionAccountMap,40805
PlanQty,decimal,8,计划数,V_APS_Report41,41424
ModifiedBy,varchar,8,修改账号,APS_MaterialForecastForm,44313
ModifiedBy,varchar,8,修改账号,APS_MaterialForecastBom,44290
ActualQty,decimal,8,实际下单数量,V_APS_OrderForCheck,44041
Remark2,nvarchar,8,工序描述,V_MES_RouteReport,44082
Status,int,8,状态,MES_RouteReport,44053
WeekendAttendanceDays,int,8,周末出勤天数,V_APS_SchedulingOutByOrder,43829
Extend5,nvarchar,8,备注,V_APS_OrderWarning,44035
WorkTimeEvening,decimal,8,晚上时长,V_APS_LineAttendanceDetail,43652
AttendanceRace,numeric,8,出勤率,V_APS_SalesOrderDetailDeliver3Total,43806
CompletionQty,decimal,8,入库数,V_APS_PrepareView1,43728
PositionLevelStr,nvarchar,8,岗位,V_Dev_AccountEmployee,42940
Price,decimal,8,单价,V_APS_PrepareView26,43631
Price,decimal,8,单价,V_APS_Report33,43632
TotalHours,decimal,8,排班工时,V_APS_LineAttendance,43614
MachineName,nvarchar,8,治具/设备名称,V_APS_ProcessMaterialError,42544
ActualNumber,decimal,8,实际完成,Dev_PositionExamRecord,42797
Remark1,nvarchar,8,备注,V_APS_PrepareView17,42312
OwePeoples,int,8,缺口人数,V_APS_Report18,46525
DiffDays,decimal,8,差异天数,V_APS_PrepareView20,46533
Spec,nvarchar,8,规格,V_APS_Report36,45101
OncheckQty,decimal,8,待检,V_APS_MaterialForecastBom,44862
Capacity,decimal,8,标准产能,V_APS_OrderForPrepare2,47802
StockQtyAll,decimal,8,库存汇总,V_APS_Report45,47818
SalesDemandQty,decimal,8,订单需求,V_APS_OrderForPrepare,47730
Code,varchar,8,物料代码,V_APS_ProcessPlanHistoryForWeek3,48219
Extend20,nvarchar,8,晚下单,V_APS_Report1,48185
Remark2,nvarchar,8,工序描述,V_MES_OrderRouteReport,46941
GroupName,nvarchar,8,群组,MES_OrderRouteReport,46908
ProcessPartName,nvarchar,8,生产工段,V_APS_PrepareView5,47441
Qty,decimal,8,数量,V_APS_MOPlanStep5,47291
YearDifferenceRace,numeric,9,累计差异率,V_APS_SalesOrderDetailPlanLine,47866
CompletionQty,decimal,9,入库,V_APS_MOPlanStep4V11,46483
POLineNo,varchar,9,行号,V_APS_POSummary,42201
Remark2,nvarchar,9,工序,V_APS_ProductionReportMt,42412
AllUnIssuedQty,decimal,9,需求汇总,V_APS_PrepareView6,41916
PCDeliveryDate,datetime,9,要求开工,V_APS_MOPlanStep2V10,42752
DefectiveNumber,decimal,9,不良统计,V_Dev_PositionExamRecord,42880
BomTye,nvarchar,9,展BOM,V_APS_MaterialForecast,44337
Code,varchar,9,物料编码,V_APS_MaterialForecastForm,44406
MaterialName,nvarchar,9,物料描述,V_APS_ProcessMaterialPartError,44426
FID,bigint,9,ID,APS_InterfaceSAP,39093
Spec,nvarchar,9,规格型号,APS_ProductCheck_JDY,39339
Spec,nvarchar,9,规格型号,APS_ProductAgingCondition_JDY,39774
Extend5,varchar,9,物料编码,APS_SalesOrder_JDY,39491
Code,varchar,9,物料编码,V_APS_Order,653
Seconds,decimal,9,标准工时,V_APS_ProcessMaterial,9709
ProcessName,nvarchar,9,工序,V_APS_ProcessPlanForSchedinng,9205
OrderNo,varchar,9,工单号,V_APS_MOPlanStep1V12,24650
MaterialName,nvarchar,9,物料描述,V_APS_MaterialMaintain,21515
MaterialName,nvarchar,9,机种名称,V_APS_Report10,23824
Extend6,nvarchar,9,类型,V_APS_SalesOrderDetailALL,21285
UnIssuedQty,decimal,9,未领,V_APS_Report17,14980
POLineNo,varchar,9,行号,V_APS_PO,13969
OrderNo,varchar,9,工单,V_APS_MOPlanStep4,13797
MaterialName,nvarchar,9,物料名称,V_APS_OrderPrepareReport,13761
AllOnload,decimal,9,在途汇总,V_APS_MaterialBalanceTotalHistory,38064
OweQty,decimal,9,未完成,V_APS_MOPlanStep4V9,35992
Code,varchar,9,物料编码,V_APS_Report46,34750
DocLineNo,varchar,9,行号,V_APS_Report49,35537
Remark2,nvarchar,9,dicID,V_APS_Report51,31563
CreatedByName,nvarchar,9,拆单人,V_APS_OrderSplitLog,28807
Rate1,numeric,9,按时结案率,V_APS_OrderAchievedRate,38173
Status,int,9,状态,APS_OrganizeDemandOrder,38184
ModifiedByName,nvarchar,9,修改姓名,APS_MaterialBalanceHistory,37969
ModifiedByName,nvarchar,9,修改姓名,APS_MaterialBalanceTotalHistory,37996
StandardPeoples,int,9,标准人力,APS_ProcessMaterialHistory,38017
Qty,decimal,9,工单数,V_APS_Report19,36637
ModifiedByName,nvarchar,9,修改姓名,APS_MaterialLadderLossConfig,36291
ModifiedByName,nvarchar,9,修改姓名,APS_MaterialLadderLossRelated,36312
OnloadQty,decimal,9,在途数,V_APS_PrepareView2,14101
Qty,decimal,9,工单数量,V_APS_PrepareView4,14164
MaterialName,nvarchar,9,托盘名称,V_APS_Report39,19198
SchedulingDays,int,9,排产天数,V_Dev_Organize,16252
OrderNo,varchar,9,返工单号,V_APS_OrderRework,24107
ModifyedOn,datetime,9,更新时间,V_APS_SchedulingSpecial,21463
Price,real,9,单价,V_WMS_ReceiptDetailByNO,6274
ModifiedByName,nvarchar,9,更新人,V_APS_MaterialForSpecial,5979
ProductCode,varchar,9,产品编码,V_APS_OrderBOMNew,5760
Region,varchar,9,查询显示数,Dev_Dictionary,5178
Price,decimal,9,单价,V_MES_OrderOutputPersonsForAuditAll,8008
Price,real,9,单价,V_WMS_DeliveryPlanForNewByNO,6287
ModifyedOn,datetime,9,修改日期,Dev_Role,590
ControlType,varchar,9,控件类型,V_DictionaryField,727
MaterialName,nvarchar,9,物料描述,V_APS_OrderPicking,3954
Spec,nvarchar,9,规格,V_WMS_Stock,4136
Price,decimal,9,单价,V_APS_SchedulingOutByWorkStationPrice,2174
Priority,int,9,序号,V_APS_Process,3141
Extend5,varchar,9,物料编码,V_APS_SalesOrderDetail_JDY,39435
Extend4,varchar,9,位号,V_APS_MaterialBOM,39737
Code,varchar,9,物料编码,APS_ToolingRegister_JDY,39869
Spec,nvarchar,9,规格,V_APS_Report59,40334
Status,int,9,状态,APS_InterfaceSAPOutputField,39180
UnqualifiedQty,decimal,9,不良数,V_APS_Report29,38933
LossProportion,decimal,9,阶梯损耗值,V_APS_MaterialBalancePlan,38512
ProcessCapacity,decimal,9,工序标准小时产能,V_APS_Report41,41471
ModifiedByName,nvarchar,9,修改姓名,Dev_PositionAccountMap,40806
ModifiedBy,varchar,9,修改账号,APS_AssessmentMachine,41601
ModifiedByName,nvarchar,9,修改姓名,APS_AssessmentResources,41622
DemandQty,decimal,9,需求数,V_APS_SalesOrderBom,41756
ModifiedByName,nvarchar,9,修改姓名,APS_AssessmentHR,41581
ModifiedByName,nvarchar,9,修改姓名,APS_ProcessPosition,40787
ModifiedByName,nvarchar,9,修改姓名,Dev_PositionLevelMap,40832
Requestor,nvarchar,9,需求发起人员,APS_TempChangeRequest,40613
StockQty,decimal,9,结余库存数,V_APS_Report45,40372
OccurrenceDate,datetime,9,日期,V_APS_QualityAbnormalityCase,40680
Initiator,varchar,9,发起人员,V_APS_NewProductTrial,40643
ModifiedByName,nvarchar,9,修改姓名,APS_MaterialForecastForm,44314
ModifiedByName,nvarchar,9,修改姓名,APS_MaterialForecastBom,44291
CompletionDate,datetime,9,完工日期,V_APS_PrepareView1,43691
TotalLeavePeoples,int,9,请假,V_APS_SalesOrderDetailDeliver3Total,43807
AttendanceTimes,decimal,9,实际出勤,V_APS_LineAttendanceDetail,43653
WeekAttendanceTimes,decimal,9,平日出勤工时,V_APS_SchedulingOutByOrder,43830
CreatedBy,varchar,9,创建账号,MES_RouteReport,44054
CreatedOn,datetime,9,同步日期,V_MES_RouteReport,44079
MonthDifference,decimal,9,消耗差异,V_APS_OrderForCheck,44042
Remark1,nvarchar,9,类型,V_APS_LineAttendanceDetailByMonth,44129
EditRow,int,9,操作(针对整天的状态),V_APS_LineAttendance,43615
UnReceivedQtyPrice,decimal,9,合计金额,V_APS_PrepareView26,43629
UnReceivedQtyPrice,decimal,9,合计金额,V_APS_Report33,43630
DefectiveNumber,decimal,9,不良统计,Dev_PositionExamRecord,42798
MachineNum,int,9,治具/设备数量,V_APS_ProcessMaterialError,42545
CustomerName,nvarchar,9,客户,V_APS_SalesOrderWarning,42041
AllUnIssuedQty,decimal,9,需求汇总,V_APS_MaterialOrg,41802
CapacityLoad,decimal,9,产能负荷,V_APS_PrepareView20,46534
OrderNo,varchar,9,工单号,V_APS_Report57,46566
SalesOrderNo,varchar,9,销售订单,V_APS_Report47,46209
MaterialType,nvarchar,9,物料组,V_APS_Report56,46027
Spec,nvarchar,9,规格,V_APS_Report43,45299
ExpectTime,decimal,9,需求工时,V_APS_OrderForPrepare2,47807
ProductionDemandQty,decimal,9,工单需求,V_APS_OrderForPrepare,47729
CreatedByName,nvarchar,9,提交人员,V_APS_Report24,47545
Extend21,nvarchar,9,无采购单料号,V_APS_Report1,48186
MaterialName,nvarchar,9,物料名称,V_APS_ProcessPlanHistoryForWeek3,48220
PCPlanQty,decimal,9,排产数,V_APS_OrderPlanMaterialForm,48207
ProducedQty,decimal,9,已生产,V_APS_MOPlanStep5,47292
LineID,int,9,生产线,V_APS_MaterialDeliveryConfig,46967
TotalQty,decimal,9,累计生产数,V_APS_PrepareView5,47444
Status,int,9,状态,MES_OrderRouteReport,46909
CreatedOn,datetime,9,同步日期,V_MES_OrderRouteReport,46938
RemainingStockQty,decimal,9,结余库存+在途,V_APS_Report45,46746
WorkTime,decimal,9,上班时长,V_APS_OrganizeWorkingTimesDetail,46747
OnloadQty,decimal,9,PO在途,V_APS_MaterialForecastBom,46727
Code,varchar,10,货品编码,V_APS_ProcessPlanHistoryForWeek,45765
Code,varchar,10,货品编码,V_APS_ProcessPlanHistoryForWeek2,45842
PCDeliveryDate,datetime,10,计划交期,V_APS_ProcessPlanHistoryForMonth,45779
SalesOrderNo,varchar,10,销售单,V_APS_PrepareView3,46327
SalesOrderNo,varchar,10,销售单,V_APS_Report55,46307
ReportQty,decimal,10,MES报工,V_APS_ProductionReportMt,42428
OrderDate,datetime,10,单据日期,V_APS_PrepareView1,43681
MaterialName,nvarchar,10,产品描述,V_APS_MaterialForecast,44347
ComponentCount,int,10,元件数量,V_APS_Report20,44576
Spec,nvarchar,10,规格型号,V_APS_MaterialForecastForm,44722
DefaultLineID,int,10,生产线,V_APS_MOPlanStep2V10,41571
LineNum,int,10,行号,V_APS_SalesOutStock,41523
DataSource,nvarchar,10,来源系统,APS_InterfaceSAP,39110
CheckQty,decimal,10,报检数量,APS_ProductCheck_JDY,39343
LineID,bigint,10,生产线,V_APS_ProcessPlanForSchedinng,9206
StartDate,datetime,10,要求齐料,V_APS_OrderPlanMaterialFormList,9678
Spec,nvarchar,10,规格,V_APS_Report10,23825
Code,varchar,10,物料编码,V_APS_MOPlanStep1V12,24764
HasQty,decimal,10,报工,V_APS_MOPlanStep4V11,18713
Code,varchar,10,物料编码,V_APS_Report38,20027
OweQty,decimal,10,欠数,V_APS_Report17,14948
Code,varchar,10,物料编码,V_APS_MOPlanStep4,13798
DocDate,datetime,10,过账日期,V_APS_OrderInStock,29372
Code,varchar,10,物料编码,V_APS_Report54,33895
Code,varchar,10,物料编码,V_APS_Report49,35538
APSDeliveryReplyStartDate,datetime,10,开始交货(计算),V_APS_SalesOrderDeliveryReplyInfo,35244
Capacity,numeric,10,标准产能,V_APS_MOPlanStep4V9,36003
UnCompletionQty,decimal,10,未入库,V_APS_OrderInfo,35889
CreatedOn,datetime,10,创建日期,V_APS_Report60,32728
CompletionQty,decimal,10,进仓数量,V_APS_Report19,36661
CompletionQty,decimal,10,入库数,V_APS_SalesOrderDetailDelivery,37130
ModifiedByName1,nvarchar,10,更新人,V_APS_MaterialLadderLossRelated,36993
Points,decimal,10,点数,APS_ProcessMaterialHistory,38018
OldQty,decimal,10,原数量,V_APS_OrderSplitLog,37359
ProcessName,nvarchar,10,工序,V_APS_ProcessMaterialHistory,38106
MaterialName,nvarchar,10,物料名称,V_APS_Report2,15368
OverTime,decimal,10,加班时长,V_APS_OrganizeWorkingTimesDetail,24463
DemandDay,datetime,10,要求齐料(最早),V_APS_DeliveryDataDetail,26232
ReducedValue,nvarchar,10,条件,Dev_ColorConfig,21838
TotalPrice,decimal,10,金额,V_WMS_DeliveryPlanForNewByNO,6288
TotalPrice,real,10,金额,V_WMS_ReceiptDetailByNO,6275
ModifyedOn,datetime,10,更新时间,V_APS_MaterialForSpecial,5981
Unit,varchar,10,单位,V_WMS_Stock,4137
Spec,nvarchar,10,规格,V_APS_OrderPicking,3956
Required,bit,10,必填,V_DictionaryField,739
Remark1,nvarchar,10,底部备注,Dev_Dictionary,346
Remark2,nvarchar,10,操作,APS_InterfaceSAPOutput,39168
PurchaseQty,decimal,10,总需求(含损耗),V_APS_MaterialBalancePlan,38513
Status,int,10,状态,V_APS_DayPlanForPlanName,38539
Status,int,10,状态,V_APS_MOPlanStep4V2,38607
ViewSort,int,10,排序,V_Dev_Organize,38974
MaterialName,nvarchar,10,物料名称,APS_ToolingRegister_JDY,39870
Extend6,varchar,10,备选物料,V_APS_MaterialBOM,39739
TotalWorkHours,decimal,10,总工时,V_APS_Report41,41472
OweQty,decimal,10,欠数,V_APS_SalesOrderBom,41757
ModifiedByName,nvarchar,10,修改姓名,APS_AssessmentMachine,41602
IsScheduling,varchar,10,是否排产,V_PWS_ProcessMaterial,44510
ProcessPartName,nvarchar,10,工段,V_APS_ProcessPartMaterial2,44255
ProcessPartName,nvarchar,10,工段名称,APS_ProcessPartMaterialImport,44230
ProcessPartName,nvarchar,10,工段名称,V_APS_ProcessPartMaterial,44201
OutOrganizeName,nvarchar,10,调出组织,V_APS_LineAttendanceDetail,43663
ERPStatus,nvarchar,10,ERP状态,V_APS_OrderWarning,43671
TotalAbsenteeismPeoples,int,10,旷工,V_APS_SalesOrderDetailDeliver3Total,43808
OrganizeName,nvarchar,10,所属组织,V_APS_LineAttendance,43617
WeekAttendanceOverTimes,decimal,10,平日加班工时,V_APS_SchedulingOutByOrder,43831
ProcessPartName,nvarchar,10,工段名称,APS_ProcessPartMaterial,44162
MonthDifferenceRace,numeric,10,差异率,V_APS_OrderForCheck,44043
CreatedByName,nvarchar,10,创建姓名,MES_RouteReport,44055
Month1Forecast,decimal,10,1月预测,V_APS_SalesOrderDetailPlanLine,44093
SurplusQty,decimal,10,采购申请,V_APS_MaterialOrg,41803
SurplusQty,decimal,10,采购申请,V_APS_PrepareView6,41917
ActualTime,decimal,10,实测工时,V_APS_ProcessMaterialError,42546
Assessor,nvarchar,10,考核人,Dev_PositionExamRecord,42801
CreatedOn,datetime,10,创建日期,V_Dev_PositionDetail,42844
ReportQty,decimal,10,MES报工,V_APS_PrepareView4,43639
Assessor,nvarchar,10,考核人,V_Dev_PositionExamRecord,42883
LevelPath,varchar,10,层级,V_APS_Report32,43012
Qty,decimal,10,订单数,V_APS_Report14,45866
SumOpenCreAmount,int,10,当月产值,V_APS_Report18,46546
FormQty,decimal,10,齐套数,V_APS_Report1,46728
CreatedBy,varchar,10,创建账号,MES_OrderRouteReport,46910
DailyQty,decimal,10,当日MES产出,V_APS_PrepareView5,47445
CompletionQty,decimal,10,入库,V_APS_MOPlanStep5,47293
DefaultLineID,int,10,生产线,V_APS_OrderPlanChange,47095
DetailInfo,nvarchar,10,计划明细,V_APS_OrderPlanMaterialForm,48208
Spec,nvarchar,10,物料描述,V_APS_ProcessPlanHistoryForWeek3,48221
Qty,decimal,10,订单数量,V_APS_OrderForPrepare3,47894
CreatedOn,datetime,10,提交时间,V_APS_Report24,47546
StockQtyAll,decimal,10,库存数,V_APS_OrderForPrepare,47817
PCB,varchar,10,PCB板,V_APS_OrderForPrepare2,47812
SalesOrderNo,varchar,11,销售订单,V_APS_Report21,42971
ConfirmedQty,decimal,11,确认数量,V_APS_ProductionReportMt,42516
Code,varchar,11,物料编码,V_APS_POSummary,42199
Spec,nvarchar,11,规格型号,V_APS_MaterialForecast,44348
QPA,decimal,11,用量,V_APS_MaterialForecastForm,44392
Spec,nvarchar,11,规格型号,V_APS_ProcessMaterialPartError,44427
Voltage,nvarchar,11,老化电压,APS_ProductAgingCondition_JDY,39775
Extend1,varchar,11,交互系统,APS_InterfaceSAP,39113
ApplyCheckMan,nvarchar,11,报检人,APS_ProductCheck_JDY,39345
Spec,nvarchar,11,规格型号,V_APS_MaterialMaintain,21516
APSDemandDay,datetime,11,送货日期,V_APS_DeliveryDataDetail,26256
MaterialName,nvarchar,11,物料名称,V_APS_MOPlanStep1V12,24763
ItemCode,varchar,11,物料编码,APS_DeliveryData,25228
StockQty,decimal,11,库存,V_APS_Report17,14950
MaterialName,nvarchar,11,物料名称,V_APS_MOPlanStep4,13799
Spec,nvarchar,11,物料规格,V_APS_OrderPrepareReport,13762
SalesOrderNo,varchar,11,销售订单,V_APS_SalesOrderDetailALL,12405
StockQtyAll,decimal,11,库存汇总,V_APS_MaterialBalanceTotalHistory,38065
DeliveryDate,datetime,11,订单交期,V_APS_SalesOrderDetailDelivery,36903
ViewSort,int,11,顺序,V_APS_ProcessPlanForSchedinng,36266
StockInDate,datetime,11,最新入库日期,V_APS_Report19,36668
SignleCapacity,decimal,11,人均产能,V_APS_MOPlanStep4V9,36819
ERPID,varchar,11,ERPID,APS_ManualForecastDetail,37931
Modifyedon1,datetime,11,需要日期,V_APS_MaterialLadderLossConfig,37172
CreatedBy,varchar,11,创建账号,APS_ProcessMaterialHistory,38019
ProcessGroupName,nvarchar,11,订单工艺,V_APS_OrderInfo,27643
PCDayCapacity,decimal,11,日产能,APS_ProcessPlan,35924
PCDayCapacity,decimal,11,日产能,V_APS_ProcessPlan,36245
ProcessName,nvarchar,11,工序,V_APS_MOPlanStep1V10,36101
APSDeliveryReplyEndDate,datetime,11,交货完成(计算),V_APS_SalesOrderDeliveryReplyInfo,35245
MaterialName,nvarchar,11,物料描述,V_APS_Report49,35531
SuplierCode,varchar,11,代码,V_APS_DeliveryRule,25198
HistoryOweQty,decimal,11,历史需求,V_APS_DeliveryData2,26645
ModifiedByName,nvarchar,11,维护人员,V_APS_LineAttendanceDetail,21625
Extend16,nvarchar,11,物料编码,V_APS_OrderRework,24173
Qty,decimal,11,工单数,V_APS_Report10,23721
Remark2,nvarchar,11,默认编辑,Dev_Dictionary,347
IsKey,bit,11,主键,V_DictionaryField,734
Qty,real,11,数量,V_APS_OrderPicking,3944
ProcessName,nvarchar,11,工序名称,V_APS_Process,3137
TotalPrices,float,11,总金额,V_WMS_ReceiptDetailByNO,6276
TotalPrices,decimal,11,总金额,V_WMS_DeliveryPlanForNewByNO,6289
TotalHours,decimal,11,总工时,V_APS_OrganizeWorkingTimesDetail,8449
Price,decimal,11,单价,V_MES_OrderOutputPersonsForAuditHour,7886
Price,decimal,11,单价,V_MES_OrderOutputPersonsForAudit,7706
Price,decimal,11,单价,V_MES_OrderOutputPersonsForGroup,7754
Price,decimal,11,单价,V_PWS_WJProcessMaterial,9966
StockQty,decimal,11,库存,V_APS_OrderPlanMaterialForm,9076
Seconds,decimal,11,标准工时,V_APS_ProcessMaterialError,9710
ModifiedByName,nvarchar,11,修改姓名,APS_InterfaceSAPOutputField,39184
Status,int,11,状态,APS_InterfaceSAPInput,39131
Spec,nvarchar,11,规格型号,APS_ToolingRegister_JDY,39872
CustomerName,nvarchar,11,客户名称,V_APS_Report60,39919
DemandQty,decimal,11,预测需求,V_APS_Report45,40368
Explain,varchar,11,解析,V_APS_SalesOrderBom,41758
CustomerCode,varchar,11,客户代码,V_APS_NewProductTrial,40644
CustomerName,nvarchar,11,客户,V_APS_QualityAbnormalityCase,40681
ProductCode,varchar,11,产品编号,APS_TempChangeRequest,40619
Month1Actual,decimal,11,1月下单,V_APS_SalesOrderDetailPlanLine,44094
ModifiedBy,varchar,11,修改账号,MES_RouteReport,44056
WeekendAttendanceOverTimes,decimal,11,周末加班工时,V_APS_SchedulingOutByOrder,43832
TotalRestPeoples,int,11,休息,V_APS_SalesOrderDetailDeliver3Total,43809
SalesOrderNo,varchar,11,销售订单,V_APS_SalesOrderWarning,42036
OnloadQty,decimal,11,采购在途,V_APS_MaterialOrg,41804
OnloadQty,decimal,11,采购在途,V_APS_PrepareView6,41912
ModifyedOn,datetime,11,修改日期,V_Dev_PositionDetail,42845
EfficiencyRate,decimal,11,效率值,V_Dev_PositionExamRecord,42887
ConfirmedQty,decimal,11,确认数量,V_APS_PrepareView4,43640
OutOrganizeID,int,11,调出组织,V_APS_LineAttendance,43608
TotalUnCompletionQty,decimal,11,工单未入库,V_APS_Report33,43158
TotalUnCompletionQty,decimal,11,工单未入库,V_APS_PrepareView26,43362
StencilNO,varchar,11,钢网,V_APS_OrderForPrepare2,47813
Extend16,nvarchar,11,群组,V_APS_OrderPlanMaterialFormList,47767
StockQty,decimal,11,结余库存数,V_APS_OrderForPrepare,47731
DemandQty,decimal,11,需求数,V_APS_ProcessPlanHistoryForWeek3,48222
PlanQty,decimal,11,计划数,V_APS_MOPlanStep5,47294
LeaveDate1,datetime,11,离职时间,V_Dev_AccountEmployee,47433
ConfirmQty,decimal,11,当日确认产出,V_APS_PrepareView5,47448
CreatedByName,nvarchar,11,创建姓名,MES_OrderRouteReport,46911
FormRate8,varchar,11,齐套率,V_APS_MOPlanStep4V11,46488
FormCount,int,11,齐料项,V_APS_Report1,45334
MaterialSubstitute,nvarchar,11,BOM替代料,V_APS_Report36,45242
TotalOweQty,decimal,12,总欠数,V_APS_Report17,45595
TotalHours,decimal,12,出勤工时,V_APS_ProductionReportMt,44122
DemandQty,decimal,12,物料需求,V_APS_MaterialForecastForm,44394
CustomerName,nvarchar,12,客户名称,APS_ProductCheck_JDY,39338
InterfaceName,varchar,12,接口名称,APS_InterfaceSAP,39094
AllOnload,decimal,12,在途在制汇总,V_APS_MaterialBalancePlan,38495
OrderNo,varchar,12,生产单号,V_APS_ProcessPlanForSchedinng,9202
Qty,decimal,12,数量,V_APS_MOPlanStep1V12,24652
ItemName,nvarchar,12,物料名称,APS_DeliveryData,25229
ProcessName,nvarchar,12,工序,V_APS_MOPlanStep4,13801
Code,varchar,12,物料编码,V_APS_OrderPlanMaterialFormByItem1,28563
DocNo,varchar,12,收货单号,V_APS_OrderInStock,29371
Code,varchar,12,物料编码,V_APS_Report50,37246
StartDate,datetime,12,计划开始,APS_ManualForecastDetail,37932
ReplyCount,int,12,评估次数,V_APS_SalesOrderDeliveryReplyInfo,36826
CompletionDate,datetime,12,完工日期,V_APS_SalesOrderDetailDelivery,36902
ProducedQty,decimal,12,已报工,V_APS_Report19,36655
CreatedByName,nvarchar,12,创建姓名,APS_ProcessMaterialHistory,38020
StandardPeoples1,int,12,直接人数,V_APS_ProcessMaterialHistory,38101
ERPID,varchar,12,ERPID,APS_OrganizeDemandOrder,38187
Extend10,nvarchar,12,属性,V_APS_MaterialBOM,29931
OrderNo,varchar,12,生产单号,V_APS_DeliveryDataDetail,33393
SyncRate,int,12,同步频率,Dev_Dictionary,33460
Qty,decimal,12,订单数,V_APS_SalesOrderBom,35232
IsUsable,int,12,供需平衡计算,V_WMS_Stock,34617
PCStartDate,datetime,12,指定日期,V_APS_ProcessPlan,36246
NoWorkHours,bit,12,忽略工时,V_APS_ProcessPlan,36243
StandardPeoples,decimal,12,标准人数,V_APS_MOPlanStep4V9,36081
NoWorkHours,bit,12,忽略工时,APS_ProcessPlan,35922
Qty,decimal,12,工单数,V_APS_MOPlanStep1V2,35945
OweQty,decimal,12,需求合计,V_APS_DeliveryData2,26644
ProcessName,nvarchar,12,工序,V_APS_Report10,23833
ModifyedOn,datetime,12,维护时间,V_APS_LineAttendanceDetail,21627
SourceOrderNo,varchar,12,销售单,V_APS_OrderPlanMaterialFormList,11328
OncheckQty,decimal,12,质检,V_APS_OrderPlanMaterialForm,10465
Price,decimal,12,单价,PWS_ProcessMaterial,6968
Price,decimal,12,单价,PWS_ProcessPrice,6982
TotalPeoples,int,12,组织人数,V_APS_OrganizeWorkingTimesDetail,38705
Status,int,12,状态,APS_InterfaceSAPOutput,39160
MaterialType,nvarchar,12,物料类型,APS_ToolingRegister_JDY,39871
Spec,nvarchar,12,规格,V_APS_Report49,39607
Remark1,nvarchar,12,判定,V_APS_AssessmentHR,41647
Codes,nvarchar,12,无答复交期,V_APS_MaterialForecast,44747
Status,int,12,单别,APS_ProcessPartName,44175
ModifiedByName,nvarchar,12,修改姓名,MES_RouteReport,44057
Month2Forecast,decimal,12,2月预测,V_APS_SalesOrderDetailPlanLine,44095
TotalOutPeoples,int,12,借出,V_APS_SalesOrderDetailDeliver3Total,43810
SourceOrderNo,varchar,12,销售订单,V_APS_OrderWarning,43672
MonthAttendanceTimes,decimal,12,月总工时,V_APS_SchedulingOutByOrder,43833
PositionLevelStr,nvarchar,12,岗位,V_APS_LineAttendance,43616
EfficiencyScore,decimal,12,效率分(40分),V_Dev_PositionExamRecord,42888
AverageTime,decimal,12,平均时间,V_APS_ProcessMaterialError,42548
NoSchedulingWeek,bit,12,不排,V_APS_MOPlanStep2V10,44948
UnFormCount,int,12,欠料项,V_APS_Report1,45335
AlternativeCode,varchar,12,替代料编码,V_APS_Report36,45113
Qty,decimal,12,工单数,V_APS_MOPlanStep2V1,44814
ModifiedBy,varchar,12,修改账号,MES_OrderRouteReport,46912
TotalPeoples,int,12,生产人数,V_APS_PrepareView5,47450
IssuedQty,decimal,12,已发料,V_APS_ProcessPlanHistoryForWeek3,48223
StockAndOnloadQty,decimal,12,结余库存+在途,V_APS_OrderForPrepare,47816
MaterialName,nvarchar,13,物料名称,V_APS_POSummary,42256
Amount1,decimal,13,库存金额,V_APS_MaterialBalanceTotalHistory,42364
Name,nvarchar,13,员工姓名,V_APS_LineAttendanceDetailByMonth,43999
Extend4,nvarchar,13,产品名称,APS_SalesOrder_JDY,39490
OrderNo,varchar,13,生产单号,V_APS_OrderInStock,40261
StockQtyAll,decimal,13,可用库存汇总,V_APS_MaterialBalancePlan,38484
Code,varchar,13,物料编码,V_APS_OrderBOMNew,4832
OrderNo,varchar,13,工单号,V_APS_OrderPlanMaterialFormList,9660
MaterialName,nvarchar,13,物料描述,V_APS_Order,655
OrderNo,varchar,13,工单号,V_APS_MOPlanStep2V10,23236
FixedDay,int,13,提前期,V_APS_MaterialMaintain,21559
Spec,nvarchar,13,规格,APS_DeliveryData,25230
LineNum,varchar,13,行号,V_APS_Report21,25578
PlanQty,decimal,13,计划数,V_APS_MOPlanStep1V12,24771
LineNum,int,13,行号,V_APS_SalesOrderDetailALL,12906
Code,varchar,13,物料编码,V_APS_PO,13967
OnloadQty,decimal,13,在途,V_APS_Report17,14971
UnIssuedQty1,decimal,13,生产需求,V_APS_OrderPrepareReport,16125
MaterialName,nvarchar,13,物料描述,V_APS_OrderPlanMaterialFormByItem1,28564
IsMating,int,13,APS齐套计算,V_WMS_Stock,28538
POOweQty,decimal,13,分配送货,V_APS_DeliveryData2,27512
DataSource,nvarchar,13,数据来源,Dev_Dictionary,33459
POPeriod,int,13,采购周期,V_APS_MaterialBOM,29928
TotalPeoples,int,13,组织人数,V_APS_MOPlanStep4V9,36028
NoScheduling,bit,13,不排,APS_ProcessPlan,35923
PlanQty,decimal,13,计划数,V_APS_MOPlanStep1V2,35929
Code,varchar,13,物料编码,V_APS_Orderfinish,36125
NoScheduling,bit,13,不排,V_APS_ProcessPlan,36244
Extend14,nvarchar,13,物料分组,V_APS_Report42,35281
ReqQty,decimal,13,所需数量,V_APS_Report49,35532
POPeriod,int,13,采购周期,V_APS_SalesOrderBom,35213
MaterialName,nvarchar,13,物料名称,V_APS_Report46,34751
StartDate,datetime,13,开始,APS_OrganizeDemandOrder,38188
ModifiedBy,varchar,13,修改账号,APS_ProcessMaterialHistory,38021
ActualDeliveryDate,date,13,订单实际交期,V_APS_SalesOrderDetailDelivery,37908
AllUnIssuedQty,decimal,13,需求汇总,V_APS_MaterialBalanceHistory,38045
OweProducedQty,decimal,13,未完成数,V_APS_Report19,36656
Remark1,nvarchar,13,不达成原因,V_APS_Report19,36605
ReplyStatus,varchar,13,更新状态,V_APS_SalesOrderDeliveryReplyInfo,36827
EndDate,datetime,13,计划完成,APS_ManualForecastDetail,37933
Spec,nvarchar,13,规格型号,V_APS_Report39,19199
IsAdd,bit,13,新增,V_DictionaryField,19211
PlanQty,decimal,13,计划数,V_APS_MOPlanStep1V10,22403
ProcessCount,int,13,已关联,V_APS_Process,3153
Status,int,13,状态,V_APS_ProcessGroupInfo,3264
PODocs,varchar,13,在途采购单,V_APS_OrderPlanMaterialForm,11334
Price,decimal,13,单价,V_APS_Material2,4766
Price,decimal,13,单价,V_APS_Material2,5132
Price,decimal,13,单价,V_PWS_ProcessPriceMaterial,7014
InterfaceDescription,nvarchar,13,接口描述,APS_InterfaceSAP,39095
ModifyedOn,datetime,13,修改日期,APS_InterfaceSAPOutputField,39186
OweQty,decimal,13,欠数,V_APS_Report45,40370
Department,nvarchar,13,工装所属,APS_ToolingRegister_JDY,39798
Extend4,nvarchar,13,产品名称,V_APS_SalesOrderDetail_JDY,39434
Temperature,nvarchar,13,老化温度,APS_ProductAgingCondition_JDY,39776
SyncDatetime,datetime,13,同步日期,APS_ProductAgingCondition_JDY,39769
Remark2,nvarchar,13,备注,V_APS_AssessmentHR,41648
Remark1,nvarchar,13,判定,V_APS_AssessmentMachine,41668
Code,varchar,13,物料编码,V_APS_Report57,41126
ProductName,nvarchar,13,产品名称,APS_TempChangeRequest,40620
MaterialName,nvarchar,13,机种,V_APS_QualityAbnormalityCase,40699
OrderNo,varchar,13,生产单号,V_APS_NewProductTrial,40645
ERPID,varchar,13,ERP主键ID,APS_NewProductTrial,40535
ERPID,varchar,13,ERP主键ID,APS_QualityAbnormalityCase,40570
TotalInPeoples,int,13,调入,V_APS_SalesOrderDetailDeliver3Total,43813
Month2Actual,decimal,13,2月下单,V_APS_SalesOrderDetailPlanLine,44096
AdjustmentSuggestion,varchar,13,后续预测调整建议,V_APS_OrderForCheck,44044
CodesDate,nvarchar,13,最迟答复交期(前三),V_APS_MaterialForecast,44748
PlanQty,decimal,13,计划数,V_APS_MOPlanStep1V9,44751
Extend9,varchar,13,物料类型,V_APS_Report59,44668
PlanQty,decimal,13,计划数,V_APS_MOPlanStep2V1,44796
LineNum,varchar,13,行号,V_APS_SalesOrderWarning,41987
ProcessCapacity,decimal,13,工序标准小时产能,V_APS_ProcessMaterialError,42549
ProcessCapacity,decimal,13,标准产能,V_APS_ProductionReportMt,42455
CreatedByName,nvarchar,13,创建姓名,V_Dev_AccountEmployee,42815
DiffNumber,decimal,13,差异数,V_APS_PrepareView26,42732
QualityRate,decimal,13,品质值,V_Dev_PositionExamRecord,42889
DiffNumber,decimal,13,差异数,V_APS_Report33,43046
PCDeliveryDate,datetime,13,计划交期,V_APS_OrderForPrepare2,47806
StockBeforeAllocQty,decimal,13,分配前库存+在途,V_APS_OrderForPrepare,47732
ModifyedOn,datetime,13,更新时间,V_APS_Report24,47549
UnIssuedQty,decimal,13,未发料,V_APS_ProcessPlanHistoryForWeek3,48228
TotalHour,decimal,13,总生产用时,V_APS_PrepareView5,47451
ModifiedByName,nvarchar,13,修改姓名,MES_OrderRouteReport,46913
FormRate8,varchar,13,齐套率,V_APS_Report1,45378
OncheckQty,decimal,13,最新待检,V_APS_Report43,45284
Remark3,nvarchar,13,计划备注,V_APS_MOPlanStep4V11,46486
Code,varchar,13,物料编码,V_APS_Report56,46028
LineNum,varchar,13,行号,V_APS_Report47,46229
LineNum,nvarchar,14,行号,V_APS_OrderInStock,40243
E1,decimal,14,可用量1,V_APS_MaterialBalancePlan,38501
ProductCode,varchar,14,产品编码,V_APS_OrderPlanMaterialFormList,9655
Code,varchar,14,物料编码,V_APS_ProcessPlanForSchedinng,9203
Code,varchar,14,物料编码,V_APS_MOPlanStep2V10,23276
CompletionQty,decimal,14,入库,V_APS_MOPlanStep1V12,24706
ItemCode,varchar,14,物料编码,V_APS_DeliveryDataDetail,26226
OncheckQty,decimal,14,待检,V_APS_Report17,14966
PlanQty,decimal,14,排产数,V_APS_MOPlanStep4,13775
MaterialName,nvarchar,14,物料名称,V_APS_Report50,37248
ForeCastNo,varchar,14,预测单号,V_APS_Report60,33686
SignleCapacity,decimal,14,工序人均小时产能,V_APS_ProcessMaterialError,33718
Unit,varchar,14,单位,V_APS_SalesOrderBom,35217
WorkOrderTypeName,nvarchar,14,单据类型,V_APS_SalesOrderDeliveryReplyInfo,35249
MaterialName,nvarchar,14,品名,V_APS_Orderfinish,36126
ExpectTime,decimal,14,用时,V_APS_MOPlanStep4V9,36075
RemainQty,decimal,14,未清数量,V_APS_Report49,35550
SyncContent,nvarchar,14,底部同步提示文本,Dev_Dictionary,33462
GapQty,decimal,14,送货缺口,V_APS_DeliveryData2,27513
PODeliveryDate,varchar,14,分配送货,V_APS_OrderPlanMaterialForm,27963
Spec,nvarchar,14,物料规格,V_APS_OrderPlanMaterialFormByItem1,28605
ForeCastNo,varchar,14,单据编号,APS_ManualForecastDetail,37934
Capacity,decimal,14,标准产能(UPH),V_APS_Report19,36610
ERPID,varchar,14,ERP主键ID,APS_MaterialLadderLossRelated,36317
ERPID,varchar,14,ERP主键ID,APS_MaterialLadderLossConfig,36296
AllOnload,decimal,14,在途汇总,V_APS_MaterialBalanceHistory,38046
ModifiedByName,nvarchar,14,修改姓名,APS_ProcessMaterialHistory,38022
ERPID,varchar,14,ERP主键ID,APS_MaterialBalanceTotalHistory,38001
ERPID,varchar,14,ERP主键ID,APS_MaterialBalanceHistory,37974
EndDate,datetime,14,结束,APS_OrganizeDemandOrder,38189
StandardPeoples2,int,14,间接人数,V_APS_ProcessMaterialHistory,38102
Extend5,nvarchar,14,工单备注,V_APS_MOPlanStep4V11,18774
PlanQty,decimal,14,当日排产,V_APS_Report10,23811
Price,decimal,14,单价,V_APS_SalesOrderSetProduction,12319
Price,decimal,14,单价,APS_SalesOrderDetail,7155
ProcessCount,int,14,工序数,V_APS_ProcessGroup,3058
Capacity,decimal,14,标准小时产能,V_APS_ProcessMaterial,125
StockQty,decimal,14,库存数,V_WMS_Stock,1193
Spents,float,14,耗时（秒）,Dev_SysLog,969
Extend10,nvarchar,14,属性,V_APS_SalesPlanMaterial,39077
Remark1,nvarchar,14,类型,APS_InterfaceSAP,39106
MainERPID,varchar,14,,APS_QualityAbnormalityCase,40571
MainERPID,varchar,14,,APS_NewProductTrial,40536
ERPID,varchar,14,ERP主键ID,APS_ProcessPosition,40792
ERPID,varchar,14,ERP主键ID,Dev_PositionLevelMap,40837
ERPID,varchar,14,ERP主键ID,Dev_PositionAccountMap,40811
Remark2,nvarchar,14,方案,V_APS_AssessmentMachine,41669
ERPID,varchar,14,ERP主键ID,APS_AssessmentHR,41586
ERPID,varchar,14,ERP主键ID,APS_AssessmentResources,41627
QualityScore,decimal,14,品质分(60分),V_Dev_PositionExamRecord,42890
Unit,varchar,14,计量单位,V_APS_Report45,42267
DowntimeType,nvarchar,14,异常类型,V_APS_ProductionReportMt,42438
OnloadQty4,decimal,14,生产在制,V_APS_MaterialOrg,41807
OnloadQty4,decimal,14,生产在制,V_APS_PrepareView6,41920
StockQty,decimal,14,计算时库存,V_APS_MaterialForecastForm,44395
ERPID,varchar,14,ERP主键ID,APS_MaterialForecastForm,44319
ERPID,varchar,14,ERP主键ID,APS_MaterialForecastBom,44296
AdjustedForecastQty,numeric,14,下期备货建议量,V_APS_OrderForCheck,44045
Month3Forecast,decimal,14,3月预测,V_APS_SalesOrderDetailPlanLine,44097
WarehouseName,nvarchar,14,仓库,WMS_StockAll,44023
DeliveryRate,decimal,14,发料率,V_APS_Report1,45360
hours1,decimal,14,总损耗工时,V_APS_PrepareView5,47454
OweQty,decimal,14,欠数,V_APS_ProcessPlanHistoryForWeek3,48224
StockQty,decimal,14,库存,V_APS_ProcessPlanHistoryForWeek3,48225
DemandQty,decimal,14,预测需求,V_APS_OrderForPrepare,47718
Remark1,nvarchar,14,备注,V_APS_OrderForPrepare2,47803
PoReplyDate,datetime,15,PO原交期,V_APS_Report17,45592
MaterialName,nvarchar,15,机种名称,V_APS_ProcessPlanHistoryForWeek,45766
MaterialName,nvarchar,15,机种名称,V_APS_ProcessPlanHistoryForWeek2,45843
LineNum,varchar,15,行号,V_APS_PrepareView3,46328
LineNum,varchar,15,行号,V_APS_Report55,46308
PeriodOfTime,varchar,15,时段,V_APS_LineAttendanceDetailByMonth,44012
Amount2,decimal,15,库存超订金额,V_APS_MaterialBalanceTotalHistory,42365
Spec,nvarchar,15,规格,V_APS_POSummary,42255
Code,varchar,15,物料编码,V_APS_SalesOutStock,41554
Extend6,nvarchar,15,规格型号,APS_SalesOrder_JDY,39492
Spec,nvarchar,15,规格型号,V_APS_Order,658
MaterialName,nvarchar,15,物料名称,V_APS_OrderBOMNew,4833
MaterialName,nvarchar,15,物料名称,V_APS_ProcessPlanForSchedinng,9695
ProductName,nvarchar,15,机种名称,V_APS_OrderPlanMaterialFormList,9656
MaterialName,nvarchar,15,物料名称,V_APS_MOPlanStep2V10,23274
ItemName,nvarchar,15,物料名称,V_APS_DeliveryDataDetail,26227
MaterialName,nvarchar,15,物料名称,V_APS_Report38,20028
UnIssuedQty2,decimal,15,预测需求,V_APS_OrderPrepareReport,16126
DemandQty,decimal,15,需求数,V_APS_OrderPlanMaterialFormByItem1,28567
MaterialName,nvarchar,15,物料名称,V_APS_PO,28667
MasterMaterialName,nvarchar,15,产品描述,V_APS_MaterialBOM,30009
MaterialName,nvarchar,15,物料描述,V_APS_Report54,33897
Spec,nvarchar,15,规格,V_APS_Report46,34752
Spec,nvarchar,15,规格,V_APS_Orderfinish,36127
MCRemark,nvarchar,15,备注原因,V_APS_PrepareView2,29261
BillNo,varchar,15,单号,APS_OrganizeDemandOrder,38190
SyncDatetime,datetime,15,同步日期,APS_MaterialBalanceHistory,37975
SyncDatetime,datetime,15,同步日期,APS_MaterialBalanceTotalHistory,38002
StockQtyAll,decimal,15,库存汇总,V_APS_MaterialBalanceHistory,38047
SyncDatetime,datetime,15,同步日期,APS_MaterialLadderLossConfig,36297
SyncDatetime,datetime,15,同步日期,APS_MaterialLadderLossRelated,36318
PlanQty,decimal,15,日排产数,V_APS_Report19,36597
LineNum,varchar,15,行号,APS_ManualForecastDetail,37935
Code,varchar,15,物料编码,V_APS_Report42,37011
SuplierReplyDate,datetime,15,答复交期,V_APS_OrderPlanMaterialForm,18530
OrderNo,varchar,15,工单号,V_APS_OrderPlanChange,21381
Spec,nvarchar,15,规格,V_APS_Report2,15370
ProducedQty,decimal,15,报工,V_APS_MOPlanStep1V12,24663
HasQty,decimal,15,当日报工,V_APS_Report10,23812
Qty,decimal,15,订单数,V_APS_OrderRework,24109
ModifyedOn,datetime,15,修改日期,Dev_ColorConfig,21825
MOCount,int,15,工单,V_APS_MaterialMaintain,21573
Price,decimal,15,单价,V_MES_OrderOutputPersons,9914
OncheckQty,decimal,15,待检数,V_WMS_Stock,11570
SortType,varchar,15,排序,V_DictionaryField,742
MaterialCount,int,15,关联产品,V_APS_ProcessGroup,3086
IssuedQty,real,15,已发料,V_APS_OrderPicking,3971
Extend6,nvarchar,15,规格型号,V_APS_SalesOrderDetail_JDY,39436
Hours,decimal,15,老化时间(H),APS_ProductAgingCondition_JDY,39777
OnHandQty,decimal,15,存货量,V_APS_Report49,39569
ProcessGroupTime,decimal,15,工段总工时,V_APS_ProcessMaterial,39560
FixDay,int,15,提前期,V_APS_SalesPlanMaterial,39091
APIUrl,varchar,15,API地址,APS_InterfaceSAP,39112
Remark2,nvarchar,15,操作,APS_InterfaceSAPOutputField,39188
UsableQty2,decimal,15,可用量2(含损耗),V_APS_MaterialBalancePlan,39034
SyncDatetime,datetime,15,同步日期,Dev_PositionAccountMap,40812
MaterialName,nvarchar,15,物料名称,V_APS_Report57,41125
SyncDatetime,datetime,15,同步日期,APS_AssessmentResources,41628
ERPID,varchar,15,ERP主键ID,APS_AssessmentMachine,41607
SyncDatetime,datetime,15,同步日期,APS_AssessmentHR,41587
SyncDatetime,datetime,15,同步日期,Dev_PositionLevelMap,40838
SyncDatetime,datetime,15,同步日期,APS_ProcessPosition,40793
Spec,nvarchar,15,规格型号,V_APS_QualityAbnormalityCase,40700
OrderNo,varchar,15,生产单号,APS_TempChangeRequest,40622
SyncDatetime,datetime,15,同步日期,APS_NewProductTrial,40537
OrderLineNo,int,15,订单行号,V_APS_NewProductTrial,40646
SyncDatetime,datetime,15,同步日期,APS_QualityAbnormalityCase,40572
DowntimeReason,nvarchar,15,异常原因,V_APS_ProductionReportMt,42439
POPeriod,int,15,采购周期,V_APS_Report45,42270
Code,varchar,15,物料编码,V_APS_SalesOrderWarning,42038
MaterialType,nvarchar,15,物料组,V_APS_SalesOrderDetailALL,42191
AllOnload,decimal,15,在途/在制汇总,V_APS_PrepareView6,41921
AllOnload,decimal,15,在途/在制汇总,V_APS_MaterialOrg,41808
TotalScore,decimal,15,综合得分,V_Dev_PositionExamRecord,42891
MaterialType,nvarchar,15,物料组,V_APS_Report21,42996
MasterCode,varchar,15,产品编码,V_APS_Report32,43013
ProcessRate,decimal,15,工序进度,V_APS_PrepareView4,43642
ERPStatus,nvarchar,15,ERP状态,V_APS_PrepareView1,43483
ModifiedByName,nvarchar,15,修改姓名,V_Dev_AccountEmployee,42817
BottleneckTime,decimal,15,瓶颈工时,V_APS_ProcessMaterialError,42550
StockQty,decimal,15,库存数,WMS_StockAll,44024
Month3Actual,decimal,15,3月下单,V_APS_SalesOrderDetailPlanLine,44098
StandardPeoples,decimal,15,标准人数,APS_ProcessPartMaterial,44160
SyncDatetime,datetime,15,同步日期,APS_MaterialForecastBom,44297
StandardPeoples,decimal,15,标准人数,V_APS_ProcessPartMaterial,44199
StandardPeoples,decimal,15,标准人数,APS_ProcessPartMaterialImport,44228
SyncDatetime,datetime,15,同步日期,APS_MaterialForecastForm,44320
CreatedByName,nvarchar,15,创建人,V_APS_MaterialForecast,44340
StandardPeoples,decimal,15,标准人数,V_APS_ProcessPartMaterial2,44253
StockQtyAllocation,decimal,15,分配库存,V_APS_MaterialForecastForm,44397
ProcessPartName,nvarchar,15,对应工段,V_PWS_ProcessMaterial,44511
SideType,nvarchar,15,单双面,V_APS_Report20,44577
MOCount,int,15,工单数,V_APS_Report59,44718
MaterialName,nvarchar,15,物料名称,V_APS_Report56,46029
TraysNum,decimal,15,需求数量,V_APS_Report39,46357
NoReplyCodes,varchar,15,无答复交期,V_APS_Report1,45509
DataType,varchar,15,类型,V_APS_OrderForPrepare2,47797
StandardPeoples,decimal,15,标准人数,V_APS_PrepareView5,47447
TotalOweQty,decimal,15,总欠数,V_APS_OrderForPrepare,47735
OnloadQty,decimal,15,PO未交,V_APS_ProcessPlanHistoryForWeek3,48226
Extend1,decimal,15,非待检数,V_APS_Report43,47004
Qty,decimal,16,SAP数,V_APS_ProcessPlanHistoryForWeek,45768
PlanStartDate,datetime,16,要求齐料,V_APS_Report17,45599
Qty,decimal,16,数量,V_APS_ManualForecastDetail,39825
Code,varchar,16,物料编码,V_APS_OrderPlanMaterialFormList,9652
Spec,nvarchar,16,规格,V_APS_ProcessPlanForSchedinng,9204
Spec,nvarchar,16,规格,V_APS_MOPlanStep2V10,23275
Code,varchar,16,物料编码,V_APS_OrderInStock,29379
Qty,decimal,16,订单数,V_APS_Report50,31388
UnIssuedQty,decimal,16,未领,V_APS_OrderPlanMaterialFormByItem1,28606
IsConflict,varchar,16,冲突,V_APS_OrderPlanMaterialForm,32920
ProcessName,nvarchar,16,工序名称,V_APS_Orderfinish,36128
OrderQty,decimal,16,已承诺,V_APS_Report49,35533
Qty,decimal,16,订单数,APS_ManualForecastDetail,37936
HasQty,decimal,16,日报工数,V_APS_Report19,36598
Status,int,16,状态,V_APS_ProcessPlan,36381
DataSource,nvarchar,16,数据来源,APS_MaterialLadderLossRelated,36319
DataSource,nvarchar,16,数据来源,APS_MaterialLadderLossConfig,36298
RemainQty,decimal,16,超需求数,V_APS_MaterialBalanceHistory,38048
DataSource,nvarchar,16,数据来源,APS_MaterialBalanceTotalHistory,38003
DataSource,nvarchar,16,数据来源,APS_MaterialBalanceHistory,37976
LineNum,varchar,16,行号,APS_OrganizeDemandOrder,38191
StandardPeoples,int,16,总人数,V_APS_ProcessMaterialHistory,38078
OnPutQty,decimal,16,待上架,V_WMS_Stock,23668
RuleType,nvarchar,16,送货规则,V_APS_DeliveryRule,25199
POTracker,nvarchar,16,采购员,V_APS_PrepareView2,14095
OweQty,decimal,16,未完成,V_APS_MOPlanStep4,13802
isMerge,bit,16,合并,V_DictionaryField,9297
Capacity,decimal,16,标准小时产能,V_APS_ProcessMaterialError,7654
ToolingSource,nvarchar,16,工装来源,APS_ToolingRegister_JDY,39799
Qty,decimal,16,订单数,V_APS_SalesOrderDetail_JDY,39400
Qty,decimal,16,订单数,APS_SalesOrder_JDY,39459
RelatePeople,nvarchar,16,关联人员,V_APS_MaterialBalancePlan,38531
HttpMethod,varchar,16,请求方式,APS_InterfaceSAP,39114
PostProcessName,nvarchar,16,描点工序,V_APS_SalesPlanMaterial,39092
ModifiedByName,nvarchar,16,修改姓名,APS_InterfaceSAPOutput,39164
DataSource,nvarchar,16,数据来源,APS_QualityAbnormalityCase,40573
DataSource,nvarchar,16,数据来源,APS_NewProductTrial,40538
DataSource,nvarchar,16,数据来源,APS_ProcessPosition,40794
DataSource,nvarchar,16,数据来源,Dev_PositionLevelMap,40839
DataSource,nvarchar,16,数据来源,APS_AssessmentHR,41588
SyncDatetime,datetime,16,同步日期,APS_AssessmentMachine,41608
DataSource,nvarchar,16,数据来源,APS_AssessmentResources,41629
DataSource,nvarchar,16,数据来源,Dev_PositionAccountMap,40813
DataSource,nvarchar,16,数据来源,APS_MaterialForecastForm,44321
DataSource,nvarchar,16,数据来源,APS_MaterialForecastBom,44298
Month4Forecast,decimal,16,4月预测,V_APS_SalesOrderDetailPlanLine,44099
IsSample,varchar,16,样品,V_APS_PrepareView1,43780
Status,int,16,状态,APS_ProductionReport,42476
CreatedOn,datetime,16,创建日期,V_Dev_AccountEmployee,42818
OrderRate,numeric,16,订单总进度,V_APS_PrepareView4,43643
IsPass,nvarchar,16,是否通过,V_Dev_PositionExamRecord,42882
ResponsibleDept,nvarchar,16,责任部门,V_APS_ProductionReportMt,42440
CodesDate,varchar,16,最迟答复交期(前三),V_APS_Report1,45510
NoSchedulingWeek,bit,16,挂起,V_APS_MOPlanStep1V12,44947
Capacity,decimal,16,标准UPPH,V_APS_PrepareView5,47446
RplayDates,nvarchar,16,答复交期,V_APS_ProcessPlanHistoryForWeek3,48227
OweQty,decimal,16,欠数,V_APS_OrderForPrepare,47736
OweQty_M0,decimal,16,本月需购买数量,V_APS_Report45,47742
Qty2,decimal,17,原材料超订,V_APS_MaterialBalanceTotalHistory,42371
POQty,decimal,17,数量,V_APS_POSummary,42203
TotalHours,decimal,17,合计,V_APS_LineAttendanceDetailByMonth,44013
IsDeliveryReview,nvarchar,17,交期评审,APS_SalesOrder_JDY,39378
MaterialName,nvarchar,17,物料描述,V_APS_OrderInStock,40258
Spec,nvarchar,17,规格型号,V_APS_OrderBOMNew,4834
MaterialName,nvarchar,17,物料名称,V_APS_OrderPlanMaterialFormList,9654
Qty,decimal,17,数量,V_APS_Order,628
UnIssuedQty3,decimal,17,销售需求,V_APS_OrderPrepareReport,16264
POPeriod,int,17,采购提前期,V_APS_MaterialMaintain,21589
StockQty,decimal,17,库存,V_APS_OrderPlanMaterialFormByItem1,28565
Spec,nvarchar,17,规格,V_APS_PO,28668
PODeliveryQtyOwe,decimal,17,送货欠数,V_APS_OrderPlanMaterialForm,29801
ProcessPartName,nvarchar,17,所属工段,V_APS_Orderfinish,36129
HasQty1,decimal,17,昨日累计,V_APS_MOPlanStep1V10,36094
OrderJoinQty,decimal,17,已订购,V_APS_Report49,35549
HasQty1,decimal,17,昨日累计,V_APS_MOPlanStep1V2,35931
Qty,decimal,17,数量,APS_OrganizeDemandOrder,38192
ID,bigint,17,ID,APS_MaterialBalanceHistory,37977
ID,bigint,17,ID,APS_MaterialBalanceTotalHistory,38004
RemainReason,nvarchar,17,呆滞原因,V_APS_MaterialBalanceHistory,38049
Status,int,17,状态,APS_ProcessMaterialHistory,38025
MaterialType,nvarchar,17,品号属性,APS_MaterialLadderLossConfig,36299
MaterialType,nvarchar,17,品号属性,APS_MaterialLadderLossRelated,36320
PlanQtyReachM,decimal,17,达成率,V_APS_Report19,36629
Qty,decimal,17,工单数,V_APS_ProcessPlanForSchedinng,36268
Extend1,varchar,17,关闭状态,APS_ManualForecastDetail,37937
MaterialName,nvarchar,17,物料名称,V_APS_Report42,37004
RuleValue,varchar,17,规则参数,V_APS_DeliveryRule,25200
ProcessEnd,bit,17,工段结束,V_APS_ProcessGroupInfo,18601
Remark2,nvarchar,17,换线时间(分),V_APS_ProcessMaterial,135
IsQuery,bit,17,查询,V_DictionaryField,740
IsDeliveryReview,nvarchar,17,交期评审,V_APS_SalesOrderDetail_JDY,39380
AssertStatus,nvarchar,17,生效状态,APS_ProductAgingCondition_JDY,39778
ProcessName,nvarchar,17,工序,V_APS_SalesPlanMaterial,39090
ERPSyncCycle,int,17,同步频率(分),APS_InterfaceSAP,39111
DataSource,nvarchar,17,数据来源,APS_InterfaceSAPOutputField,39191
PositionAccountID,int,17,,Dev_PositionAccountMap,40814
Evaluation,int,17,考评,Dev_Position,40768
ID,int,17,ID,APS_AssessmentResources,41630
DataSource,nvarchar,17,数据来源,APS_AssessmentMachine,41609
ID,int,17,ID,APS_AssessmentHR,41589
PositionLevelID,int,17,主键ID,Dev_PositionLevelMap,40840
ProcessPositionID,int,17,,APS_ProcessPosition,40795
BatchNo,nvarchar,17,生产批号,APS_TempChangeRequest,40623
LineName,nvarchar,17,线别,V_APS_QualityAbnormalityCase,40682
TrialSummaryNo,varchar,17,试产总结单号,APS_NewProductTrial,40539
ProductCode,varchar,17,物料编码,V_APS_NewProductTrial,40647
Source,nvarchar,17,质量异常信息来源,APS_QualityAbnormalityCase,40574
Month4Actual,decimal,17,4月下单,V_APS_SalesOrderDetailPlanLine,44100
ERPID,varchar,17,ERP主键ID,MES_RouteReport,44062
ID,bigint,17,ID,APS_MaterialForecastBom,44299
ID,bigint,17,ID,APS_MaterialForecastForm,44322
CreatedOn,datetime,17,创建日期,V_APS_MaterialForecast,44343
OrderNos,varchar,17,生产订单,V_APS_Report59,44719
HasQty1,decimal,17,昨日累计,V_APS_MOPlanStep1V9,44753
HasQty1,decimal,17,昨日累计,V_APS_MOPlanStep2V1,44798
OweQty,decimal,17,欠数,V_APS_MaterialForecastForm,44396
Extend10,nvarchar,17,属性,V_APS_SalesOrderDetailALL,42192
DowntimeStart,time,17,异常开始,V_APS_ProductionReportMt,42441
MaterialName,nvarchar,17,物料名称,V_APS_SalesOrderWarning,42037
StartReportDate,datetime,17,开始报工,V_APS_PrepareView4,43636
SourceOrderNo,varchar,17,销售订单,V_APS_PrepareView1,43441
ModifyedOn,datetime,17,修改日期,V_Dev_AccountEmployee,42819
Status,int,17,生效,V_Dev_PositionExamRecord,42860
ProcessGroupTime,decimal,17,工段总工时,V_APS_ProcessMaterialError,42551
OweQty_M1,decimal,17,次月需购买数量,V_APS_Report45,47743
ActualBuyQty,decimal,17,需购买数,V_APS_OrderForPrepare,47758
Codes,varchar,17,无答复交期,V_APS_Report17,47748
DailyQty,decimal,17,MES报工数量,V_APS_OrderForPrepare3,47901
ActualCapacity,decimal,17,实际UPPH,V_APS_PrepareView5,47462
Y0,decimal,17,总工时,V_APS_MaterialDeliveryConfig,46969
DeliveryRate,numeric,17,发料率,V_APS_MOPlanStep1V12,46971
Extend5,nvarchar,17,工单备注,V_APS_Report1,45315
StockStatus,nvarchar,17,待检状态,V_APS_Report43,45296
StockQty,decimal,17,现有库存数,V_APS_Report39,46358
Spec,nvarchar,17,规格,V_APS_Report56,46030
Code,varchar,17,物料编码,V_APS_Report47,46231
TrayCode,varchar,17,托盘编码,V_APS_Report46,46191
Spec,nvarchar,18,规格,V_APS_OrderInStock,40259
Spec,nvarchar,18,规格,V_APS_OrderPlanMaterialFormList,9653
PlanQty,decimal,18,计划数,V_APS_ProcessPlanForSchedinng,9183
ProcessGroupName,nvarchar,18,工艺,V_APS_MOPlanStep2V10,23279
OweQty,decimal,18,欠数,V_APS_OrderPlanMaterialFormByItem1,28568
CompletionQty,decimal,18,入库数,V_APS_Report50,31442
HasQty,decimal,18,今日报工,V_APS_MOPlanStep1V10,36093
Extend2,varchar,18,单据状态,APS_ManualForecastDetail,37938
Remark2,nvarchar,18,计划备注,V_APS_Report19,36606
MaterialGroup,nvarchar,18,大类名称,APS_MaterialLadderLossRelated,36321
StartNumber,int,18,起始数量,APS_MaterialLadderLossConfig,36300
Analysis,nvarchar,18,解析,V_APS_MaterialBalanceHistory,38050
AllUnIssuedQty,decimal,18,需求汇总,APS_MaterialBalanceTotalHistory,38005
MaterialID,int,18,料品ID,APS_MaterialBalanceHistory,37978
ReQty,decimal,18,剩余数,APS_OrganizeDemandOrder,38193
FormRate8,varchar,18,齐套率,V_APS_MOPlanStep1V12,25472
SalesOrderDetailID,varchar,18,销售订单行,V_APS_OrderPlanMaterialForm,13406
Efficiency,decimal,18,平衡率,V_APS_ProcessMaterialError,7667
Remark1,nvarchar,18,备注,V_APS_OrderPicking,3952
ToolingStatus,nvarchar,18,工装状态,APS_ToolingRegister_JDY,39797
ModifiedByName,nvarchar,18,修改人,V_APS_LineAttendance,39270
DataSource,nvarchar,18,数据来源,V_WMS_Stock,39315
DataCount,int,18,记录数,APS_InterfaceSAP,39118
bomversion,varchar,18,BOM版本,V_APS_SalesPlanMaterial,39081
SourceRefNo,nvarchar,18,质量异常信息来源记录编号,APS_QualityAbnormalityCase,40575
CreateDateTime,datetime,18,日期时间,APS_NewProductTrial,40540
LevelName,nvarchar,18,等级名字,Dev_PositionLevelMap,40841
DailyWorkHour,int,18,每日上班时长,V_APS_AssessmentResources,41694
Tonnage,varchar,18,吨位,APS_AssessmentMachine,41610
DailyWorkHour,int,18,每日上班时长,APS_AssessmentResources,41631
Gradation,int,18,等级划分,Dev_Position,40769
LevelName,nvarchar,18,等级,V_Dev_PositionLevelMap,40929
PositionID,int,18,岗位,Dev_PositionAccountMap,40815
ProcessID,varchar,18,工序,APS_ProcessPosition,41341
CreatedByName,nvarchar,18,维护人,V_Dev_PositionExamRecord,42862
EndReportDate,datetime,18,最后报工,V_APS_PrepareView4,43637
DowntimeEnd,time,18,异常结束,V_APS_ProductionReportMt,42442
ReplyDate,date,18,回复交期,V_APS_MaterialForecastForm,44404
HasQty,decimal,18,今日报工,V_APS_MOPlanStep2V1,44797
ModifyedOn,datetime,18,修改日期,V_APS_MaterialForecast,44344
MasterID,bigint,18,最外层ID,APS_MaterialForecastForm,44323
MasterID,bigint,18,最外层ID,APS_MaterialForecastBom,44300
SyncDatetime,datetime,18,同步日期,MES_RouteReport,44063
Month5Forecast,decimal,18,5月预测,V_APS_SalesOrderDetailPlanLine,44101
HasQty2,int,18,今日报工,V_APS_MOPlanStep1V2,46562
HasQty2,int,18,今日报工,V_APS_MOPlanStep1V9,45196
YearMonth,nvarchar,18,月份,V_APS_Report12,45758
ERPID,varchar,18,ERP主键ID,MES_OrderRouteReport,46918
ActualTotalHour,decimal,18,标准总工时,V_APS_PrepareView5,47463
PCB,varchar,18,PCB板,V_APS_Report1,47388
CodesDate,varchar,18,最迟答复交期,V_APS_Report17,47749
OweQty_M2,decimal,18,第三月需购买数量,V_APS_Report45,47744
POPeriod,int,18,采购周期,V_APS_OrderForPrepare,47727
ParamsLabel,varchar,18,页签,V_APS_ProcessPlanHistoryForWeek3,48229
TotalStockQty,decimal,19,最新库存,V_APS_MaterialForecastForm,44405
Amount3,decimal,19,原材料超订金额,V_APS_MaterialBalanceTotalHistory,42366
QPA,decimal,19,用量,V_APS_OrderBOMNew,4812
Code,varchar,19,物料编码,V_APS_SalesOrderDetailALL,12412
AllUnIssuedQty,decimal,19,需求汇总,V_APS_OrderPrepareReport,16127
Qty,decimal,19,工单数,V_APS_MOPlanStep2V10,23237
Extend10,nvarchar,19,补给方式,V_APS_MaterialMaintain,21537
TransitTime,int,19,运输时间,V_APS_DeliveryRule,25222
POQty,decimal,19,数量,V_APS_PO,13971
ReplyDate,datetime,19,回复交期,V_APS_Report17,14981
Remark2,nvarchar,19,换线时间(分),V_APS_ProcessMaterialError,7666
Remark2,nvarchar,19,日记账备注,V_APS_OrderPicking,3953
QueryMethod,int,19,查询方式,V_DictionaryField,736
Extend1,varchar,19,扩展1,APS_OrganizeDemandOrder,38194
Code,varchar,19,物料编码,APS_MaterialBalanceHistory,37979
AllOnload,decimal,19,在途汇总,APS_MaterialBalanceTotalHistory,38006
EndNumber,int,19,结束数量,APS_MaterialLadderLossConfig,36301
RelatedType,nvarchar,19,对应类别,APS_MaterialLadderLossRelated,36322
Extend3,varchar,19,预留类型,APS_ManualForecastDetail,37939
ExpireStatus,varchar,19,是否到期,V_APS_SalesOrderDetailDelivery,37194
Spec,nvarchar,19,物料规格,V_APS_Report42,37005
ProductLineName,nvarchar,19,生产线体,V_APS_Report19,36679
OweQty,decimal,19,未完成,V_APS_MOPlanStep1V10,36099
Qty,decimal,19,工单数,V_APS_Orderfinish,36115
OweQty,decimal,19,未完成,V_APS_MOPlanStep1V2,35942
Capacity,decimal,19,标准产能,V_APS_MOPlanStep1V2,35953
OncheckQty,decimal,19,待检,V_APS_OrderPlanMaterialFormByItem1,28575
SourceOrderLineNo,varchar,19,SO行,V_APS_OrderPlanMaterialForm,28267
DowntimeHours,decimal,19,异常工时,V_APS_ProductionReportMt,42436
Spec,nvarchar,19,规格,V_APS_SalesOrderWarning,42039
UnReceivedQty,decimal,19,未清数量,V_APS_POSummary,42206
ForecastQty,decimal,19,预测需求,V_APS_SalesOrderBom,41790
ModifiedByName,nvarchar,19,更新人,V_Dev_PositionExamRecord,42864
Extend10,nvarchar,19,补给方式,V_APS_ProcessMaterialPartError,44448
OweQty,decimal,19,未完成,V_APS_MOPlanStep1V9,44759
MaterialID,bigint,19,料品ID,APS_MaterialForecastBom,44301
MaterialID,bigint,19,料品ID,APS_MaterialForecastForm,44324
Month5Actual,decimal,19,5月下单,V_APS_SalesOrderDetailPlanLine,44102
DataSource,nvarchar,19,数据来源,MES_RouteReport,44064
FinalDeliveryDate,datetime,19,ERP最终交期,V_APS_PrepareView1,43777
PositionType,nvarchar,19,类型,V_Dev_Position,40884
PositionName,nvarchar,19,岗位,V_Dev_PositionLevelMap,41069
PositionType,nvarchar,19,类型,Dev_Position,40770
MonthlyWorkDays,int,19,每月上班天数,APS_AssessmentResources,41632
DailyWorkHour,int,19,每日上班时长,APS_AssessmentMachine,41611
MonthlyWorkDays,int,19,每月上班天数,V_APS_AssessmentResources,41695
DailyWorkHour,int,19,每日上班时长,V_APS_AssessmentMachine,41674
PositionID,int,19,岗位,Dev_PositionLevelMap,40842
PositionID,int,19,岗位,APS_ProcessPosition,40797
MaterialName,nvarchar,19,产品名称,V_APS_NewProductTrial,40660
ProcessName,nvarchar,19,工序,V_APS_QualityAbnormalityCase,40683
ProductSpec,nvarchar,19,产品规格,APS_TempChangeRequest,40621
Initiator,varchar,19,发起人员,APS_NewProductTrial,40541
OccurrenceDate,datetime,19,日期,APS_QualityAbnormalityCase,40576
OrderDetail1,nvarchar,19,未完成工单1（含行号关联）,V_APS_SalesPlanMaterial,39082
RunMinutes,decimal,19,用时(分),APS_InterfaceSAP,39117
FieldType,nvarchar,19,属性类型,APS_InterfaceSAPOutputField,39194
StorageLocation,nvarchar,19,储位,APS_ToolingRegister_JDY,39804
CreatedByName,nvarchar,19,提交人,APS_ProductAgingCondition_JDY,39761
DeliveryDate,datetime,19,客供料交期,APS_SalesOrder_JDY,39377
DeliveryDate,datetime,19,客供料交期,V_APS_SalesOrderDetail_JDY,39406
AddOrderDate,datetime,19,需下单日期,V_APS_OrderForPrepare,47740
Qty,decimal,19,工单数量,V_APS_OrderPlanMaterialFormList,47864
StencilNO,varchar,19,钢网,V_APS_Report1,47389
AllocQty,decimal,19,分配数,V_APS_Report39,47395
Efficiency,decimal,19,当前效率值,V_APS_PrepareView5,47464
SyncDatetime,datetime,19,同步日期,MES_OrderRouteReport,46919
Y1,decimal,19,1月,V_APS_MaterialDeliveryConfig,46888
TargetQty,decimal,19,预测产值,V_APS_Report12,45759
Remark3,nvarchar,19,计划备注,V_APS_MOPlanStep1V12,45796
SupplierCode,varchar,19,供应商代码,V_APS_Report43,45290
OweQty,decimal,19,未完成,V_APS_MOPlanStep2V1,44810
PlanQty,decimal,19,数量,V_APS_Report57,46569
MaterialName,nvarchar,19,物料描述,V_APS_Report47,46232
OutPutQty,decimal,19,已投产,V_APS_Order,46224
TrayOfQty,int,19,每托数量,V_APS_Report46,46169
Qty,decimal,19,数量,V_APS_Report56,46021
Code,varchar,20,产品编码,V_APS_Report55,46309
Code,varchar,20,产品编码,V_APS_PrepareView3,46329
PlanQty,decimal,20,排产数,V_APS_ProcessPlanHistoryForWeek2,45844
PlanQty,decimal,20,计划数,V_APS_ProcessPlanHistoryForWeek,45676
MaterialName,nvarchar,20,物料描述,V_APS_SalesOutStock,41550
PlanScheduled,datetime,20,要求齐料,V_APS_Report3,28642
Spec,nvarchar,20,规格型号,V_APS_Report54,33896
Code,varchar,20,产品编码,V_APS_Report60,33693
DemandQty,decimal,20,需求,V_APS_OrderPlanMaterialFormList,9661
Spec,nvarchar,20,规格型号,V_APS_Report38,20029
PlanQty,decimal,20,计划数,V_APS_MOPlanStep2V10,23256
CompletionDate,datetime,20,完工日期,V_APS_OrderForToDo,25799
Remark1,nvarchar,20,备注,V_APS_DeliveryRule,25212
Code,varchar,20,物料编码,V_APS_OrderPlanChange,21382
SourceOrderNo,varchar,20,销售单,V_APS_MOPlanStep4V11,18763
Remark1,nvarchar,20,采购备注,V_APS_Report17,14961
PriceProcessCode,varchar,20,,R_InventoryValueDetail,10078
Price,decimal,20,单价,Import_OrderHistory,4537
DefaultValue,varchar,20,默认值,V_DictionaryField,1491
UserType,int,20,类型,V_Dev_Account,4335
Extend4,varchar,20,班制,APS_WorkingTimes,2365
CreatedByName,nvarchar,20,配置人员,V_APS_OrganizeWorkingTimesDetail,1508
DemandDate,datetime,20,过账日期,V_APS_Report49,35542
CompletionQty,decimal,20,已完成数,V_APS_Orderfinish,36116
OnloadQty,decimal,20,PO未交,V_APS_OrderPlanMaterialFormByItem1,28582
Extend1,varchar,20,计划平均生产规模,V_APS_MaterialBOM,33450
Extend7,nvarchar,20,投产人数,V_APS_Report19,36673
UnitName,varchar,20,单位,APS_ManualForecastDetail,37940
ID,int,20,ID,APS_MaterialLadderLossRelated,36323
LossProportion,decimal,20,损耗百分比(数字),APS_MaterialLadderLossConfig,36302
HasQty1,decimal,20,昨日累计,V_APS_ProcessPlanForSchedinng,36261
StockQtyAll,decimal,20,库存汇总,APS_MaterialBalanceTotalHistory,38007
AllUnIssuedQty,decimal,20,需求汇总,APS_MaterialBalanceHistory,37980
Efficiency,decimal,20,效率,APS_ProcessMaterialHistory,38028
Extend2,varchar,20,扩展2,APS_OrganizeDemandOrder,38195
ModifiedByName,nvarchar,20,修改姓名,V_APS_ProcessMaterialHistory,38083
Extend5,nvarchar,20,工单备注,V_APS_MOPlanStep1V12,41559
MinScore,decimal,20,最小分,V_Dev_PositionLevelMap,40931
Account,varchar,20,账号,APS_ProcessPosition,41342
MonthlyWorkDays,int,20,每月上班天数,V_APS_AssessmentMachine,41675
Qty1,int,20,总需求数量,V_APS_AssessmentResources,41696
MonthlyWorkDays,int,20,每月上班天数,APS_AssessmentMachine,41612
Qty1,int,20,数量1,APS_AssessmentResources,41633
CustomerName,nvarchar,20,客户,APS_QualityAbnormalityCase,40577
CustomerCode,varchar,20,客户代码,APS_NewProductTrial,40542
MinScore,decimal,20,最小分,Dev_PositionLevelMap,40843
Extend2,varchar,20,仓库,V_APS_MaterialBOM,39735
Extend3,varchar,20,项目,V_APS_MaterialBOM,39736
IsActive,nvarchar,20,启用状态,APS_ToolingRegister_JDY,39796
ModifyedOn,datetime,20,修改日期,V_APS_LineAttendance,39272
SyncDatetime,datetime,20,最近同步时间,APS_InterfaceSAP,39109
OrderDetail2,nvarchar,20,未完成工单2（不含行号关联）,V_APS_SalesPlanMaterial,39083
CustomerOrder,nvarchar,20,客户参考编号,V_APS_PrepareView1,43774
OrganizeID,int,20,所属组织,V_APS_SchedulingOutByOrder,43820
Priority,int,20,工序序号,MES_RouteReport,44065
Month6Forecast,decimal,20,6月预测,V_APS_SalesOrderDetailPlanLine,44103
Capacity,decimal,20,标准UPPH,V_APS_ProcessPartMaterial,44185
Capacity,decimal,20,标准UP/H,APS_ProcessPartMaterial,44146
WarehouseName,nvarchar,20,仓库,V_APS_Report2,44019
ParentID,bigint,20,岗位名称,APS_MaterialForecastForm,44325
ParentID,bigint,20,岗位名称,APS_MaterialForecastBom,44302
Capacity,decimal,20,标准产能UPH,V_APS_ProcessPartMaterial2,44239
Capacity,decimal,20,标准UPPH,APS_ProcessPartMaterialImport,44214
SlpName,nvarchar,20,采购员,V_APS_MaterialForecastForm,44403
LayoutCount,int,20,拼版数,V_APS_Report20,44578
Proportion,decimal,20,分配比例,V_PWS_ProcessMaterial,44513
CreatedOn,datetime,20,维护时间,V_Dev_PositionExamRecord,42865
Project,nvarchar,20,管理项目,V_APS_ProcessMaterialError,42552
Submitter,nvarchar,20,提交人,V_APS_ProductionReportMt,42531
PCDeliveryDate,datetime,20,计划交期,V_APS_PrepareView4,43633
ParentCode,varchar,20,上级编码,V_APS_Report32,43015
SampleQty,decimal,20,样品需求,V_APS_SalesOrderBom,41791
StockQtyAll,decimal,20,库存汇总(万),V_APS_PrepareView16,42133
ActualQty,decimal,20,实际产值,V_APS_Report12,45760
PCCapacity,decimal,20,PC产能,V_APS_MOPlanStep1V2,46757
DataSource,nvarchar,20,数据来源,MES_OrderRouteReport,46920
DiffHours,decimal,20,超欠产工时,V_APS_PrepareView5,47465
IsSample,varchar,20,样品,V_APS_Report1,47401
ConfirmQty,decimal,20,确认数量,V_APS_OrderForPrepare3,47904
CustomerName,nvarchar,20,客户名称,V_APS_OrderForPrepare,47756
Qty3,decimal,21,半成品超订,V_APS_MaterialBalanceTotalHistory,42372
PODocNo,varchar,21,采购单,V_APS_Report3,28621
DemandQty,decimal,21,需求数,V_APS_OrderBOMNew,4811
UnIssuedQty,decimal,21,未领,V_APS_OrderPlanMaterialFormList,13302
MaterialName,nvarchar,21,物料名称,V_APS_SalesOrderDetailALL,12411
Extend4,nvarchar,21,工单状态,V_APS_OrderForToDo,25804
Extend13,nvarchar,21,起购倍数,V_APS_MaterialMaintain,21540
OweQty,decimal,21,未完成,V_APS_ProcessPlanForSchedinng,9284
CreatedOn,datetime,21,配置日期,V_APS_OrganizeWorkingTimesDetail,1511
Formatter,varchar,21,格式化,V_DictionaryField,1901
ProducedQty,decimal,21,已报工,V_APS_Order,637
PRQty,decimal,21,请购中,V_APS_OrderPlanMaterialFormByItem1,28608
DeliveryDate,datetime,21,订单交期,V_APS_Report50,31393
UnCompletionQty,decimal,21,未完成数,V_APS_Orderfinish,36117
PCDayCapacity,decimal,21,标准日产,V_APS_MOPlanStep1V2,35938
CloseDate,datetime,21,有效期至,V_APS_Report49,35551
BOMType,nvarchar,21,类型,V_APS_MaterialBOM,33595
UnReceivedQty,decimal,21,未清数量,V_APS_PO,34611
Extend3,varchar,21,扩展3,APS_OrganizeDemandOrder,38196
IsUpdate,bit,21,是否更新,APS_ProcessMaterialHistory,38029
AllOnload,decimal,21,在途汇总,APS_MaterialBalanceHistory,37981
RemainQty,decimal,21,超需求数,APS_MaterialBalanceTotalHistory,38008
MaterialProp,nvarchar,21,类别,APS_MaterialLadderLossRelated,36373
ID,int,21,ID,APS_MaterialLadderLossConfig,36303
MaterialID,int,21,料品ID,APS_ManualForecastDetail,37941
DeliveryAchieveStatus,varchar,21,是否达成,V_APS_SalesOrderDetailDelivery,37167
Extend2,nvarchar,21,投产工时,V_APS_Report19,36674
POPeriod,int,21,物料交期,V_APS_Report42,37032
WorkShopName,nvarchar,21,生产车间,V_APS_ProductionReportMt,42446
DeliveryDate,datetime,21,交货日期,V_APS_POSummary,42210
AllUnIssuedPrice,decimal,21,需求汇总金额,V_APS_OrderPrepareReport,42262
Qty,decimal,21,数量,V_APS_SalesOrderWarning,41976
AlternativeCodes,varchar,21,备选物料,V_APS_SalesOrderBom,43496
QualityCharacteristics,nvarchar,21,品质特性,V_APS_ProcessMaterialError,42553
ModifyedOn,datetime,21,更新时间,V_Dev_PositionExamRecord,42866
PlanStartDate,datetime,21,要求齐料,V_APS_MOPlanStep2V10,42744
POPeriod,int,21,采购周期,V_APS_MaterialForecastForm,44408
QPA,decimal,21,用量,APS_MaterialForecastBom,44303
QPA,decimal,21,用量,APS_MaterialForecastForm,44326
Month6Actual,decimal,21,6月下单,V_APS_SalesOrderDetailPlanLine,44104
RouteID,int,21,制程ID,MES_RouteReport,44066
Extend3,nvarchar,21,用户,V_APS_PrepareView1,43760
OrderDetail3,nvarchar,21,全部工单1（含行号关联）,V_APS_SalesPlanMaterial,39086
ThreadCount,int,21,线程数,APS_InterfaceSAP,39115
ParentFieldSource,varchar,21,取上级字段值（填上级接口字段）,APS_InterfaceSAPOutputField,39196
CreatedOn,datetime,21,提交时间,APS_ProductAgingCondition_JDY,39764
LastOrderDate,datetime,21,最后下单时间,APS_SalesOrder_JDY,39508
LastOrderDate,datetime,21,最后下单时间,V_APS_SalesOrderDetail_JDY,39454
MaxScore,decimal,21,最大分,Dev_PositionLevelMap,40844
Spec,nvarchar,21,产品规格,V_APS_NewProductTrial,40661
SalesOrderNo,varchar,21,销售订单号,APS_TempChangeRequest,40624
OrderOrBatch,varchar,21,工单/批次,V_APS_QualityAbnormalityCase,40684
OrderNo,varchar,21,生产单号,APS_NewProductTrial,40543
LineName,nvarchar,21,线别,APS_QualityAbnormalityCase,40578
Qty2,int,21,数量2,APS_AssessmentResources,41634
Remark,nvarchar,21,备注,APS_AssessmentMachine,41613
Qty2,int,21,现有数量,V_APS_AssessmentResources,41697
Remark,nvarchar,21,备注,V_APS_AssessmentMachine,41676
LevelID,int,21,工序等级,APS_ProcessPosition,41343
EvaluationLabel,varchar,21,考评,V_Dev_Position,40935
MaxScore,decimal,21,最大分,V_Dev_PositionLevelMap,40932
IsSample,varchar,21,样品,V_APS_MOPlanStep1V12,41563
TotalRequiredBuyQty,decimal,21,累计总需购买数,V_APS_OrderForPrepare,47757
DiffRate,decimal,21,超欠产比例,V_APS_PrepareView5,47466
Priority,int,21,工序序号,MES_OrderRouteReport,46921
NoTray,int,21,无托盘,V_APS_Report46,46741
Y2,decimal,21,2月,V_APS_MaterialDeliveryConfig,46889
AchieveRate,numeric,21,产值达成,V_APS_Report12,45761
SlpName,nvarchar,21,采购员,V_APS_Report17,45589
HRCode,varchar,21,当前收料单号,V_APS_Report43,45292
SalesOrderNo,varchar,21,销售单,V_APS_Report1,45346
Spec,nvarchar,21,规格型号,V_APS_Report47,46233
StockOutQty,decimal,21,交货数,V_APS_Report56,46019
SetQty,decimal,21,已发套数,V_APS_Report57,46572
OweQty,decimal,21,缺口数量,V_APS_Report39,46359
ReviewDate,datetime,22,评审日期,V_APS_Report1,45619
CompletionQty,decimal,22,已入库,V_APS_ProcessPlanHistoryForWeek2,45859
Qty,decimal,22,订单数,V_APS_Report60,32688
AcceptedInventoryQty,decimal,22,数量,V_APS_OrderInStock,29383
POLineNo,varchar,22,行,V_APS_Report3,28622
StockQtyAllocation,decimal,22,分配库存,V_APS_OrderPlanMaterialFormList,9666
StartDate,datetime,22,计划开始,V_APS_ProcessPlanForSchedinng,9185
Qty,decimal,22,数量,V_APS_OrderProcess,6553
ValidType,varchar,22,验证类型,V_DictionaryField,741
SourceOrderNo,varchar,22,销售单,V_APS_MOPlanStep1V12,24699
ResourceNO,varchar,22,分配PO单,V_APS_DeliveryDataDetail,26224
POSuplierName,nvarchar,22,供应商,V_APS_Report17,14973
PurchaseGap,decimal,22,请购缺口,V_APS_OrderPlanMaterialFormByItem1,28760
ApplyDate,datetime,22,必须日期,V_APS_Report49,35541
PCDayCapacity,decimal,22,PC日产能,V_APS_MOPlanStep1V10,36096
ProductTime,nvarchar,22,生产时段,V_APS_Report19,36675
Extend15,nvarchar,22,生产车间,V_APS_SalesOrderDetailDelivery,37134
OrganizeID,int,22,组织ID,APS_ManualForecastDetail,37942
StockQtyAll,decimal,22,库存汇总,APS_MaterialBalanceHistory,37982
StartTime,datetime,22,开始时间,APS_ProcessMaterialHistory,38030
UnitName,varchar,22,单位,APS_OrganizeDemandOrder,38197
OrganizeName,nvarchar,22,组织,V_APS_MaterialBalanceHistory,38114
IntervalTime,decimal,22,测评间隔时间(月),V_Dev_PositionLevelMap,40933
GradationLabel,varchar,22,等级划分,V_Dev_Position,40936
LevelName,nvarchar,22,工序等级名,APS_ProcessPosition,41344
MachineID,varchar,22,设备ID,APS_AssessmentMachine,41699
Qty3,int,22,数量3,APS_AssessmentResources,41635
ProcessName,nvarchar,22,工序,APS_QualityAbnormalityCase,40579
OrderLineNo,int,22,订单行号,APS_NewProductTrial,40544
IntervalTime,decimal,22,测评间隔时间(月),Dev_PositionLevelMap,40845
ThreadGroup,varchar,22,完成后执行,APS_InterfaceSAP,39116
OrderDetail4,nvarchar,22,全部工单2（不含行号关联）,V_APS_SalesPlanMaterial,39087
ProcessGroupName,nvarchar,22,工艺,V_APS_MaterialBOM,38936
Month7Forecast,decimal,22,7月预测,V_APS_SalesOrderDetailPlanLine,44105
RouteName,nvarchar,22,制程名称,MES_RouteReport,44117
Qty,decimal,22,数量,APS_MaterialForecastForm,44327
Qty,decimal,22,数量,APS_MaterialForecastBom,44304
MaterialSubstitute,nvarchar,22,替代料,V_APS_MaterialForecastForm,44398
PCDayCapacity,decimal,22,PC日产能,V_APS_MOPlanStep2V1,44806
RecordType,nvarchar,22,记录方式,V_APS_ProcessMaterialError,42554
SubmitOn,datetime,22,提交时间,V_APS_ProductionReportMt,42536
AlternativeStockQty,varchar,22,备选物料库存,V_APS_SalesOrderBom,43495
DiffrenceQty,decimal,22,产值差异,V_APS_Report12,45762
DayUpperCapacity,decimal,22,日产上限,V_APS_MOPlanStep1V2,46583
RouteID,int,22,制程ID,MES_OrderRouteReport,46922
FormRate8,varchar,22,齐套率,V_APS_Report57,47472
RemainingBuyQty,decimal,22,剩余需购买数,V_APS_OrderForPrepare,47759
Amount4,decimal,23,半成品超订金额,V_APS_MaterialBalanceTotalHistory,42367
PlannedQty,decimal,23,已计划,V_APS_OrderInStock,40241
SupplierCode,varchar,23,代码,V_APS_Report3,28619
Spec,nvarchar,23,规格,V_APS_SalesOrderDetailALL,12413
OweQty,decimal,23,欠数,V_APS_OrderPlanMaterialFormList,9663
DemandQty,decimal,23,需求量,V_APS_OrderProcess,9537
EndDate,datetime,23,计划完成,V_APS_ProcessPlanForSchedinng,9188
IssuedQty,decimal,23,已领数,V_APS_OrderBOMNew,4813
FooterType,varchar,23,尾行统计,V_DictionaryField,1350
ModifyedOn,datetime,23,运算时间,V_APS_Report17,14960
CompletionQty,decimal,23,已入库,V_APS_Order,18045
OnloadQty,decimal,23,采购订单在途,V_APS_OrderPrepareReport,16105
LineNum,varchar,23,PO行号,V_APS_DeliveryDataDetail,26225
SalesOrderNo,varchar,23,销售订单,V_APS_OrderForToDo,25904
Capacity,numeric,23,标准产能,V_APS_MOPlanStep1V10,36105
MaterialID,int,23,物料ID,APS_OrganizeDemandOrder,38198
EndTime,datetime,23,结束日期,APS_ProcessMaterialHistory,38031
RemainQty,decimal,23,超需求数,APS_MaterialBalanceHistory,37983
AbnormalReason,nvarchar,23,异常类型,V_APS_Report19,36677
LevelPath,varchar,23,层级,V_APS_Report60,39997
ExpectArrivalDate,datetime,23,期望物料到达时间,APS_SalesOrder_JDY,39504
ExpectArrivalDate,datetime,23,期望物料到达时间,V_APS_SalesOrderDetail_JDY,39450
ModifyedOn,datetime,23,更新时间,APS_ProductAgingCondition_JDY,39765
Price,decimal,23,单价,V_APS_PO,39587
MOQ,decimal,23,最小订购数量,V_APS_MaterialMaintain,39620
Remark2,nvarchar,23,参数配置,APS_InterfaceSAP,39107
IsString,bit,23,返回字符,APS_InterfaceSAPOutput,39220
MappingFields,bit,23,与正式表JOIN字段,APS_InterfaceSAPOutputField,39261
IntervalUnit,nvarchar,23,测评间隔时间单位,Dev_PositionLevelMap,40846
ProductCode,varchar,23,产品料号,V_APS_QualityAbnormalityCase,40685
RequestSource,nvarchar,23,临时需求来源,APS_TempChangeRequest,40614
ProductCode,varchar,23,产品编号,APS_NewProductTrial,40545
ProducedQty,decimal,23,制作数量,V_APS_NewProductTrial,40648
OrderOrBatch,varchar,23,工单/批次,APS_QualityAbnormalityCase,40580
ResourcesID,varchar,23,资源ID,APS_AssessmentResources,41700
Remark1,nvarchar,23,差异对策,V_APS_AssessmentResources,41688
PositionLevelNames,nvarchar,23,等级,V_Dev_Position,41416
MOQ,decimal,23,MOQ,V_APS_OrderPlanMaterialFormByItem1,41494
ModifyedOn,datetime,23,更新时间,V_APS_ProductionReportMt,42410
UsedInProductCodes,nvarchar,23,产品编码,V_APS_POSummary,42258
StockOutQty,decimal,23,交货数,V_APS_SalesOrderWarning,41983
ProcessRequire,nvarchar,23,加工要求,V_APS_ProcessMaterialError,42555
Capacity,numeric,23,标准产能,V_APS_MOPlanStep1V9,44765
MaterialSubstitute,nvarchar,23,替代料,APS_MaterialForecastBom,44305
DemandQty,decimal,23,需求,APS_MaterialForecastForm,44328
RouteNameAlIS,nvarchar,23,制程名称,MES_RouteReport,44119
Month7Actual,decimal,23,7月下单,V_APS_SalesOrderDetailPlanLine,44106
Extend2,nvarchar,23,损耗项目,V_APS_PrepareView5,47470
Extend1,nvarchar,23,工时(分钟),V_APS_PrepareView5,47452
OrderNos,varchar,23,订单,V_APS_Report43,47023
RouteName,nvarchar,23,工单工艺制程名称,MES_OrderRouteReport,46923
Y3,decimal,23,3月,V_APS_MaterialDeliveryConfig,46890
DeliveryedRate,numeric,23,发料率,V_APS_Report57,46573
RemarkSalesOrderInfo,nvarchar,23,群组,V_APS_MOPlanStep1V12,46554
MCRemark,nvarchar,23,MC备注,V_APS_Report1,46361
OpenCreQty,decimal,23,未清数,V_APS_Report56,46020
Qty,decimal,23,数量,V_APS_Report47,46234
Remark1,nvarchar,23,备注,V_APS_Report12,45753
Capacity,numeric,23,标准产能,V_APS_MOPlanStep2V1,44820
StartDate,datetime,24,计划开始,V_APS_MOPlanStep2V1,44822
StartDate,datetime,24,计划开始,V_APS_MOPlanStep1V9,44767
StartDate,datetime,24,计划开始,V_APS_MOPlanStep1V10,36107
SupplierName,nvarchar,24,供方名称,V_APS_Report3,28618
OrderStatus,nvarchar,24,单据状态,V_APS_OrderForToDo,35050
Extend9,nvarchar,24,异常备注,V_APS_Report19,36676
ApproveName,nvarchar,24,审核人,APS_ManualForecastDetail,37944
RemainReason,nvarchar,24,呆滞原因,APS_MaterialBalanceHistory,37984
Price,decimal,24,单价,APS_ProcessMaterialHistory,38032
OrganizeID,int,24,组织ID,APS_OrganizeDemandOrder,38199
ModifyedOn,datetime,24,修改日期,V_APS_ProcessMaterialHistory,38085
OweDate,datetime,24,上欠料日期,V_APS_Report17,18381
Tel,varchar,24,电话,V_Dev_Account,5781
ProducedQty,decimal,24,已生产,V_APS_OrderProcess,6536
sortable,varchar,24,sortable,V_DictionaryField,8690
StockQty,decimal,24,库存,V_APS_OrderPlanMaterialFormList,9665
LevelPath,varchar,24,层级,APS_MaterialForecastBom,44399
StockQty,decimal,24,库存数,APS_MaterialForecastForm,44329
Month8Forecast,decimal,24,8月预测,V_APS_SalesOrderDetailPlanLine,44107
Status,int,24,启用,V_Dev_Position,40878
ResourcesName,nvarchar,24,资源名称,APS_AssessmentResources,41703
IsSample,nvarchar,24,样品,V_APS_MOPlanStep1V2,41762
ProductCode,varchar,24,产品料号,APS_QualityAbnormalityCase,40581
DataType,nvarchar,24,参数类型,APS_InterfaceSAPInput,39144
Status,int,24,状态,APS_InterfaceSAP,39099
SupplCode,varchar,24,补充代码,V_APS_Report49,39572
CmpltQty,decimal,24,已完成,V_APS_OrderInStock,40242
CreatedByName,nvarchar,24,创建姓名,V_APS_Report12,45749
DayUpperCapacity,decimal,24,日产上限,V_APS_PrepareView25,46767
RouteNameAlIS,nvarchar,24,制程名称,MES_OrderRouteReport,46924
hours,decimal,24,工时(小时),V_APS_PrepareView5,47453
PCB,varchar,24,PCB板,V_APS_MOPlanStep1V12,47473
HasQty,decimal,25,已报工,V_APS_ProcessPlanHistoryForWeek,45677
HasQty,decimal,25,已报工,V_APS_ProcessPlanHistoryForWeek2,45845
OrderNo,varchar,25,工单号,V_APS_ProcessPlanHistoryForMonth,45773
EndDate,datetime,25,计划完成,V_APS_MOPlanStep2V1,44823
IsSample,varchar,25,样品,V_APS_Report3,46374
Spec,nvarchar,25,规格型号,V_APS_SalesOutStock,41551
EndDate,datetime,25,计划完成,V_APS_MOPlanStep1V9,44768
Qty4,decimal,25,成品超订,V_APS_MaterialBalanceTotalHistory,42373
Qty,decimal,25,数量,V_APS_SalesOrderDetailALL,12391
EndDate,datetime,25,计划完成,V_APS_MOPlanStep1V10,36108
Qty,decimal,25,数量,V_APS_Report54,31908
IsSelect,bit,25,返回数据,V_DictionaryField,33457
POSuplierName,nvarchar,25,供应商名称,V_APS_OrderPlanMaterialFormByItem1,28578
CreatedOn,datetime,25,创建日期,V_APS_Report12,27983
UnCompletionQty,decimal,25,未入库,V_APS_Order,35874
ProductOrganizeName,nvarchar,25,委外组织,V_APS_OrderForToDo,34402
MaterialName,nvarchar,25,产品描述,V_APS_Report55,33903
InStockOrganizeID,int,25,入库组织,APS_OrganizeDemandOrder,38200
ProcessNum,int,25,,APS_ProcessMaterialHistory,38033
Analysis,nvarchar,25,解析,APS_MaterialBalanceHistory,37985
ApproveDate,datetime,25,审批日期,APS_ManualForecastDetail,37945
NoScheduling,bit,25,暂停不排,V_APS_ProcessPlanForSchedinng,36263
OrderDate,datetime,25,工单日期,V_APS_Report19,36660
FormQty,decimal,25,配套,V_APS_OrderPlanMaterialFormList,9662
OweQty,decimal,25,欠数,V_APS_OrderProcess,9475
UnIssuedQty,decimal,25,未领数,V_APS_OrderBOMNew,4814
Remark1,nvarchar,25,备注,V_APS_MaterialBOM,3232
OnloadQty4,decimal,25,生产订单在制,V_APS_OrderPrepareReport,16266
Code,varchar,25,物料编码,V_APS_Report32,16894
MaterialName,nvarchar,25,物料名称,V_APS_OrderPlanChange,21383
Unit,varchar,25,计量单位,V_APS_MaterialMaintain,21524
UsedInProductNames,nvarchar,25,产品名称,V_APS_POSummary,42259
OpenCreQty,decimal,25,未清数,V_APS_SalesOrderWarning,42034
UnReceivedPrice,decimal,25,未清金额,V_APS_PO,41868
RecordType,nvarchar,25,类型,APS_ProcessPartMaterialImport,44232
Unit,varchar,25,计量单位,V_APS_ProcessMaterialPartError,44435
OweQty,decimal,25,7日需求,APS_MaterialForecastForm,44330
RecordType,nvarchar,25,类型,V_APS_ProcessPartMaterial2,44257
RecordType,nvarchar,25,类型,APS_ProcessPartMaterial,44205
Seconds,decimal,25,标准工时,V_APS_ProcessPartMaterial,44195
Month8Actual,decimal,25,8月下单,V_APS_SalesOrderDetailPlanLine,44108
StockQty,decimal,25,库存数,V_APS_Report2,44017
PassQty,decimal,25,合格数量,V_APS_NewProductTrial,40649
ExecutionNotes,nvarchar,25,执行事项说明,APS_TempChangeRequest,40615
ProblemDesc,nvarchar,25,问题描述,V_APS_QualityAbnormalityCase,40686
Unit,varchar,25,单位,V_APS_OrderInStock,40260
SupplierDeliveryDate,datetime,25,S1供应商交期,V_APS_SalesOrderDetail_JDY,39451
SupplierDeliveryDate,datetime,25,S1供应商交期,APS_SalesOrder_JDY,39505
ModifyedOn,datetime,25,修改日期,APS_InterfaceSAP,39105
JoinTableName,varchar,25,其他表链接,APS_InterfaceSAPOutput,39308
DeleteCondition,varchar,25,删除条件,APS_InterfaceSAPOutput,46559
DeliveryedNum,int,25,已发齐,V_APS_Report57,46574
OpenCreQty,decimal,25,未清数,V_APS_Report47,46235
MaterialName,nvarchar,25,物料描述,V_APS_PrepareView3,46330
OrderQty,decimal,25,未完工单数,V_APS_Report56,46026
BottomPoints,int,25,板底点数,V_APS_Report20,44915
SupplierName,nvarchar,25,供应商,V_APS_Report17,45590
StencilNO,varchar,25,钢网,V_APS_MOPlanStep1V12,47474
Remark1,nvarchar,25,损耗原因,V_APS_PrepareView5,47455
LastChangeTime,datetime,25,最后异动时间,V_APS_Report43,47012
Y4,decimal,25,4月,V_APS_MaterialDeliveryConfig,46891
Qty,decimal,25,订单数,V_APS_Report38,46834
OweQty,decimal,26,未完成,V_APS_ProcessPlanHistoryForWeek,45767
Code,varchar,26,物料编码,V_APS_Report3,28620
OrderStatus,nvarchar,26,状态,V_APS_Report49,35043
ICreatedByName,nvarchar,26,ERP创建人,V_APS_OrderForToDo,35868
MaterialOrgID,int,26,物料组织id,APS_MaterialBalanceHistory,37986
TotalBoms,int,26,BOM数量,APS_ProcessMaterialHistory,38034
DemandOrganizeID,int,26,需求组织,APS_OrganizeDemandOrder,38201
DataSourceID,varchar,26,数据源,V_DictionaryField,728
Capacity,numeric,26,标准产能(UPH),V_APS_ProcessPlanForSchedinng,9728
FormRate,varchar,26,齐套率,V_APS_MOPlanStep1V10,38348
SupplCode,varchar,26,补充代码,V_APS_SalesOrderDetailALL,39724
ProducedQty,decimal,26,制作数量,APS_NewProductTrial,40546
Month9Forecast,decimal,26,9月预测,V_APS_SalesOrderDetailPlanLine,44109
StockQtyAllocation,decimal,26,分配库存,APS_MaterialForecastForm,44331
AllUnIssuedQty,decimal,26,需求汇总(万),V_APS_PrepareView16,42138
ModifiedByName,nvarchar,26,修改姓名,V_APS_Report12,45751
SupplierCode,varchar,26,供方代码,V_APS_Report17,45591
DiffQty,decimal,26,差异数,V_APS_ProcessPlanHistoryForWeek2,45850
FormRate,varchar,26,齐套率,V_APS_MOPlanStep2V1,44847
OrdeNoList,varchar,26,系统工单,V_APS_MaterialForecast,46564
OncheckQty1,decimal,26,待检,V_APS_OrderPlanMaterialFormList,46688
DataSource,nvarchar,26,类型,V_APS_ProcessPartMaterial,46363
WorkShopName,nvarchar,26,生产车间,V_APS_PrepareView5,47443
DayUpperCapacity,decimal,26,日产上限,V_APS_ProcessPartMaterial,47842
Extend18,nvarchar,26,制程名称,V_APS_MOPlanStep1V12,47820
Amount5,decimal,27,成品超订金额,V_APS_MaterialBalanceTotalHistory,42368
Extend15,nvarchar,27,首选供应商,V_APS_MaterialMaintain,21542
StockOutQty,decimal,27,交货数,V_APS_SalesOrderDetailALL,12398
StartDate,datetime,27,计划开始,V_APS_MOPlanStep1V2,35955
MaterialName,nvarchar,27,物料名称,V_APS_Report3,28665
IModifiedByName,nvarchar,27,ERP修改人,V_APS_OrderForToDo,35870
SupplyOrganizeID,int,27,供应组织ID,APS_OrganizeDemandOrder,38202
TotalMaterials,int,27,物料种类,APS_ProcessMaterialHistory,38035
CreatedOnDate,date,27,保存日期(日),APS_MaterialBalanceHistory,37987
DeliveryDate,datetime,27,PO原交期,V_APS_PO,13975
StockQtyAll,decimal,27,库存汇总,V_APS_OrderPrepareReport,16104
ERPStartDate,datetime,27,计划开工,V_APS_Order,21198
IsEnd,bit,27,工艺结束,V_APS_ProcessGroupInfo,16982
Sailings,int,27,班制,V_Dev_Organize,18519
ModifiedBy,varchar,27,修改账号,V_APS_MOPlanStep1V12,24690
OrderRemark,nvarchar,27,工单备注,V_APS_Report10,26786
fix,varchar,27,fix,V_DictionaryField,8689
BeforeAdd,varchar,27,添加前事件,Dev_Dictionary,4493
SupplierName,nvarchar,27,供应商名称,V_APS_POSummary,42197
StockQty,decimal,27,现有库存,V_APS_SalesOrderWarning,42043
MaterialSubstitute,nvarchar,27,替代料,APS_MaterialForecastForm,44332
Month9Actual,decimal,27,9月下单,V_APS_SalesOrderDetailPlanLine,44110
DataSource,nvarchar,27,数据来源,V_APS_Process,44137
PassQty,decimal,27,合格数量,APS_NewProductTrial,40547
FailQty,decimal,27,不合格数量,V_APS_NewProductTrial,40650
ProblemDesc,nvarchar,27,问题描述,APS_QualityAbnormalityCase,40582
ImplementationDetails,nvarchar,27,临时变更需求实施详细说明,APS_TempChangeRequest,40616
ResponsibleDept,nvarchar,27,责任部门,V_APS_QualityAbnormalityCase,40696
JoinFieldName,varchar,27,自定义取值,APS_InterfaceSAPOutputField,39309
SDeliveryDate2,datetime,27,S2供应商交期,V_APS_SalesOrderDetail_JDY,48190
StockStatus,nvarchar,27,待检状态,V_APS_OrderPlanMaterialFormList,48235
CreatedByName,nvarchar,27,提交人,V_APS_PrepareView5,47457
DeliveryDate,datetime,27,生产交期,V_APS_MOPlanStep5,47311
Y5,decimal,27,5月,V_APS_MaterialDeliveryConfig,46892
DisDeliveryedNum,int,27,未发齐,V_APS_Report57,46575
ReplyDate,datetime,27,答复交期,V_APS_DeliveryDataDetail,46543
UnCompletionQty,decimal,27,备料工单数,V_APS_Report56,46031
Extend9,varchar,27,类型,V_APS_ProcessPlanHistoryForMonth,46016
TrayOfQty,int,27,托盘数量,V_APS_Report47,46236
SDeliveryDate2,datetime,27,S2供应商交期,APS_SalesOrder_JDY,45348
IsDelivered,int,27,发齐,V_APS_OrderBOMNew,45258
POPeriod,int,27,采购周期,V_APS_Report17,45593
StartDate,datetime,27,计划开始,V_APS_ProcessPlanHistoryForWeek,45679
ModifyedOn,datetime,27,修改日期,V_APS_Report12,45752
EndDate,datetime,28,计划完成,V_APS_MOPlanStep1V2,35956
Spec,nvarchar,28,规格,V_APS_Report3,28666
DeliveryDate,datetime,28,PO原交期,V_APS_DeliveryDataDetail,27510
CustomerInfo,nvarchar,28,客户信息,V_APS_PrepareView2,29276
Seconds,decimal,28,标准工时(S),APS_ProcessMaterialHistory,38036
Seconds,decimal,28,标准工时(S),V_APS_ProcessMaterialHistory,38097
DataSource,nvarchar,28,类型,V_APS_Report19,36663
button,nvarchar,28,button,V_DictionaryField,8693
OnloadQty,decimal,28,PO未交,V_APS_OrderPlanMaterialFormList,11343
ModifiedByName,nvarchar,28,修改姓名,V_APS_MOPlanStep1V12,24691
Remark2,nvarchar,28,计划备注,V_APS_Report10,23739
NewMaterialDate,datetime,28,新物料交期,V_APS_SalesOrderDetail_JDY,39452
Remark3,nvarchar,28,日记账备注,V_APS_OrderInStock,40238
MaterialCode,varchar,28,物料编码,V_APS_Report60,39938
DefectCategory,nvarchar,28,不良层别,APS_QualityAbnormalityCase,40583
FailQty,decimal,28,不合格数量,APS_NewProductTrial,40548
MaterialCount,int,28,物料项,V_APS_Report44,41781
Month10Forecast,decimal,28,10月预测,V_APS_SalesOrderDetailPlanLine,44111
LevelPath,varchar,28,层级,APS_MaterialForecastForm,44400
Extend1,nvarchar,28,销售工程师,V_Dev_Customer,41792
Qty1,decimal,28,超订汇总(万),V_APS_PrepareView16,42354
EndDate,datetime,28,计划完成,V_APS_ProcessPlanHistoryForWeek,45680
MCRemark,nvarchar,28,MC备注,V_APS_Report17,45598
PCDeliveryDate,datetime,28,要求开工,V_APS_MOPlanStep5,47310
OpenCreQty,decimal,29,未清数,V_APS_SalesOrderDetailALL,39726
POQty,decimal,29,采购量,V_APS_Report3,28624
PCDeliveryDate,datetime,29,PC回传交期,V_APS_Report19,36672
ApproveName,nvarchar,29,审核人,APS_OrganizeDemandOrder,38204
PWSProcessID,varchar,29,工序ID,APS_ProcessMaterialHistory,38037
Extend4,varchar,29,新品或设变,V_APS_MaterialMaintain,21531
ModifyedOn,datetime,29,修改日期,V_APS_MOPlanStep1V12,24693
ERPEndDate,datetime,29,计划完工,V_APS_Order,21199
ReplyDate,datetime,29,答复交期,V_APS_PO,13993
component,nvarchar,29,component,V_DictionaryField,8694
OrganizeID,int,29,APS组织ID,V_Dev_Organize,5648
AfterAdd,varchar,29,添加之后的事件,Dev_Dictionary,967
CycleFieldName,varchar,29,循环字段,APS_InterfaceSAPInput,39602
NewMaterialDate,datetime,29,新物料交期,APS_SalesOrder_JDY,39506
IsUpdate,bit,29,更新正式表,APS_InterfaceSAPOutputField,39310
TrialDate,datetime,29,试产日期,APS_NewProductTrial,40549
TrialDate,datetime,29,试产日期,V_APS_NewProductTrial,40651
Assignee,nvarchar,29,责任人,APS_QualityAbnormalityCase,40584
CauseAnalysis,nvarchar,29,原因分析,V_APS_QualityAbnormalityCase,40697
TechReviewDecision,nvarchar,29,技术部审核意见,APS_TempChangeRequest,40617
Qty1,decimal,29,库存+在途超订,V_APS_MaterialBalanceTotalHistory,42370
OrderStatus,nvarchar,29,状态,V_APS_POSummary,42244
StockQtyAllPrice,decimal,29,库存汇总金额,V_APS_OrderPrepareReport,42263
Extend2,nvarchar,29,销售专员,V_Dev_Customer,41793
PRQty,decimal,29,请购中,V_APS_OrderPlanMaterialFormList,41881
DeliveryDate,datetime,29,订单交期,V_APS_SalesOrderWarning,41982
Extend4,varchar,29,新品或设变,V_APS_ProcessMaterialPartError,44442
NoScheduling,bit,29,暂停不排,V_APS_MOPlanStep2V1,44804
NoScheduling,bit,29,挂起,V_APS_MOPlanStep1V9,44754
Month10Actual,decimal,29,10月下单,V_APS_SalesOrderDetailPlanLine,44112
SyncDatetime,datetime,29,同步时间,V_APS_Report43,47011
ModifyedOn,datetime,29,更新时间,V_APS_PrepareView5,47461
Y6,decimal,29,6月,V_APS_MaterialDeliveryConfig,46893
IsLate,nvarchar,29,超期,V_APS_SalesOrderDetail_JDY,48191
TraysNum,decimal,29,托盘需求,V_APS_Report47,46237
DiffQty,decimal,29,差异数,V_APS_Report56,46032
StockQty,decimal,29,最新库存数,V_APS_OrderBOMNew,46037
RemarkSalesOrderInfo,nvarchar,30,群组,V_APS_MOPlanStep2V10,46556
Code,varchar,30,物料编码,V_APS_ProcessPlanHistoryForMonth,45774
Qty,decimal,30,数量,V_APS_SalesOutStock,41521
ReceivedQty,decimal,30,已收货,V_APS_Report3,28626
MaterialName,nvarchar,30,物料名称,V_APS_Report60,33694
Extend13,nvarchar,30,类型,V_APS_OrderInStock,29393
ERPStartDate,datetime,30,计划开工,V_APS_Report50,31436
PLT,int,30,转线时间(M),APS_ProcessMaterialHistory,38038
ApproveDate,datetime,30,审核日期,APS_OrganizeDemandOrder,38205
Capacity,decimal,30,标准产能,V_APS_ProcessMaterialHistory,38075
CompleteStatus,varchar,30,完工,V_APS_Report19,36680
Extend4,nvarchar,30,工单状态,V_APS_SalesOrderDetailDelivery,36931
RouterName,bit,30,跳转,V_DictionaryField,9542
ProcessPartName,nvarchar,30,工段,V_APS_ProcessGroupInfo,9176
Spec,nvarchar,30,规格,V_APS_OrderPlanChange,21384
MaterialName,nvarchar,30,物料名称,V_APS_Report32,16895
StartDate,datetime,30,计划开始,V_APS_Report10,26338
SuplierCode,varchar,30,供方代码,V_APS_DeliveryDataDetail,26254
NoWorkHours,int,30,忽略工时,V_APS_MOPlanStep1V10,22392
IsCaseAnalyzed,nvarchar,30,是否进行案例分析,APS_QualityAbnormalityCase,40585
FirstPassRate,varchar,30,试产一次合格率%,APS_NewProductTrial,40550
IsCycle,bit,30,递增循环（分页使用）,APS_InterfaceSAPInput,39149
SupplierName,nvarchar,30,供应商,V_APS_Report49,39568
Month11Forecast,decimal,30,11月预测,V_APS_SalesOrderDetailPlanLine,44113
StartHour,int,30,开始时段,APS_InterfaceSAPInput,44125
ModifyedOn,datetime,30,维护时间,APS_ProcessPartMaterial,44152
OweMaterialCount,int,30,缺料项,V_APS_Report44,41783
SyncResult,nvarchar,30,同步结果,APS_InterfaceSAP,42297
PositionName,nvarchar,30,岗位,V_APS_PrepareView22,42602
TopPoints,int,30,板面点数,V_APS_Report20,44916
OpenCreQty,decimal,30,未清数,V_APS_Report54,46077
OpenCreQty,decimal,30,未清数,V_APS_Report55,46311
OpenCreQty,decimal,30,未清数,V_APS_PrepareView3,46333
PQTReqDate,datetime,30,请购晚日期,V_APS_SalesOrderDetail_JDY,48193
ERPStartDate,datetime,30,计划开工,V_APS_Report38,46835
IsSample,varchar,30,样品,V_APS_OrderPlanMaterialFormList,47400
MaterialName,nvarchar,31,物料名称,V_APS_ProcessPlanHistoryForMonth,45775
OnloadQty,decimal,31,在途数,V_APS_Report3,28637
Extend14,nvarchar,31,交易类型,V_APS_OrderInStock,29394
Factory,nvarchar,31,厂区,V_APS_Report19,36648
CompletionDate,datetime,31,完成日期,APS_OrganizeDemandOrder,38206
LT,int,31,前置时间（分）,APS_ProcessMaterialHistory,38039
SuplierName,nvarchar,31,供方名称,V_APS_DeliveryDataDetail,26255
EndDate,datetime,31,计划完成,V_APS_Report10,26339
E1,decimal,31,库存+在途超订,V_APS_OrderPrepareReport,16132
align,varchar,31,align,V_DictionaryField,9729
Remark2,nvarchar,31,行备注,V_APS_POSummary,42220
ErrorCount,int,31,错误次数,APS_InterfaceSAP,42328
Amount6,decimal,31,库存+在途超订金额,V_APS_MaterialBalanceTotalHistory,42369
DocDate,datetime,31,最后入库时间,V_APS_SalesOrderWarning,42044
AllOnload,decimal,31,在途/在制汇总(万),V_APS_PrepareView16,42143
MOCount,int,31,工单数,V_APS_Report42,44716
SkipRows,int,31,每次跳行,APS_InterfaceSAPInput,44500
EndHour,int,31,结束时段,APS_InterfaceSAPInput,44127
Month11Actual,decimal,31,11月下单,V_APS_SalesOrderDetailPlanLine,44114
SyncDatetime,datetime,31,同步日期,V_APS_MaterialMaintain,39711
ERPStatus,nvarchar,31,状态,V_APS_SalesOrderDetailALL,39723
MacPasteDate,datetime,31,机贴日期,APS_SalesOrder_JDY,39507
MacPasteDate,datetime,31,机贴日期,V_APS_SalesOrderDetail_JDY,39453
TurnDate,bit,31,判断日期,APS_InterfaceSAPOutputField,39874
FailBriefReason,nvarchar,31,不合格简要原因,APS_NewProductTrial,40551
FirstPassRate,varchar,31,试产一次合格率%,V_APS_NewProductTrial,40652
IsCriticalControlPoint,nvarchar,31,是否关键质控点,APS_QualityAbnormalityCase,40586
TechReviewComments,nvarchar,31,技术部审核意见说明,APS_TempChangeRequest,40618
CAPA,nvarchar,31,纠正预防改进措施,V_APS_QualityAbnormalityCase,40698
TrayCode,varchar,31,托盘编码,V_APS_Report47,46238
OncheckQty,decimal,31,待检数,V_APS_OrderBOMNew,46038
ReviewDate,datetime,31,评审日期,V_APS_Order,46552
Remark3,nvarchar,31,答复备注,V_APS_PO,46378
Price,decimal,31,单价,V_APS_Report54,46405
Y7,decimal,31,7月,V_APS_MaterialDeliveryConfig,46894
PlanStartDate,datetime,31,计划开始,V_APS_OrderPlanMaterialFormList,48234
TotalOweQty,decimal,32,总欠数,V_APS_Report3,46677
Spec,nvarchar,32,物料描述,V_APS_ProcessPlanHistoryForMonth,45783
DiffDay,int,32,间隔(天),V_APS_Order,46553
OpenCreAmount,decimal,32,总金额,V_APS_Report54,46406
StockStatus,nvarchar,32,待检状态,V_APS_OrderBOMNew,48237
AllReplyDate,datetime,32,答复交期,V_APS_OrderPlanMaterialFormList,46990
Classification,nvarchar,32,分类,APS_QualityAbnormalityCase,40587
TechMgrReview,nvarchar,32,技术部经理审核,APS_NewProductTrial,40552
MaxPOPeriod,int,32,最长采购天数,V_APS_Report44,41782
ModifiedByName,nvarchar,32,修改姓名,APS_InterfaceSAPInput,39135
Month12Forecast,decimal,32,12月预测,V_APS_SalesOrderDetailPlanLine,44115
IsAll,bit,32,返回所有数据,APS_InterfaceSAPInput,44128
ErrorMsg,text,32,最后错误信息,APS_InterfaceSAP,42329
Price,decimal,32,单价,MES_OrderOutputPersons,9877
ObjectName,varchar,32,对象名称,V_DictionaryField,755
TotalPeoples,int,32,人数,V_APS_Report10,23826
StandardPeoples1,int,32,直接人数,APS_ProcessMaterialHistory,38040
OrderStatus,nvarchar,32,工单状态,APS_OrganizeDemandOrder,38207
SignleCapacity,decimal,32,人均产能,V_APS_ProcessMaterialHistory,38076
ActualOrganizeID,int,32,数据组织,V_Dev_Account,38298
Qty,decimal,33,数量,V_APS_ProcessPlanHistoryForMonth,45777
OrderDate,datetime,33,最早下单日期,V_APS_ProcessMaterialPartError,45857
PCProductionStatusDate,datetime,33,计划交期,V_APS_Report54,46084
StandardPeoples2,int,33,间接人数,APS_ProcessMaterialHistory,38041
IsConflict,varchar,33,冲突,V_APS_OrderPlanMaterialFormList,32919
Capacity,decimal,33,时产,V_APS_Report10,23814
Qty5,decimal,33,采购在途,V_APS_MaterialBalanceTotalHistory,42374
Remark1,nvarchar,33,备注,V_APS_POSummary,42219
EPrice1,decimal,33,库存+在途超订金额,V_APS_OrderPrepareReport,42264
InStockTime,int,33,在库时间(天),V_APS_SalesOrderWarning,42045
ExpectDeliveryDate,date,33,预计交货,V_APS_Report44,41785
StockQtyAll,decimal,33,库存汇总,V_APS_PrepareView6,41910
StockQtyAll,decimal,33,库存汇总,V_APS_MaterialOrg,41826
CustomerDate,datetime,33,客户交期,V_APS_Report21,42990
Month12Actual,decimal,33,12月下单,V_APS_SalesOrderDetailPlanLine,44116
ModifyedOn,datetime,33,修改日期,APS_InterfaceSAPInput,39137
Extend5,nvarchar,33,备注,V_APS_Order,39223
MaterialNumber,int,33,数字1,APS_ToolingRegister_JDY,39873
CustomerDate,datetime,33,客户交期,V_APS_SalesOrderDetailALL,39846
DefaultValue,nvarchar,33,默认值,APS_InterfaceSAPOutputField,40335
QaMgrReview,nvarchar,33,品管部经理审核,APS_NewProductTrial,40553
FailBriefReason,nvarchar,33,不合格简要原因,V_APS_NewProductTrial,40653
OccurrenceCount,int,33,发生次数,APS_QualityAbnormalityCase,40588
CreatedByName,nvarchar,33,提交人,APS_TempChangeRequest,40600
DefectCategory,nvarchar,33,不良层别,V_APS_QualityAbnormalityCase,40687
OncheckQty,decimal,34,待检,V_APS_Report3,28984
HasQty,decimal,34,已报工,V_APS_ProcessPlanHistoryForMonth,45632
DeliveryDate,datetime,34,计划交期,V_APS_MOPlanStep2V1,44848
PCDeliveryDate,datetime,34,计划交期,V_APS_MOPlanStep1V9,45195
PORemark,nvarchar,34,采购备注,V_APS_OrderPlanMaterialFormList,46885
CompletionDate,datetime,34,实际完工,V_APS_Report50,31401
SaveDate,datetime,34,报产日期,APS_ProcessMaterialHistory,38042
SaveDate,datetime,34,封存时间,V_APS_ProcessMaterialHistory,38103
StatusName,varchar,34,状态,V_APS_ProcessPlanForSchedinng,36364
SyncDatetime,datetime,34,同步时间,APS_ManualForecastDetail,37952
StandardPeoples,decimal,34,定员,V_APS_Report10,24006
Remark1,nvarchar,34,送货规则,V_APS_DeliveryDataDetail,26249
SourceOrderNo,varchar,34,销售订单,V_APS_Order,19103
AlertRecipients,nvarchar,34,预警抄送,APS_QualityAbnormalityCase,40589
VpReview,nvarchar,34,副总经理审核,APS_NewProductTrial,40554
ForecastStartDate,datetime,34,预计开工,V_APS_ManualForecastDetail,39843
DeliveryDate,datetime,34,计划交期,V_APS_MOPlanStep1V10,38349
E2,decimal,34,库存超订,V_APS_MaterialOrg,41829
E2,decimal,34,库存超订,V_APS_PrepareView6,41927
OpenCreQty,decimal,35,未清数,V_APS_SalesOutStock,41545
Capacity,decimal,35,标准产能,V_APS_ProcessPlanHistoryForWeek,45675
CompletionQty,decimal,35,已入库,V_APS_ProcessPlanHistoryForMonth,45794
Capacity,decimal,35,标准产能,V_APS_ProcessPlanHistoryForWeek2,45847
BTToltalPoints,int,35,总点数,V_APS_Report20,44917
LevelPath,varchar,35,层级,V_APS_PrepareView3,46334
LevelPath,varchar,35,层级,V_APS_Report55,46312
OnloadQty,decimal,35,在途数,V_APS_OrderBOMNew,46039
IsDeliveryReview,nvarchar,35,交期评审,V_APS_Report54,46078
Y8,decimal,35,8月,V_APS_MaterialDeliveryConfig,46895
ERPEndDate,datetime,35,计划完工,V_APS_Report38,46836
MCRemark,nvarchar,35,MC备注,V_APS_OrderPlanMaterialFormList,46748
ReceivedDate,datetime,35,入库时间,V_APS_PO,48242
IsSample,varchar,35,样品,V_APS_Order,41499
Approved,int,35,通过为1,APS_NewProductTrial,40555
CapaSummary,nvarchar,35,纠正预防措施主要内容,APS_QualityAbnormalityCase,40590
Assignee,nvarchar,35,责任人,V_APS_QualityAbnormalityCase,40688
CreatedOn,datetime,35,提交时间,APS_TempChangeRequest,40603
Problem,nvarchar,35,试产问题点信息,V_APS_NewProductTrial,40659
EvaluationDate,datetime,35,预计开始,V_APS_Report44,39296
ForecastDeliveryDate,datetime,35,预计交货日期,V_APS_ManualForecastDetail,39844
ProductionStatusDate,datetime,35,生产交期,V_APS_SalesOrderDetail_JDY,39410
ProductionStatusDate,datetime,35,生产交期,APS_SalesOrder_JDY,39466
E1,decimal,35,库存+在途超订,V_APS_PrepareView6,41926
Extend1,nvarchar,35,销售专员,V_APS_SalesOrderWarning,42046
E1,decimal,35,库存+在途超订,V_APS_MaterialOrg,41828
Qty6,decimal,35,生产在制,V_APS_MaterialBalanceTotalHistory,42375
ModifiedByName,nvarchar,35,维护人,APS_ProcessPartMaterial,44150
OrderNos,varchar,35,生产订单,V_APS_Report42,44717
ModifiedByName,nvarchar,35,维护人,APS_ProcessPartMaterialImport,44218
E2,decimal,35,库存超订,V_APS_OrderPrepareReport,16133
Spec,nvarchar,35,规格,V_APS_Report32,16896
Remark2,nvarchar,35,规则值,V_APS_DeliveryDataDetail,26250
Qty,decimal,35,数量,V_APS_OrderPlanChange,21415
DeliveryDate,datetime,35,订单交期,V_APS_SalesOrderDetailALL,12397
APSDeliveryReplyStartDate,date,35,评估开始时间,APS_ManualForecastDetail,37953
EndStatus,varchar,35,到期,V_APS_Report50,37279
DeliveryDate,datetime,35,PO原交期,V_APS_Report3,28628
OweQty,decimal,36,未完成,V_APS_ProcessPlanHistoryForMonth,45776
ExpectTime,decimal,36,需求工时,V_APS_ProcessPlanHistoryForWeek,45678
ExpectTime,decimal,36,需求工时,V_APS_ProcessPlanHistoryForWeek2,45852
BoardType1,nvarchar,36,版型,V_APS_OrderForPrepare3,47920
ReplyDate,datetime,36,答复交期,V_APS_Report3,28635
CompletionOnTimeStatus,varchar,36,按时结案,V_APS_Report50,37280
APSDeliveryReplyEndDate,date,36,评估结束时间,APS_ManualForecastDetail,37954
PODocs,varchar,36,未交PO,V_APS_OrderPlanMaterialFormList,11341
OrganizeID,int,36,适用单位,APS_WorkingTimes,1369
ModifiedByName,nvarchar,36,修改人,V_APS_ProcessPartMaterial,44189
ERPStatus,nvarchar,36,ERP状态,V_APS_Order,39924
Status,int,36,状态,APS_OrderInStock,40252
IsCapaStandardized,nvarchar,36,纠正措施是否标准化,APS_QualityAbnormalityCase,40591
Rejected,int,36,不通过为1,APS_NewProductTrial,40556
Problem,nvarchar,37,问题,APS_NewProductTrial,40557
TechMgrReview,nvarchar,37,技术部经理审核,V_APS_NewProductTrial,40654
ResponsibleDept,nvarchar,37,责任部门,APS_QualityAbnormalityCase,40592
IsCaseAnalyzed,nvarchar,37,是否进行案例分析,V_APS_QualityAbnormalityCase,40689
SubstituteCode,varchar,37,备选物料,V_APS_OrderBOMNew,40007
MaterialName,nvarchar,37,物料描述,V_APS_ManualForecastDetail,39851
FinalDeliveryDate,datetime,37,最终交期,APS_SalesOrder_JDY,39503
FinalDeliveryDate,datetime,37,最终交期,V_APS_SalesOrderDetail_JDY,39449
ProcessGroupName,nvarchar,37,工艺,V_APS_Report42,44720
EPrice2,decimal,37,库存超订金额,V_APS_OrderPrepareReport,42265
POSuplierName,nvarchar,37,供应商,V_APS_OrderPlanMaterialFormList,11350
CreatedByName,nvarchar,37,创建人,V_APS_ProcessScheduling,11526
ProductionStatusDate,datetime,37,生产交期,V_APS_SalesOrderDetailALL,12401
ActualKittingDate,date,37,实际齐料日期,APS_ManualForecastDetail,37955
Extend4,nvarchar,37,状态,V_APS_Report50,31406
ReceivedStatus,varchar,37,是否超期,V_APS_PO,48244
ReplyDate2,datetime,37,最终交期,V_APS_Report3,47889
Y9,decimal,37,9月,V_APS_MaterialDeliveryConfig,46896
Remark3,nvarchar,37,采购备注,V_APS_Report3,46376
MCRemark,nvarchar,38,MC备注,V_APS_Report3,46676
Price,decimal,38,单价,V_APS_SalesOutStock,45584
ActualDeliveryDate,date,38,实际交货日期,APS_ManualForecastDetail,37956
CreatedOn,datetime,38,创建时间,V_APS_ProcessScheduling,11529
Spec,nvarchar,38,规格型号,V_APS_ManualForecastDetail,39852
DataSource,nvarchar,38,数据来源,V_APS_OrderPlanMaterialFormList,40353
CauseAnalysis,nvarchar,38,原因分析,APS_QualityAbnormalityCase,40593
CAPA,nvarchar,39,纠正预防改进措施,APS_QualityAbnormalityCase,40594
QaMgrReview,nvarchar,39,品管部经理审核,V_APS_NewProductTrial,40655
IsCriticalControlPoint,nvarchar,39,是否关键质控点,V_APS_QualityAbnormalityCase,40690
WareHouseCode,varchar,39,仓库编码,V_APS_OrderBOMNew,39996
BomCount,int,39,BOM物料项,V_APS_ManualForecastDetail,39853
SlpName,nvarchar,39,采购员,V_APS_PO,39573
SAPDeliveryDate,datetime,39,回写SAP交期,APS_SalesOrder_JDY,39513
SplitedOn,datetime,39,拆单时间,V_APS_MOPlanStep1V10,38350
SplitedByName,nvarchar,39,拆单人,V_APS_MOPlanStep1V10,38352
Amount1,numeric,39,库存金额(万),V_APS_PrepareView16,42151
ModifiedByName,nvarchar,39,更新人,V_APS_ProcessScheduling,11528
Price,decimal,39,单价,V_APS_OrderPrepareReport,16131
SyncDatetime,datetime,39,运算时间,V_APS_OrderPlanMaterialFormList,18356
Remark1,nvarchar,39,备注,V_APS_Report49,31302
ModifiedByName,nvarchar,39,更新人员,V_APS_Report42,30387
CustomerOrder,nvarchar,39,客户参考编号,V_APS_SalesOrderDetailALL,33587
Amount,decimal,39,金额,V_APS_SalesOutStock,45585
Y10,decimal,39,10月,V_APS_MaterialDeliveryConfig,46897
SAPDeliveryDate,datetime,39,回写SAP交期,V_APS_SalesOrderDetail_JDY,48188
DeliveryDate,datetime,40,交货日期,V_APS_SalesOutStock,41544
DefaultLineID,int,40,工单线体,V_APS_MOPlanStep1V2,41570
OrderStatus,varchar,40,单据状态,V_APS_ManualForecastDetail,39854
Remark1,nvarchar,40,备注,V_APS_OrderInStock,40236
QPA,decimal,40,用量,V_APS_Report32,43017
Coefficient,decimal,40,效率系数,V_APS_Report20,44582
BatchVersion,nvarchar,40,产能版本,APS_ProcessPartMaterial,44206
BatchVersion,nvarchar,40,版本号,V_APS_ProcessPartMaterial2,44258
BatchNumber,nvarchar,40,批次,APS_ProcessPartMaterialImport,44231
CustomerName,nvarchar,40,客户名称,V_APS_Report44,34686
SOInfo,varchar,40,影响销售订单,V_APS_PrepareView2,29274
Remark2,nvarchar,40,备注2,V_APS_Report49,31303
OrderSource,varchar,40,报工来源,V_Dev_Organize,37911
ModifyedOn,datetime,40,更新时间,V_APS_ProcessScheduling,11530
ERPStatus,nvarchar,40,ERP状态,V_APS_Report38,46837
PCCapacity,decimal,40,PC产能,V_APS_MOPlanStep4,46758
PCCapacity,decimal,40,PC产能,V_APS_MOPlanStep4V12,47064
PlanQty,int,40,计划数,V_APS_OrderPlanChange,47097
Capacity,decimal,40,标准时产,V_APS_ProcessPlanHistoryForMonth,45630
ItemCode,varchar,40,物料编码,V_APS_Report55,46313
ItemCode,varchar,40,物料编码,V_APS_PrepareView3,46335
Extend10,nvarchar,40,属性,V_APS_Report47,46230
Spec,nvarchar,41,规格,V_APS_Report60,33695
MaterialSpec,nvarchar,41,影响相关产品,V_APS_PrepareView2,29275
ModifyedOn,datetime,41,修改日期,V_APS_Report42,30389
APSDeliveryReplyStartDate,date,41,评估开始时间,APS_OrganizeDemandOrder,38214
CustomerName,nvarchar,41,客户,V_APS_SalesOrderDetailALL,12402
SupplierName,nvarchar,41,供应商名称,V_APS_PO,13964
Qty,decimal,41,订单数,V_APS_Report32,43382
Amount3,numeric,41,原材料超订金额(万),V_APS_PrepareView16,42153
CustomerDeliveryDate,datetime,41,回写客户交期,V_APS_SalesOrderDetail_JDY,39379
CustomerDeliveryDate,datetime,41,回写客户交期,APS_SalesOrder_JDY,39512
WorkShift,nvarchar,41,班制,V_Dev_Organize,38709
MaterialType,nvarchar,41,物料组,V_APS_OrderPrepareReport,38534
DataSource,nvarchar,41,单别,V_APS_OrderBOMNew,41498
Classification,nvarchar,41,分类,V_APS_QualityAbnormalityCase,40691
VpReview,nvarchar,41,副总经理审核,V_APS_NewProductTrial,40656
DayCapacity,decimal,41,标准日产,V_APS_ProcessPlanHistoryForMonth,45784
PCDayCapacity,decimal,41,标准日产,V_APS_MOPlanStep4V12,47062
Y11,decimal,41,11月,V_APS_MaterialDeliveryConfig,46898
SubmitStatus,varchar,41,状态,V_APS_OrderForPrepare3,47925
DayUpperCapacity,decimal,42,瓶颈日产,V_APS_ProcessPlanHistoryForMonth,45788
QPA,decimal,42,用量,V_APS_Report60,39916
Amount4,numeric,42,半成品超订金额(万),V_APS_PrepareView16,42154
Amount4,decimal,42,超订金额,V_APS_PrepareView6,41932
TotalUsage,decimal,42,总用量,V_APS_Report32,43376
ModifiedByName,nvarchar,42,修改姓名,V_APS_PrepareView25,42687
CreatedByName,nvarchar,42,创建人,V_APS_SalesOrderDetailDeliverFreeze,43875
StandardPeoples,decimal,42,总人数,V_APS_OrderReworkCapacity,24098
APSDeliveryReplyEndDate,date,42,评估结束时间,APS_OrganizeDemandOrder,38215
Buyer,nvarchar,42,申请人,V_APS_Report49,35543
ActualKittingDate,date,43,实际齐料日期,APS_OrganizeDemandOrder,38216
Amount5,numeric,43,成品超订金额(万),V_APS_PrepareView16,42155
OrderType,nvarchar,43,类型,V_APS_OrderBOMNew,39986
OrderTotalQPA,decimal,43,物料需求数,V_APS_Report60,40263
SampleTriggerDate,datetime,43,新品样品触发日期,APS_SalesOrder_JDY,39509
SampleTriggerDate,datetime,43,新品样品触发日期,V_APS_SalesOrderDetail_JDY,39455
Extend6,nvarchar,43,类型,V_APS_Order,39224
Approved,int,43,通过为1,V_APS_NewProductTrial,40657
OccurrenceCount,int,43,发生次数,V_APS_QualityAbnormalityCase,40692
ExpectTime,decimal,43,预计用时,V_APS_ProcessPlanHistoryForMonth,45633
PRDocNo,varchar,43,采购申请单号,V_APS_PO,48196
Y12,decimal,43,12月,V_APS_MaterialDeliveryConfig,46899
ExpectDays,int,44,生产天数,V_APS_ProcessPlanHistoryForMonth,45785
Amount6,numeric,44,库存+在途超订金额(万),V_APS_PrepareView16,42156
ModifyedOn,datetime,44,更新时间,V_APS_PrepareView25,42689
ModifiedByName,nvarchar,44,修改人,V_APS_SalesOrderDetailDeliverFreeze,43877
ActualDeliveryDate,date,44,实际交货日期,APS_OrganizeDemandOrder,38217
ModifiedByName,nvarchar,44,修改姓名,V_APS_Report58,32467
ModifiedByName,nvarchar,44,修改姓名,V_APS_Report59,32597
Seconds,decimal,44,标准工时(S),V_APS_OrderReworkCapacity,24100
IsQueryParams,bit,44,树形显示,V_DictionaryField,5181
CustomerName,nvarchar,45,客户名称,APS_SalesOrder_JDY,39608
ERPStatus,nvarchar,45,ERP状态,V_APS_OrderBOMNew,39987
AlertRecipients,nvarchar,45,预警抄送,V_APS_QualityAbnormalityCase,40693
Rejected,int,45,不通过为1,V_APS_NewProductTrial,40658
SalesMan,nvarchar,45,销售员,V_APS_SalesOutStock,41548
ExpectArrivalDate,datetime,45,期望物料到达时间,V_APS_Report54,41232
CreatedOn,datetime,45,创建日期,V_APS_SalesOrderDetailDeliverFreeze,43878
TotalFixedDay,int,45,总提前期,V_APS_MaterialBOM,42724
Unit,varchar,45,单位,V_APS_Report32,43011
Extend1,nvarchar,45,项目,V_APS_Order,640
OrderStatus,nvarchar,45,状态,V_APS_PO,35054
LineNum,int,45,行号,APS_ProcessPlan,36186
LineNum,int,45,行号,V_APS_ProcessPlan,36258
PCDeliveryDate,datetime,45,成品交期,APS_OrganizeDemandOrder,38243
LineName,nvarchar,45,产线,V_APS_ProcessPlanHistoryForMonth,45772
DayUpperCapacity,decimal,45,日产上限,V_APS_MOPlanStep4,45347
ItemName,nvarchar,45,物料名称,V_APS_PrepareView3,46336
ItemName,nvarchar,45,物料名称,V_APS_Report55,46314
IsSample,varchar,45,样品,V_APS_Report38,46838
DayUpperCapacity,decimal,45,日产上限,V_APS_MOPlanStep4V12,47054
Remark3,nvarchar,45,计划备注,V_APS_OrderPlanChange,47096
CustomerName,nvarchar,45,客户名称,V_APS_SalesOrderDetail_JDY,48189
RemarkSalesOrderInfo,nvarchar,46,群组,V_APS_MOPlanStep4,47551
Extend5,nvarchar,46,工单备注,V_APS_Report38,46842
ProcessViewSort,int,46,工序内排序,V_APS_ProcessPlan,36259
ProcessViewSort,int,46,工序内排序,APS_ProcessPlan,36231
ModifyedOn,datetime,46,修改日期,V_APS_Report59,32599
active,nvarchar,46,active,V_DictionaryField,8691
ModifyedOn,datetime,46,修改日期,V_APS_SalesOrderDetailDeliverFreeze,43879
ParentCode,varchar,46,上级编码,V_APS_Report60,39923
CapaSummary,nvarchar,47,纠正预防措施主要内容,V_APS_QualityAbnormalityCase,40694
Remark2,nvarchar,47,行备注,V_APS_PO,13985
Price,decimal,47,单价,V_APS_PlanExpendDetailHistory,20322
BTToltalPoints,int,47,点数,V_APS_ProcessPlanHistoryForWeek,48201
PCDeliveryDate,datetime,47,要求开工,V_APS_MOPlanStep4,45352
Status,int,48,状态,V_APS_Report31,45178
ToltalPoints,decimal,48,总点数,V_APS_ProcessPlanHistoryForWeek,48202
PreStartDate,datetime,48,前序开工,V_APS_MOPlanStep4,47878
Status,int,48,状态,V_APS_MOPlanStep1V3,47203
Capacity,decimal,48,标准产能,V_APS_OrderReworkCapacity,24099
DefaultAddValue,varchar,49,添加时的默认值,V_DictionaryField,10226
DeliveryDate,datetime,49,评审生产交期,V_APS_Order,631
OncheckQty,decimal,49,质检数,V_APS_PO,28985
SignleCapacity,decimal,49,人均产能,V_APS_OrderReworkCapacity,36959
IsCapaStandardized,nvarchar,49,纠正措施是否标准化,V_APS_QualityAbnormalityCase,40695
OrderParentTotalQPA,decimal,49,上级需求,V_APS_Report60,40264
Extend10,nvarchar,49,属性,V_APS_MOPlanStep5,47332
SuggestedStartDate,datetime,49,最早开工,V_APS_MOPlanStep4,46679
Extend18,nvarchar,49,制程名称,V_APS_ProcessPlanHistoryForWeek2,47825
ReplyDateStatus2,nvarchar,50,齐料日期,V_APS_MOPlanStep4,47853
Extend19,nvarchar,50,齐料日期,V_APS_ProcessPlanHistoryForWeek,48204
Extend9,nvarchar,50,扩展9,V_APS_MOPlanStep5,47333
SourceOrderNo,varchar,50,销售订单,V_APS_OrderPlanChange,47102
ItemSpec,nvarchar,50,规格型号,V_APS_Report55,46315
ItemSpec,nvarchar,50,规格型号,V_APS_PrepareView3,46337
SupplierDeliveryDate,datetime,50,S1供应商交期,V_APS_Report54,46080
Extend6,nvarchar,50,订单类型,V_APS_Report49,40219
CustomerCode,varchar,50,客户代码,V_APS_SalesOutStock,41552
ModifiedByName,nvarchar,50,维护人,V_APS_ProcessPartMaterial2,44243
IsConflict,varchar,50,冲突,V_APS_Report3,28654
ModifiedByName,nvarchar,50,修改姓名,V_DictionaryField,746
Status,int,50,状态,V_APS_Process,3149
MaterialID,bigint,50,料品ID,V_APS_Report20,26008
SourceOrderNo,varchar,50,销售订单,V_APS_OrderForm,25307
Extend10,nvarchar,50,属性,V_APS_Report32,17130
Remark1,nvarchar,51,备注,V_APS_PO,13984
ModifyedOn,datetime,51,修改日期,V_DictionaryField,748
CreatedByName,nvarchar,51,提交人,V_APS_QualityAbnormalityCase,40667
FinalDeliveryDate,datetime,51,ERP最终交期,V_APS_Order,40361
Extend8,nvarchar,51,分组,V_APS_MOPlanStep5,47334
FormRate8,varchar,51,齐套率,V_APS_ProcessPlanHistoryForWeek,48205
ReplyDate,datetime,51,最迟交期,V_APS_MOPlanStep4,47826
DeliveryRate,numeric,52,发料率,V_APS_ProcessPlanHistoryForWeek,48206
Extend7,int,52,生产版本,V_APS_MOPlanStep5,47335
Extend5,nvarchar,52,工单备注,V_APS_ProcessPlanHistoryForMonth,45782
DeliveryDate,datetime,52,生产交期,V_APS_MOPlanStep4,13810
Status,int,52,状态,V_APS_Report58,32471
MOInfo,varchar,52,关联工单,V_APS_Report3,29264
MaterialSpec,nvarchar,53,相关机种,V_APS_Report3,29266
Remark1,nvarchar,53,PC备注,V_APS_MOPlanStep4,13790
CustomerOrder,nvarchar,53,客户参考编号,V_APS_Order,40275
Extend6,nvarchar,53,单据类型,V_APS_PO,40185
SourceOrderNo,varchar,53,销售单,V_APS_ProcessPlanHistoryForMonth,45786
RouteNameAlIS,nvarchar,53,制程名称,V_APS_ProcessPlanHistoryForWeek,45811
MaterialType,varchar,53,物料类型,V_APS_MOPlanStep5,47336
CustomerName,nvarchar,53,客户名称,V_APS_ProcessPlanHistoryForWeek2,47888
Extend19,nvarchar,54,最迟交期,V_APS_ProcessPlanHistoryForWeek2,48187
PCB,varchar,54,PCB板,V_APS_ProcessPlanHistoryForWeek,48230
ProductionStatusDate,nvarchar,54,生产交期,V_APS_ProcessPlanHistoryForMonth,45787
StartDate,datetime,54,计划开始,V_APS_MOPlanStep4,13778
EndDate,datetime,55,计划完成,V_APS_MOPlanStep4,13779
CreatedOn,datetime,55,创建日期,V_APS_Process,3146
EXTEND12,varchar,55,厂区,V_APS_PO,27516
NoWorkHours,int,55,忽略工时,V_APS_MOPlanStep1V2,35936
CustomerName,nvarchar,55,客户名称,V_APS_SalesOutStock,41553
ModifyedOn,datetime,55,维护时间,V_APS_ProcessPartMaterial2,44245
FormRate8,varchar,55,齐套率,V_APS_MOPlanStep2V10,42746
SDeliveryDate2,datetime,55,S2供应商交期,V_APS_Report54,46081
QPA,decimal,55,用量,V_APS_PrepareView3,46338
QPA,decimal,55,用量,V_APS_Report55,46316
StencilNO,varchar,55,钢网,V_APS_ProcessPlanHistoryForWeek,48231
FormRate8,varchar,55,齐套率,V_APS_ProcessPlanHistoryForWeek2,48199
Extend5,nvarchar,55,工单备注,V_APS_OrderPlanChange,47103
FirstOweMaterialDate,datetime,55,上欠料时间,V_APS_Report3,46863
IsManualDIP,int,55,DIP手工焊,V_APS_Report38,46840
ModifiedByName,nvarchar,55,修改姓名,V_APS_Report3,46994
ModifyedOn,datetime,56,修改日期,V_APS_Report3,46995
DeliveryRate,numeric,56,发料率,V_APS_ProcessPlanHistoryForWeek2,48200
UnFormCount,int,56,齐料,V_APS_MOPlanStep2V10,46387
ModifyedOn,datetime,56,修改日期,V_APS_Process,3147
CompletionDate,datetime,57,完工日期,V_APS_Order,639
FormCount,int,57,欠料,V_APS_MOPlanStep2V10,46386
StockStatus,nvarchar,57,待检状态,V_APS_MaterialForecastBom,48236
FormQty,int,58,齐套数,V_APS_MOPlanStep2V10,46650
DeliveryRate,numeric,59,发料率,V_APS_MOPlanStep2V10,46977
CustomerName,nvarchar,59,客户名称,V_APS_Order,1235
ID,int,59,ID,V_DictionaryField,722
PCDeliveryDate,datetime,60,计划交期,V_APS_ProcessPlanHistoryForWeek,45770
PCDeliveryDate,datetime,60,计划交期,V_APS_ProcessPlanHistoryForWeek2,45851
ProductionStatusDate,nvarchar,60,生产交期,V_APS_MOPlanStep2V1,44854
DemandQty,decimal,60,需求数,V_APS_Report55,46317
DemandQty,decimal,60,需求数,V_APS_PrepareView3,46339
NewMaterialDate,datetime,60,新物料交期,V_APS_Report54,46082
TotalUnDeliveredCount,int,60,未发齐数,V_APS_MOPlanStep2V10,46979
Extend11,nvarchar,60,预警信息,V_APS_Report38,46964
ERPStartDate,datetime,60,计划开始,V_APS_OrderPlanChange,47104
POInfo,nvarchar,60,未交PO信息,V_APS_PrepareView2,29222
SupplCode,varchar,60,补充代码,V_APS_SalesOutStock,41543
OnHandQty,decimal,60,存货量,V_APS_OrderBOMProgress,39980
Remark1,nvarchar,61,备注,V_APS_ProcessPlanHistoryForWeek,45691
Remark1,nvarchar,61,备注,V_APS_ProcessPlanHistoryForWeek2,45848
FinalDeliveryDate,nvarchar,61,最终交期,V_APS_MOPlanStep2V1,44855
DeliveryDate_JDY,datetime,61,客供料交期,V_APS_Report54,46227
Codes,varchar,61,无答复交期,V_APS_MOPlanStep2V10,46664
ProcessPartName,nvarchar,61,工段,V_APS_PrepareView3,46353
Extend3,nvarchar,61,用户,V_APS_Order,39222
IsSample,nvarchar,62,样品,V_APS_MOPlanStep1V9,44792
Capacity,decimal,62,标准产能,V_APS_PrepareView3,46351
CodesDate,varchar,62,最迟答复交期(前三),V_APS_MOPlanStep2V10,46665
IsSample,nvarchar,62,样品,V_APS_MOPlanStep2V1,44856
ExpectTime,decimal,63,预计用时,V_APS_PrepareView3,46354
Extend13,int,63,委外,V_APS_MOPlanStep2V10,45861
Extend1,nvarchar,63,呆滞原因,V_APS_PrepareView6,41951
Extend1,nvarchar,63,呆滞原因,V_APS_MaterialOrg,41862
Extend2,nvarchar,64,责任部门,V_APS_MaterialOrg,41863
Extend2,nvarchar,64,责任部门,V_APS_PrepareView6,41952
Extend14,int,64,手帖,V_APS_MOPlanStep2V10,46380
DeliveryDate,datetime,65,订单交期,V_APS_Report55,46326
MacPasteDate,datetime,65,机贴日期,V_APS_Report54,46083
ERPEndDate,datetime,65,计划完工,V_APS_OrderPlanChange,47105
Extend3,nvarchar,65,下步处理对策,V_APS_PrepareView6,41953
Extend3,nvarchar,65,下步处理对策,V_APS_MaterialOrg,41864
Remark1,nvarchar,65,备注,V_APS_SalesOutStock,41535
Extend4,nvarchar,65,工单状态,V_APS_OrderBOMNoIssueQty,34648
WorkOrderTypeName,nvarchar,66,生产类型,V_APS_OrderBOMNoIssueQty,34649
ProductionStatusDate,datetime,66,生产交期,V_APS_Report54,41233
DeliveryDate,datetime,67,订单交期,V_APS_Report54,41153
HandleCompletionDate,datetime,67,处理完成日期,V_APS_MaterialOrg,41866
HandleCompletionDate,datetime,67,处理完成日期,V_APS_PrepareView6,41955
ModifiedByName,nvarchar,68,修改姓名,V_APS_PrepareView6,41957
ModifiedByName,nvarchar,68,修改姓名,V_APS_MaterialOrg,41884
ModifyedOn,datetime,69,修改日期,V_APS_MaterialOrg,41885
ModifyedOn,datetime,69,修改日期,V_APS_PrepareView6,41958
DataType,varchar,70,类型,V_APS_ProcessPlanHistoryForWeek2,45839
DataType,varchar,70,类型,V_APS_ProcessPlanHistoryForWeek,45741
OrderDate,datetime,70,下单日期,V_APS_Report54,46226
OrderDate,datetime,70,下单时间,V_APS_Report55,46325
SyncDatetime,datetime,70,运算时间,V_APS_Report3,46375
CreatedByName,nvarchar,70,操作人,V_APS_OrderPlanChange,21397
IsSample,varchar,71,样品,V_APS_MOPlanStep2V10,41765
Remark1,nvarchar,72,备注,V_APS_MOPlanStep2V10,47079
PCB,varchar,72,PCB板,V_APS_MOPlanStep2V10,47477
StencilNO,varchar,73,钢网,V_APS_MOPlanStep2V10,47478
TotalCountRank,bigint,73,总超订数量排名,V_APS_MaterialOrg,42181
AfterExecution,varchar,73,完成后执行,Dev_Dictionary,44422
OnOrderQty,decimal,75,已承诺,V_APS_OrderBOMProgress,39990
ChangeReason,nvarchar,75,改期原因,V_APS_OrderPlanChange,21385
BeforeUpdate,varchar,75,保存前事件,Dev_Dictionary,336
CustomerName,nvarchar,75,客户,V_APS_Report55,46320
Price,decimal,77,单价,V_APS_SchedulingPre,6500
Extend3,nvarchar,77,异常类型,V_APS_Report10,26728
ErrorType,varchar,77,缺失类型,V_APS_ProcessMaterialPartError,44521
Extend5,nvarchar,78,不达成原因,V_APS_Report10,26729
ProcessGroupID,varchar,78,返工工艺,V_APS_OrderRework,24181
IsContinueCapacity,int,78,沿用标准产能,V_APS_OrderRework,36971
ReplyDate,nvarchar,78,最迟交期,V_APS_SalesOrderDetail_JDY,48198
IsLackCapacity,varchar,79,产能缺失,V_APS_OrderRework,37003
AfterUpdate,varchar,79,保存后事件,Dev_Dictionary,337
CommitedQty,decimal,80,已订购,V_APS_OrderBOMProgress,39979
AbnormalType,nvarchar,80,异常类型,V_APS_OrderPlanChange,47113
CustomerName,nvarchar,80,客户名称,V_APS_Report38,46845
CapacityDataSource,nvarchar,80,产能类型,V_APS_PrepareView3,46372
WorkFlowInstanceID,varchar,81,班次ID,Dev_Dictionary,344
IsCusSupplied,int,82,客供料,V_APS_MaterialMaintain,46071
DutyUnit,nvarchar,85,责任部门,V_APS_OrderPlanChange,47115
AvailableQty,decimal,85,可用的,V_APS_OrderBOMProgress,39978
TaxPrice,decimal,86,含税单价,V_APS_BusinessOrderDetailReport,20996
TaxPriceAmount,decimal,88,价税合计,V_APS_BusinessOrderDetailReport,21025
IsPlan,varchar,88,计划预排,V_APS_ProcessMaterialPartError,46869
MESProcessGroupName,nvarchar,90,MES工艺,V_APS_Report38,46846
WidthScale,varchar,90,宽度比例,Dev_Dictionary,5177
CreatedByName,nvarchar,90,创建人,V_APS_Report44,30645
OpenQty,decimal,90,未清数量,V_APS_OrderBOMProgress,39981
SubstituteCode,varchar,91,备选物料,V_APS_OrderBOMProgress,40008
WareHouseCode,varchar,95,仓库编码,V_APS_OrderBOMProgress,39977
NoSchedulingWeek,bit,95,挂起,V_APS_ProcessPlanHistoryForMonth,45789
DataSource,nvarchar,96,单别,V_APS_OrderBOMProgress,42635
OrderType,nvarchar,96,类型,V_APS_OrderBOMProgress,42631
ERPStatus,nvarchar,97,ERP状态,V_APS_OrderBOMProgress,42632
OrderDate,datetime,100,下单时间,V_APS_SalesOrderDetailDelivery,36896
CreatedOn,datetime,100,创建时间,V_APS_Report44,30648
SyncDatetime,datetime,100,同步时间,Dev_Dictionary,33458
OrderDate,datetime,100,下单日期,V_APS_Report50,31387
Remark1,nvarchar,100,效率系数,V_APS_ProcessMaterial,134
Status,int,100,状态,V_Dev_Account,3849
ProcessGroupName,nvarchar,100,工艺,V_APS_ProcessPlanHistoryForMonth,45790
BTToltalPoints,int,100,SMT点数,V_APS_ProcessMaterial,44911
IsSetDayPlan,varchar,100,是否在滚动日计划,V_APS_MOPlanStep1V2,47075
Status,int,102,状态,APS_WorkingTimes,1364
PlanStartDate,datetime,102,APS开工期,V_APS_Order,41556
PCDeliveryDate,datetime,106,要求开工,V_APS_MOPlanStep4V12,47058
SuggestedStartDate,datetime,111,建议开工,V_APS_MOPlanStep4V12,47063
SyncDatetime,datetime,128,同步日期,V_APS_OrderForm,40717
StatusName,nvarchar,150,APS状态,V_APS_Order,661
SplitQty,decimal,152,拆单时数量,V_APS_OrderSplitLog,37958
OrderBomOrderDetailID,varchar,153,来源工单,V_APS_OrderSplitLog,37959
ICreatedByName,nvarchar,190,创建人,V_APS_SalesOrderDetailDelivery,36889
VisitDatetime,datetime,200,页面访问时间,Dev_Dictionary,33461
TreeField,varchar,200,树形字段,Dev_Dictionary,580
ParentField,varchar,200,上级字段,Dev_Dictionary,581
ObjectKeyfield,varchar,200,树形主键,Dev_Dictionary,622
GridOption,varchar,200,grid的其他配置,Dev_Dictionary,1497
MenuCode,varchar,200,菜单编码,Dev_Dictionary,999
Condition,varchar,200,查询条件,Dev_Dictionary,719
ProcessID,varchar,200,ID,V_APS_Process,3136
FormUrl,varchar,200,表单URL,Dev_Dictionary,5179
ChildDictionaryID,int,200,子表ID,Dev_Dictionary,5174
ChildPrimaryKey,varchar,200,子表关联字段,Dev_Dictionary,5175
DictPrimaryKey,varchar,200,主表关联字段,Dev_Dictionary,5176
DeleteForInsertCondition,varchar,200,添加前先清除的条件,Dev_Dictionary,6054
AfterDelete,varchar,200,删除后执行,Dev_Dictionary,10948
DeleteCondition,varchar,200,删除的条件,Dev_Dictionary,10949
BeforeDelete,varchar,200,删除前执行,Dev_Dictionary,10950
ForeignKey,varchar,200,"外键，多个按,分割",Dev_Dictionary,9535
ProcessGroupName,nvarchar,200,工艺,V_APS_Order,19093
ModifiedByName,nvarchar,200,修改姓名,V_APS_MOPlanStep2V10,23244
ModifyedOn,datetime,200,修改日期,V_APS_MOPlanStep2V10,23246
DataSource,nvarchar,200,APS类型,V_APS_Order,26900
ModifiedByName,nvarchar,200,修改姓名,APS_InterfaceSAP,39103
Extend5,nvarchar,200,工单备注,V_APS_MOPlanStep2V10,42754
Remark1,nvarchar,200,结果,APS_ProcessPartMaterialImport,44222
Remark2,nvarchar,200,错误解析,APS_ProcessPartMaterialImport,44223
OrganizeID,int,200,所属组织,V_APS_SalesOrderDetailDeliver3Total,43802
CreatedOn,datetime,200,创建日期,V_APS_ProcessPartMaterial,44190
CreatedByName,nvarchar,200,创建人,V_APS_ProcessPartMaterial,44187
ModifiedByName,nvarchar,200,修改人,V_APS_MOPlanStep2V1,44828
ModifyedOn,datetime,201,修改日期,V_APS_MOPlanStep2V1,44800
ModifyedOn,datetime,220,维护时间,APS_ProcessPartMaterialImport,44220
SourceOrderNo,varchar,300,销售单,V_APS_MOPlanStep2V10,42750
ModifiedBy,varchar,300,修改账号,V_APS_Report17,14957
ModifiedByName,nvarchar,300,修改姓名,V_APS_Report17,14958
CreatedByName,nvarchar,300,创建人,V_APS_ProcessMaterial,128
OrderDate,datetime,300,下单时间,V_APS_MOPlanStep2V1,44842
LastCalcTime1,datetime,300,最新计算时间,V_APS_MaterialForecastForm,44938
LastCalcUser1,nvarchar,300,最新计算人,V_APS_MaterialForecastForm,44939
LastCalcTime2,datetime,300,上次计算时间,V_APS_MaterialForecastForm,44940
LastCalcUser2,nvarchar,300,上次计算人,V_APS_MaterialForecastForm,44941
ModifiedByName,nvarchar,301,更新人,V_APS_ProcessMaterial,130
CreatedOn,datetime,302,创建日期,V_APS_ProcessMaterial,131
ModifyedOn,datetime,303,更新时间,V_APS_ProcessMaterial,132
Remark1,nvarchar,340,规则,APS_DeliveryData,25251
ModifiedByName,nvarchar,383,修改姓名,Dev_Dictionary,341
ModifyedOn,datetime,385,修改日期,Dev_Dictionary,343
CreatedOn,datetime,467,创建日期,Dev_Position,425
ModifyedOn,datetime,468,修改日期,Dev_Position,426
ProcessGroupName,nvarchar,500,工艺,V_APS_MaterialMaintain,21572
